nombre_comuna;nombre_barrio;zona;sitio_atencion;direccion_sitio_atencion;disciplina_y_o_actividad;Lunes;Martes;Miercoles;Jueves;Viernes;sabado;Domingo;hora_inicio;hora_fin;corregimiento;vereda;nivel deportivo;programa;MONITOR;nombre grupo
1;Terrón Colorado;Urbana;Unidad  recreativo  Tory Castro;CLL 19  #  4 BIS O- 50;ACUATICA;;Martes;;;;;;9:00.am;10:00.am;;;No aplica;ActivaMente;PAULO PLAZA;ACT-C-1-PAULO.PLAZA-G02-HIBROTERAPIA
1;Terrón Colorado;Urbana;CASA DE LA PAZ - TERRON COLORADO;Calle 21B oeste # 6-01;FUNCIONAL;;;Miercoles;Jueves;;;;7:00.am-7:00.am;8:00.am-8:00.am;;;No aplica;ActivaMente;PAULO PLAZA;ACT-C-1-PAULO.PLAZA-G03-TRANSFORMACION SOCIAL
1;Terrón Colorado;Urbana;Unidad  recreativo  Tory Castro;CLL 19  #  4 BIS O- 50;ACUATICA;;;Miercoles;;;;;7:00.pm;8:00.pm;;;No aplica;ActivaMente;PAULO PLAZA;ACT-C-1-PAULO.PLAZA-G05-HIBRO GYM
1;Aguacatal;Urbana;COLISEO CUBIERTO BAJO AGUACATAL;A 15 O # 10 - 00;FUNCIONAL;;;;Jueves;;;;8:00.am;9:00.am;;;No aplica;ActivaMente;PAULO PLAZA;ACT-C-1-PAULO.PLAZA-G06-NUEVO AMANECER
1;Terrón Colorado;Urbana;UNIDAD RECREATIVA TORY CASTRO;C 19 # 4 BIS O-50;ACTIVIDAD FÍSICA Y RECREACIÓN ADAPTADA;;;Miercoles;;Viernes;;;4:00.pm-4:00.pm;5:30.pm-5:30.pm;;;No aplica;Cali Incluyente;MARIO montenegro;CI - ACTIVIDAD FISICA Y RECREACIÓN ADAPTADA - C1 - G01
1;Terrón Colorado;Urbana;LOS COLORES DE MI INFANCIA;AV. 5 OE #24-33;JUEGO EN ACCION PARA UNA INFANCIA MEJOR;;Martes;;;;;;9:55.am;10:35.am;;;No aplica;Cali juega;DAYANA CARABALI;CJ-PI-C1-LCDI-AVE
1;Terrón Colorado;Urbana;LOS COLORES DE MI INFANCIA;AV. 5 OE #24-33;JUEGO EN ACCION PARA UNA INFANCIA MEJOR;;Martes;;;;;;9:15.am;9:55.am;;;No aplica;Cali juega;DAYANA CARABALI;CJ-PI-C1-LCDI-AYE
1;Terrón Colorado;Urbana;LOS COLORES DE MI INFANCIA;AV. 5 OE #24-33;JUEGO EN ACCION PARA UNA INFANCIA MEJOR;;Martes;;;;;;10:35.am;11:15.am;;;No aplica;Cali juega;DAYANA CARABALI;CJ-PI-C1-LCDI-PC
1;Aguacatal;Urbana;Cancha Multiple Bajo Aguacatal;Av. 14a Oeste #8 Oeste-1 a 8;acondicionamiento fisico;;;;Jueves;;;;7:00.pm;8:00.pm;;;No aplica;Carreras y Caminatas;ESTEFANIA CABEZAS;CYC-ACONDICIONAMIENTO FISICO-C18-ESTEFANIA CABEZAS-G03
1;Terrón Colorado;Urbana;CANCHA MULTIPLE VILLA DEL MAR;av 8va oeste #30c - 40;acondicionamiento fisico;;Martes;;;;;;8:10.am;9:10.am;;;No aplica;Carreras y Caminatas;HAMILTON DAVILA;VILLAS DE GUADALUPE
1;Terrón Colorado;Urbana;I.E ISAIAS GAMBOA- JOSE CELESTINO MUTIS;1706;RECREO DEPORTIVO;Lunes;;;;;;;8:00AM;9:00am;;;No aplica;Deporte Escolar;DIANA MURILLO;2127
1;Terrón Colorado;Urbana;I.E ISAIAS GAMBOA- ALEJANDRO CABAL POMBO;1722;RECREO DEPORTIVO;Lunes;;;;;;;7:00AM;8:35am;;;No aplica;Deporte Escolar;MARGARETH ESTACIO;2143
1;Terrón Colorado;Urbana;Cancha múltiple la Fortuna-;Av. 2 Oeste # 20b - 12;SESIONES LUDICOPEDAGOGICAS;;;;;;Sabado;;5:00.pm;6:00.pm;;;No aplica;Poblacion y Etnias;ANNY YALANDA;PYE-INDIGENA-C01- CANCHA MULTIPLE LA FORTUNA-ANNY YALANDA-G02
1;Terrón Colorado;Urbana;FUNDACION FRIDALRIS;AVENIDA 6 OESTE # 13-21 3ER PISO;SESIONES LUDICOPEDAGOGICAS;;;;;Viernes;;;6:30.pm;7:30.pm;;;No aplica;Poblacion y Etnias;MELISA TREJO;PYE-LGTBIQ+-COLECTIVOS-C1-FRIDAIRIS-MELISSA TREJOS-G04
1;Terron Colorado;Urbana;CANCHA DE FUTBOL TORY CASTRO;A 4 Oeste # 16;FUTBOL;Lunes;;Miercoles;;;;;14:30:00; 16:00:00;;;Irradiacion;Deporvida;FABIAN  POMEO RAMIREZ;-
1;Terron Colorado;Urbana;CANCHA DE FUTBOL TORY CASTRO;A 4 Oeste # 16;FUTBOL;;;;;Viernes;;;16:00:00; 17:30:00;;;Irradiacion;Deporvida;FABIAN  POMEO RAMIREZ;-
1;Terron Colorado;Urbana;CANCHA DE FUTBOL TORY CASTRO;A 4 Oeste # 16;FUTBOL;;;Miercoles;;;;;16:05:00; 17:30:00;;;Irradiacion;Deporvida;FABIAN  POMEO RAMIREZ;-
1;Terron Colorado;Urbana;CANCHA DE FUTBOL TORY CASTRO;A 4 Oeste # 16;FUTBOL;;;;;Viernes;;;14:30:00; 16:00:00;;;Irradiacion;Deporvida;FABIAN  POMEO RAMIREZ;-
1;Terron Colorado;Urbana;CANCHA DE FUTBOL TORY CASTRO;A 4 Oeste # 16;FUTBOL;Lunes;;;;;;;16:05:00; 17:30:00;;;Irradiacion;Deporvida;FABIAN  POMEO RAMIREZ;-
1;Terron Colorado;Urbana;CANCHA DE FUTBOL TORY CASTRO;A 4 Oeste # 16;FUTBOL;;;Miercoles;;Viernes;;;17:30:00; 19:00:00;;;Fundamentacion;Deporvida;FABIAN  POMEO RAMIREZ;-
1;Aguacatal;Urbana;COLISEO CUBIERTO BAJO AGUACATAL;A 15 Oeste # 10 00;FUTBOL SALA;Lunes;;Miercoles;;Viernes;;;18:00:00; 19:30:00;;;Base;Deporvida;SERGIO esteban JARAMILLO PARDO;-
1;Aguacatal;Urbana;COLISEO CUBIERTO BAJO AGUACATAL;A 15 Oeste # 10 00;FUTBOL SALA;Lunes;;Miercoles;;Viernes;;;19:30:00; 21:00:00;;;Irradiacion;Deporvida;SERGIO esteban JARAMILLO PARDO;-
1;Terron Colorado;Urbana;CANCHA DE FUTBOL PANORAMA;A 4 Oeste # 14 00;FUTBOL SALA;Lunes;;Miercoles;;;;;17:00:00; 19:00:00;;;Irradiacion;Deporvida;LUIS ENRIQUE VERGARA ;-
1;Terron Colorado;Urbana;CANCHA DE FUTBOL PANORAMA;A 4 Oeste # 14 00;FUTBOL SALA;Lunes;;Miercoles;;;;;19:00:00; 21:00:00;;;Fundamentacion;Deporvida;LUIS ENRIQUE VERGARA ;-
1;Terron Colorado;Urbana;CANCHA DE FUTBOL PANORAMA;A 4 Oeste # 14 00;FUTBOL SALA;;;;Jueves;;;;19:00:00; 20:29:00;;;Fundamentacion;Deporvida;LUIS ENRIQUE VERGARA ;-
1;Terron Colorado;Urbana;CANCHA DE FUTBOL PANORAMA;A 4 Oeste # 14 00;FUTBOL SALA;;Martes;;;;;;19:00:00; 20:30:00;;;Fundamentacion;Deporvida;LUIS ENRIQUE VERGARA ;-
1;Terron Colorado;Urbana;UNIDAD RECREATIVA TORY CASTRO;C 19 # 4 BIS Oeste 50;NATACION;Lunes;;Miercoles;;Viernes;;;16:30:00; 18:00:00;;;Apropiacion;Deporvida;PABLO  CALERO JIMENEZ;-
1;Terron Colorado;Urbana;UNIDAD RECREATIVA TORY CASTRO;C 19 # 4 BIS Oeste 50;NATACION;Lunes;;;;;;;15:00:00; 16:00:00;;;Base;Deporvida;PABLO  CALERO JIMENEZ;-
1;Terron Colorado;Urbana;UNIDAD RECREATIVA TORY CASTRO;C 19 # 4 BIS Oeste 50;NATACION;;;Miercoles;;Viernes;;;15:30:00; 16:30:00;;;Base;Deporvida;PABLO  CALERO JIMENEZ;-
1;Terron Colorado;Urbana;UNIDAD RECREATIVA TORY CASTRO;C 19 # 4 BIS Oeste 50;NATACION;Lunes;;Miercoles;;Viernes;;;14:00:00; 15:00:00;;;Base;Deporvida;PABLO  CALERO JIMENEZ;-
1;Vista Hermosa;Urbana;CANCHA DE FUTBOL 5 LAS PALMAS 1;C 7 Oeste # 27 00;FUTBOL;Lunes;;Miercoles;;;;;14:30:00; 16:00:00;;;Base;Deporvida;JOSE asdrubal ARIZA PIEDRAHITA;-
1;Vista Hermosa;Urbana;CANCHA DE FUTBOL 5 LAS PALMAS 1;C 7 Oeste # 27 00;FUTBOL;;Martes;;Jueves;;;;9:30:00; 11:00:00;;;Fundamentacion;Deporvida;JOSE asdrubal ARIZA PIEDRAHITA;-
2;Prados del Norte;Urbana;Parque Los Senderos;C 38N  # A 2BN - 00;FUNCIONAL;;;Miercoles;;Viernes;;;6:00.am-6:00.am;7:00.am-7:00.am;;;No aplica;ActivaMente;RAMIRO ÁLVAREZ;ACT-C-2-ANDRES.ALVAREZ-G01-MAS DORADOS
2;San Vicente;Urbana;CORPORACION PARA LA 3RA EDAD;AVE 2N # 32A - 05;FUNCIONAL;;Martes;;Jueves;;;;6:00.pm-6:00.pm;7:30.pm-7:30.pm;;;No aplica;ActivaMente;DIEGO MONTOYA;ACT-C-2-DIEGO.FERNANDO.M-G06-NUEVO ALDEMAR
2;Brisas de Los Alamos ;Urbana;Polideportivo Brisas de los  Alamos;Av2nte #75n-03;FUNCIONAL;Lunes;;;;;;;7:00.am;8:00.am;;;No aplica;ActivaMente;SERGIO LOPEZ;ACT-C-2-SERGIO.ANDRES.L-G01-UN NUEVO VIVIR
2;Vipasa;Urbana;Polideportivo Vipasa;A 3CN # 47BN - 00;FUNCIONAL;;Martes;;;;;;9:00.am;10:00.am;;;No aplica;ActivaMente;SERGIO LOPEZ;ACT-C-2-SERGIO.ANDRES.L-G02-ENTRENAMOS BRISA 1
2;La Flora;Urbana;PARQUE RINCON DE LA FLORA;CALLE 58N CON AVENIDA 3F NORTE;FUNCIONAL;;;Miercoles;;;;;7:30.am;8:30.am;;;No aplica;ActivaMente;SERGIO LOPEZ;ACT-C-2-SERGIO.ANDRES.L-G03-ENTRENAMOS FLORA
2;El Bosque;Urbana;Parque El Bosque;CALLE 50N CON AVE 8A Y 8B;FUNCIONAL;;;;Jueves;;;;7:00.am;8:00.am;;;No aplica;ActivaMente;SERGIO LOPEZ;ACT-C-2-SERGIO.ANDRES.L-G04-ARMONIA DEL BOSQUE
2;La Flora;Urbana;CONJUNTO RESIDENCIAL KANELA;Avenida 3 bis # 60N33;FUNCIONAL;Lunes;;;;;;;9:00.am;10:00.am;;;No aplica;ActivaMente;SERGIO LOPEZ;ACT-C-2-SERGIO.ANDRES.L-G05-SOÑADORES
2;Vipasa;Urbana;Polideportivo Vipasa;A 3CN # 47BN - 00;FUNCIONAL;;;;;Viernes;;;7:15.am;8:15.am;;;No aplica;ActivaMente;YULIAN CANDELO;ACT-C-2-YULIAN.CANDELO-G02-LAS AUDACES
2;Ciudad Los Alamos;Urbana;POLIDEPORTIVO CIUDAD LOS ALAMOS;AVE 2IN #61AN -00;FUNCIONAL;;Martes;;Jueves;;;;7:15.am-7:15.am;8:15.am-8:15.am;;;No aplica;ActivaMente;RAMIRO ÁLVAREZ;ACT-C2-ANDRES.ALVAREZ-G02-REJUVENECER
2;Prados del Norte;Urbana;UNIDAD RECREATIVA EL AVION;AVE 2 # 35AN 04;FUNCIONAL;;Martes;Miercoles;;;;;7:00.am-7:00.am;8:00.am-8:00.am;;;No aplica;ActivaMente;DIANA CARDONA;ACT-C2-DIANA,C.-G02-GAVIOTAS
2;La Flora;Urbana;Parque La Flora;avenida 5 norte con 47;FUNCIONAL;;;;Jueves;Viernes;;;6:00.am-6:00.am;7:00.am-7:00.am;;;No aplica;ActivaMente;DIANA CARDONA;ACT-C2-DIANA,C.-G05-FUENTE DE VIDA
2;El Bosque;Urbana;Parque El Bosque;CALLE 50N CON AVE 8A Y 8B;FUNCIONAL;Lunes;;;;Viernes;;;7:00.am-7:15.am;8:00.am-8:15.am;;;No aplica;ActivaMente;RAMIRO ÁLVAREZ;ACT-C2-RAMIRO.ALVAREZ-G03-ALEGRIA DE VIVIR
2;Prados del Norte;Urbana;Parque Los Senderos;C 38N  # A 2BN - 00;FUNCIONAL;;Martes;Miercoles;Jueves;;;;9:15.am-9:15.am-9:15.am;10:15.am-10:15.am-10:15.am;;;No aplica;ActivaMente;ANDRES ARIAS;ACT-FUNCIONAL-C2-ANDRES ARIAS-G01-SALUD Y VIDA
2;Urbanización La Flora;Urbana;PLAZUELA DE SANTA BARBARA;Calle 63 nte #3en-70;FUNCIONAL;Lunes;;;;Viernes;;;9:00.am-9:00.am;10:00.am-10:00.am;;;No aplica;ActivaMente;ANDRES ARIAS;ACT-FUNCIONAL-C2-ANDRES ARIAS-G02-MENTES ABIERTAS
2;AHDI- Alto Menga - Alto Vagón;Urbana;PARQUE ALTOS DE MENGA - EL POSO;AVE 8N # 52B - 67;FUNCIONAL;;Martes;;Jueves;;;;8:00.am-8:00.am;9:00.am-9:00.am;;;No aplica;ActivaMente;ANDRES ARIAS;ACT-FUNCIONAL-C2-ANDRES ARIAS-G03- PRIMAVERAL
2;San Vicente;Urbana;CORPORACION PARA LA 3RA EDAD;AVE 2N # 32A - 05;FUNCIONAL;Lunes;;Miercoles;;;;;9:00.am-9:00.am;10:00.am-10:00.am;;;No aplica;ActivaMente;JULIANA HENAO;ACT-FUNCIONAL-C2-JULIANA HENAO-G02- HORAS FELICES
2;San Vicente;Urbana;EDIFICIO DAGMA;Avenida 5AN #20-08;PAUSAS ACTIVAS;;Martes;;Jueves;;;;10:00.pm-10:00.am;12:00.am-12:00.pm;;;No aplica;ActivaMente;WENDY OCAMPO;ACT-PAUSAS ACTIVAS-C3-DAGMA.G03
2;Ciudad Los Alamos;Urbana;UNIDAD RECREATIVA RINCON  DE PACARA;A 2GN # 58N - 100;ACTIVIDAD FÍSICA Y RECREACIÓN ADAPTADA;;;Miercoles;;Viernes;;;10:30.am-10:30.am;12:00.pm-12:00.pm;;;No aplica;Cali Incluyente;DIANA BARONA;CI - ACTIVIDAD FISICA Y RECREACIÓN ADAPTADA - C2 - G01
2;Ciudad Los Alamos;Urbana;UNIDAD RECREATIVA RINCON DE PACARA;A 2GN # 58N - 100;ACTIVIDAD FÍSICA Y RECREACIÓN ADAPTADA;;;;Jueves;;;;2:00.pm;3:30.pm;;;No aplica;Cali Incluyente;EDUARDO ESCOBAR;CI - ACTIVIDAD FÍSICA Y RECREACIÓN ADAPTADA - C2 - G02
2;Santa Rita;Urbana;JARDIN BOTANICO;CRA 2 OESTE Nro 21 -121;CAMINATA;;;;;;;Domingo;6:30.am;8:30.am;;;No aplica;Carreras y Caminatas;KAROL PORTILLA;CAMINATA SENDERO JARDIN BOTANICO
2;Brisas de Los Alamos ;Urbana;CANCHA BRISAS DE LOS ALAMOS;AV 2N CLL 73N-Cancha del rio;acondicionamiento fisico;Lunes;;Miercoles;;Viernes;;;7:00.am-7:00.am-7:00.am;8:00.am-8:00.am-8:00.am;;;No aplica;Carreras y Caminatas;FROILAN LOPEZ;CYC-ACONDICIONAMIENTO FISICO-C2-FROILAN ESTEBAN LOPEZ-G01
2;Normandía;Urbana;PARQUE DEL GATO;AV 4 OESTE CON CALLE 13 OESTE;acondicionamiento fisico;;Martes;;Jueves;;;;7:00.pm-7:00.pm;9:00.pm-9:00.pm;;;No aplica;Carreras y Caminatas;LUIS BOLAÑOS;CYC-ACONDICIONAMIENTO FISICO-C2-LUIS FERNANDO BOLAÑOS-G01
2;Chipichape;Urbana;CAMINATAS MIRADOR GUACAS;AV 6DN #36N-18;CAMINATA;;;;;;;Domingo;6:30.am;9:00.am;;;No aplica;Carreras y Caminatas;KAROL PORTILLA;EVENTO CAMINATA MIRADOR GUACAS
2;Ciudad Los Alamos;Urbana;I.E TECNICO DE COMERCIO SANTA CECILIA- BRISAS DE LOS ALAMOS;1723;RECREO DEPORTIVO;;Martes;;;Viernes;;;7:00AM-7:00AM;8:00am-7:50am;;;No aplica;Deporte Escolar;JULIO OBREGON;2144
2;Ciudad Los Alamos;Urbana;I.E TECNICO DE COMERCIO SANTA CECILIA- BRISAS DE LOS ALAMOS;1724;RECREO DEPORTIVO;;Martes;;;Viernes;;;8:00AM-7:50AM;9:00am-8:40am;;;No aplica;Deporte Escolar;JULIO OBREGON;2145
2;Ciudad Los Alamos;Urbana;I.E TECNICO DE COMERCIO SANTA CECILIA- BRISAS DE LOS ALAMOS;1725;RECREO DEPORTIVO;;;;;Viernes;;;8:40AM;11:00am;;;No aplica;Deporte Escolar;JULIO OBREGON;2146
2;Ciudad Los Alamos;Urbana;I.E TECNICO DE COMERCIO SANTA CECILIA- BRISAS DE LOS ALAMOS;1726;RECREO DEPORTIVO;;;;Jueves;;;;7:00AM;8:40am;;;No aplica;Deporte Escolar;JULIO OBREGON;2147
2;Ciudad Los Alamos;Urbana;I.E TECNICO DE COMERCIO SANTA CECILIA- BRISAS DE LOS ALAMOS;1727;RECREO DEPORTIVO;;;;Jueves;;;;8:40AM;11:00am;;;No aplica;Deporte Escolar;JULIO OBREGON;2148
2;Ciudad Los Alamos;Urbana;I.E TECNICO DE COMERCIO SANTA CECILIA- BRISAS DE LOS ALAMOS;1728;RECREO DEPORTIVO;;;Miercoles;;;;;7:00AM;8:40am;;;No aplica;Deporte Escolar;JULIO OBREGON;2149
2;Ciudad Los Alamos;Urbana;I.E TECNICO DE COMERCIO SANTA CECILIA- BRISAS DE LOS ALAMOS;1729;RECREO DEPORTIVO;;;Miercoles;;;;;8:40AM;11:00am;;;No aplica;Deporte Escolar;JULIO OBREGON;2150
2;Santa Mónica;Urbana;FUNDACION HOGARES CLARET - SANTA MONICA RESIDENCIAL;Cl. 18 Nte. # 10-60;SESIONES LUDICOPEDAGOGICAS;;;Miercoles;;;;;10:00.am;11:00.am;;;No aplica;Poblacion y Etnias;SEBASTIAN MUÑOZ;PYE-T.D.E-CENTRO SOCIO-SANITARIO-SANTA ISABEL-C19-SEBASTIAN MUÑOZ-G01
2;Ciudad Los Alamos;Urbana;POLIDEPORTIVO CIUDAD LOS ALAMOS;K 61A Norte # 2I Norte 2;FUTBOL;Lunes;;Miercoles;;Viernes;;;17:00:00; 18:30:00;;222;Fundamentacion;Deporvida;RUBEN ARCANGEL SARMIENTO BETANCOURT;-
2;Ciudad Los Alamos;Urbana;POLIDEPORTIVO CIUDAD LOS ALAMOS;K 61A Norte # 2I Norte 2;FUTBOL;Lunes;;Miercoles;;Viernes;;;18:30:00; 20:00:00;;223;Fundamentacion;Deporvida;RUBEN ARCANGEL SARMIENTO BETANCOURT;-
2;Ciudad Los Alamos;Urbana;POLIDEPORTIVO CIUDAD LOS ALAMOS;K 61A Norte # 2I Norte 2;FUTBOL;;;Miercoles;;;;;8:00:00; 09:30:00;;224;Irradiacion;Deporvida;RUBEN ARCANGEL SARMIENTO BETANCOURT;-
2;Ciudad Los Alamos;Urbana;POLIDEPORTIVO CIUDAD LOS ALAMOS;K 61A Norte # 2I Norte 2;FUTBOL;;;;;Viernes;;;8:00:00; 21:30:00;;224;Irradiacion;Deporvida;RUBEN ARCANGEL SARMIENTO BETANCOURT;-
2;Ciudad Los Alamos;Urbana;UNIDAD RECREATIVA CIUDAD LOS ALAMOS;C 62N # 2F N 30;FUTBOL;;Martes;;Jueves;;;;16:30:00; 18:00:00;;235;Fundamentacion;Deporvida;PAULO CESAR LERMA WEIR;-
2;Ciudad Los Alamos;Urbana;UNIDAD RECREATIVA CIUDAD LOS ALAMOS;C 62N # 2F N 30;FUTBOL;;Martes;;Jueves;;;;14:30:00; 16:00:00;;256;Irradiacion;Deporvida;SADIEL ALEXIS GUAPACHA OROZCO;-
2;Ciudad Los Alamos;Urbana;UNIDAD RECREATIVA CIUDAD LOS ALAMOS;C 62N # 2F N 30;FUTBOL;;Martes;;Jueves;;;;18:30:00; 20:00:00;;257;Fundamentacion;Deporvida;SADIEL ALEXIS GUAPACHA OROZCO;-
2;Brisas de Los Alamos ;Urbana;UNIDAD RECREATIVA BRISAS DE LOS ALAMOS;A 2B 2 # 73N BIS 00;FUTBOL;;Martes;;Jueves;;;;14:30:00; 16:00:00;;379;Fundamentacion;Deporvida;PAULO CESAR LERMA WEIR;-
2;La Flora;Urbana;Parque de La Flora;A 5A Norte # 47 Norte;FUTBOL;Lunes;;Miercoles;;;;;19:00:00; 20:30:00;;381;Apropiacion;Deporvida;PAULO CESAR LERMA WEIR;-
2;Ciudad Los Alamos;Urbana;UNIDAD RECREATIVA CIUDAD LOS ALAMOS;C 62N # 2F N 30;FUTBOL;Lunes;;Miercoles;;;;;18:30:00; 19:45:00;;448;Irradiacion;Deporvida;SADIEL ALEXIS GUAPACHA OROZCO;-
2;Brisas de Los Alamos ;Urbana;UNIDAD RECREATIVA BRISAS DE LOS ALAMOS;A 2B 2 # 73N BIS 00;VOLEIBOL;;;Miercoles;Jueves;;;;8:00:00; 09:00:00;;258;Irradiacion;Deporvida;ROBIN  ROSERO CESPEDES;-
2;Brisas de Los Alamos ;Urbana;UNIDAD RECREATIVA BRISAS DE LOS ALAMOS;A 2B 2 # 73N BIS 00;VOLEIBOL;;;Miercoles;Jueves;;;;9:00:00; 10:00:00;;259;Irradiacion;Deporvida;ROBIN  ROSERO CESPEDES;-
2;Brisas de Los Alamos ;Urbana;UNIDAD RECREATIVA BRISAS DE LOS ALAMOS;A 2B 2 # 73N BIS 00;VOLEIBOL;;;;;Viernes;;;8:00:00; 09:00:00;;260;Irradiacion;Deporvida;ROBIN  ROSERO CESPEDES;-
2;Brisas de Los Alamos ;Urbana;UNIDAD RECREATIVA BRISAS DE LOS ALAMOS;A 2B 2 # 73N BIS 00;VOLEIBOL;;;;;Viernes;;;9:00:00; 10:00:00;;261;Irradiacion;Deporvida;ROBIN  ROSERO CESPEDES;-
2;Brisas de Los Alamos ;Urbana;UNIDAD RECREATIVA BRISAS DE LOS ALAMOS;A 2B 2 # 73N BIS 00;NATACION;;Martes;;Jueves;;;;16:30:00; 17:30:00;;231;Base;Deporvida;KAREN DAYANA CACERES ASPRILLA;-
2;Brisas de Los Alamos ;Urbana;UNIDAD RECREATIVA BRISAS DE LOS ALAMOS;A 2B 2 # 73N BIS 00;NATACION;;Martes;;Jueves;;;;17:30:00; 18:30:00;;232;Irradiacion;Deporvida;KAREN DAYANA CACERES ASPRILLA;-
2;Brisas de Los Alamos ;Urbana;UNIDAD RECREATIVA BRISAS DE LOS ALAMOS;A 2B 2 # 73N BIS 00;NATACION;;;;;Viernes;;;17:30:00; 18:30:00;;233;Irradiacion;Deporvida;KAREN DAYANA CACERES ASPRILLA;-
2;Brisas de Los Alamos ;Urbana;UNIDAD RECREATIVA BRISAS DE LOS ALAMOS;A 2B 2 # 73N BIS 00;NATACION;;Martes;;;;;;19:00:00; 20:00:00;;233;Irradiacion;Deporvida;KAREN DAYANA CACERES ASPRILLA;-
2;Ciudad Los Alamos;Urbana;CANCHA MÚLTIPLE LOS ALAMOS;A 2DN # 56N - 00;BMX FREESTYLE;;;Miercoles;Jueves;;;;5:00.pm-5:00.pm;6:30.pm-6:30.pm;;;No aplica;Vertigo;JUAN OSPINA;VT-BMXFREESTYLE-C2-JUAN OSPINA-G02
2;null;Urbana;CANCHA LA CUNA DE LA SEGUNDA NORTE;A 2 Norte # 60 Norte 00;FUTBOL;;Martes;;Jueves;;;;18:00:00; 20:00:00;-;-;Fundamentacion;Deporvida;RUBEN ARCANGEL SARMIENTO BETANCOURT;-
3;La Merced;Urbana;SECRETARIA DE CULTURA - CENTRO CULTURAL LA FES;CRA 5 # 6 - 05;PAUSAS ACTIVAS;Lunes;;Miercoles;;Viernes;;;10:00.am-10:00.am-10:00.am;12:00.pm-12:00.pm-12:00.pm;;;No aplica;ActivaMente;STEFANNY TORRES;ACT -C-3-STEFANY-T-G1-SECRETARIA DE CULTURA
3;Los Libertadores;Urbana;CASETA COMUNAL LIBERTADORES;CALLE 2B # 18 - 00;FUNCIONAL;;;;Jueves;;;;7:30.am;8:30.am;;;No aplica;ActivaMente;DIANA CARDONA;ACT-C-3-DIANA.CARDONA-G04-GIMNASIA.LIBERTADORES
3;San Nicolás;Urbana;PARQUE SAN NICOLAS;CALLE 20 CON CARRERA 6;FUNCIONAL;;;;Jueves;;;;8:10.am;9:09.am;;;No aplica;ActivaMente;EDWARD MONTENEGRO;ACT-C-4-HENRY.CORTES-G04-ACTIVOS SIEMPRE
3;La Merced;Urbana;Parque la Merced;CLL 47B # 2F - 36;FUNCIONAL;Lunes;;Miercoles;;;;;8:15.am-7:30.am;9:15.am-8:30.am;;;No aplica;ActivaMente;RAMIRO ÁLVAREZ;ACT-C2-RAMIRO.ALVAREZ-G04-LUCEROS
3;Los Libertadores;Urbana;CASETA COMUNAL LIBERTADORES;CALLE 2B # 18 - 00;FUNCIONAL;;;Miercoles;;;;;2:00.pm;3:00.pm;;;No aplica;ActivaMente;DIANA CARDONA;ACT-C3-DIANA,C.-G03-ALEGRIA
3;Los Libertadores;Urbana;CASETA COMUNAL LIBERTADORES;CALLE 2B # 18 - 00;FUNCIONAL;Lunes;;;;Viernes;;;8:00.am-7:30.am;9:00.am-8:30.am;;;No aplica;ActivaMente;ANDRES ARIAS;ACT-FUNCIONAL-C2-ANDRES ARIAS-G04- FORJADORAS DE SUEÑOS
3;La Merced;Urbana;SECRETARIA DE CULTURA - CENTRO CULTURAL LA FES;CRA 5 # 6 - 05;FUNCIONAL;Lunes;;Miercoles;;Viernes;;;10:00.am-10:00.am-10:00.am;12:00.pm-12:00.pm-12:00.pm;;;No aplica;ActivaMente;NATHALIA LABRADA;ACT-FUNCIONAL-C3-SECRETARIA DE CULTURA-G05
3;San Juan Bosco;Urbana;FUNDACION BOTERITOS - SAN JUAN BOSCO;K 14A # 6A-09;ACTIVIDAD FÍSICA Y RECREACIÓN ADAPTADA;Lunes;;;;;;;8:00.am;9:30.am;;;No aplica;Cali Incluyente;DIANA BARONA;CI - ACTIVIDAD FISICA Y RECREACIÓN ADAPTADA - C03 - G01
3;San Juan Bosco;Urbana;FUNDACION BOTERITOS - SAN JUAN BOSCO;K 14A # 6A-09;ACTIVIDAD FÍSICA Y RECREACIÓN ADAPTADA;Lunes;;;;;;;10:00.am;11:30.am;;;No aplica;Cali Incluyente;DIANA BARONA;CI - ACTIVIDAD FISICA Y RECREACIÓN ADAPTADA - C03 - G02
3;San Juan Bosco;Urbana;I.E SANTA LIBRADA;C 6A # 14-60;BALONCESTO AUDITIVO;Lunes;;Miercoles;;;;;11:00.am-11:00.am;12:30.pm-12:30.pm;;;No aplica;Cali Incluyente;EDUARDO ESCOBAR;CI - BALONCESTO ADITIVO - C03 - G01
3;San Pascual;Urbana;CALLE MOCHA SAN PASCUAL;Carrera 13 # 13-41;ENTRE RISAS Y JUEGOS;;;;;;Sabado;;9:00.am;11:00.am;;;No aplica;Cali juega;MANUEL LOPEZ;CJ-ER-C3-SP-COM
3;Los Libertadores;Urbana;I.E NORMAL SUPERIOR FARALLONES DE CALI;K 22 # 2-65;ENTRE RISAS Y JUEGOS;;;;Jueves;;;;8:00.am;8:45.am;;;No aplica;Cali juega;CARLOS MEZA;CJ-INF-C3-IENSF-MRM-PRIA
3;Los Libertadores;Urbana;I.E NORMAL SUPERIOR FARALLONES DE CALI;K 22 # 2-65;ENTRE RISAS Y JUEGOS;;;;Jueves;;;;8:45.am;9:15.am;;;No aplica;Cali juega;CARLOS MEZA;CJ-INF-C3-IENSF-MRM-PRIB
3;Los Libertadores;Urbana;I.E NORMAL SUPERIOR FARALLONES DE CALI;K 22 # 2-65;ENTRE RISAS Y JUEGOS;;;;Jueves;;;;9:15.am;10:00.am;;;No aplica;Cali juega;ESTHER MINA;CJ-INF-C3-IENSF-MRM-PRIC
3;Los Libertadores;Urbana;I.E NORMAL SUPERIOR FARALLONES DE CALI;K 22 # 2-65;ENTRE RISAS Y JUEGOS;;;;Jueves;;;;10:30.am;11:15.am;;;No aplica;Cali juega;ESTHER MINA;CJ-INF-C3-IENSF-MRM-PRID
3;Los Libertadores;Urbana;I.E NORMAL SUPERIOR FARALLONES DE CALI;K 22 # 2-65;ENTRE RISAS Y JUEGOS;;;;Jueves;;;;11:15.am;12:00.pm;;;No aplica;Cali juega;ESTHER MINA;CJ-INF-C3-IENSF-MRM-PRIE
3;Los Libertadores;Urbana;I.E NORMAL SUPERIOR FARALLONES DE CALI;K 22 # 2-65;ENTRE RISAS Y JUEGOS;;Martes;;;;;;8:00.am;8:45.am;;;No aplica;Cali juega;JORGE RAMOS;CJ-INF-C3-IENSF-MRM-SEGA
3;Los Libertadores;Urbana;I.E NORMAL SUPERIOR FARALLONES DE CALI;K 22 # 2-65;ENTRE RISAS Y JUEGOS;;Martes;;;;;;8:45.am;9:15.am;;;No aplica;Cali juega;JORGE RAMOS;CJ-INF-C3-IENSF-MRM-SEGB
3;Los Libertadores;Urbana;I.E NORMAL SUPERIOR FARALLONES DE CALI;K 22 # 2-65;ENTRE RISAS Y JUEGOS;;Martes;;;;;;9:15.am;10:00.am;;;No aplica;Cali juega;JORGE RAMOS;CJ-INF-C3-IENSF-MRM-SEGC
3;Los Libertadores;Urbana;I.E NORMAL SUPERIOR FARALLONES DE CALI;K 22 # 2-65;ENTRE RISAS Y JUEGOS;;Martes;;;;;;10:30.am;11:15.am;;;No aplica;Cali juega;CARLOS MEZA;CJ-INF-C3-IENSF-MRM-SEGD
3;Los Libertadores;Urbana;I.E NORMAL SUPERIOR FARALLONES DE CALI;K 22 # 2-65;ENTRE RISAS Y JUEGOS;;Martes;;;;;;11:15.am;12:00.pm;;;No aplica;Cali juega;CARLOS MEZA;CJ-INF-C3-IENSF-MRM-SEGE
3;El Nacional;Urbana;IE NORMAL SUPERIOR SEDE MARIA PERLAZA;Cl. 5 Oe. #182;ENTRE RISAS Y JUEGOS;;;Miercoles;;;;;10:00.am;10:45.am;;;No aplica;Cali juega;GILARID CASTAÑO;CJ-INF-C3-IENSF-SMP-QUINA
3;El Nacional;Urbana;IE NORMAL SUPERIOR SEDE MARIA PERLAZA;Cl. 5 Oe. #182;ENTRE RISAS Y JUEGOS;;;Miercoles;;;;;7:55.am;8:50.am;;;No aplica;Cali juega;SANTIAGO VEIRA;CJ-INF-C3-IENSF-SMP-TERA
3;El Nacional;Urbana;IE NORMAL SUPERIOR SEDE MARIA PERLAZA;Cl. 5 Oe. #182;ENTRE RISAS Y JUEGOS;;;Miercoles;;;;;10:15.am;11:00.am;;;No aplica;Cali juega;SANTIAGO VEIRA;CJ-INF-C3-IENSF-SMP-TERB
3;El Nacional;Urbana;IE NORMAL SUPERIOR SEDE MARIA PERLAZA;Cl. 5 Oe. #182;ENTRE RISAS Y JUEGOS;;;Miercoles;;;;;7:00.am;7:50.am;;;No aplica;Cali juega;SANTIAGO VEIRA;CJ-INF-C3-IENSF-SMP-TERC
3;El Nacional;Urbana;IE NORMAL SUPERIOR SEDE MARIA PERLAZA;Cl. 5 Oe. #182;ENTRE RISAS Y JUEGOS;;;Miercoles;;;;;8:50.am;9:45.am;;;No aplica;Cali juega;GILARID CASTAÑO;CJ-INF-C3-IENSF-SMP-TERD
3;El Nacional;Urbana;IE NORMAL SUPERIOR SEDE MARIA PERLAZA;Cl. 5 Oe. #182;ENTRE RISAS Y JUEGOS;;;Miercoles;;;;;12:00.pm;12:45.pm;;;No aplica;Cali juega;GILARID CASTAÑO;CJ-INF-C3-IENSF-SMP-TERE
3;San Pascual;Urbana;Casa Cabildo Eperara Siapidara;CALLE 6 A  # 13 - 60;SESIONES LUDICOPEDAGOGICAS;;;;;;;Domingo;4:00.pm;5:00.pm;;;No aplica;Poblacion y Etnias;ANGI CHIRIPUA;PYE-INDIGENA-C01- CABILDO EPERARA SIAPIDARA ADULTOS-ANGIE CHIRIPUA-G05
3;San Pascual;Urbana;Casa Cabildo Eperara Siapidara;CALLE 6 A  # 13 - 60;SESIONES LUDICOPEDAGOGICAS;;;;;;;Domingo;11:00.am;12:00.pm;;;No aplica;Poblacion y Etnias;ANGI CHIRIPUA;PYE-INDIGENA-C01- CABILDO EPERARA SIAPIDARA NIÑOS-ANGIE CHIRIPUA-G04
3;San Juan Bosco;Urbana;CASA SEMILLAS INGA;Carrera 12 # 10-38;SESIONES LUDICOPEDAGOGICAS;;Martes;;Jueves;;;;10:00.am-10:00.am;11:00.am-11:00.am;;;No aplica;Poblacion y Etnias;CRISTHIAN MUYUY;PYE-INDIGENA-C03- CASA SEMILLA INGA-CRISTHIAN MUYUY-G02
3;San Juan Bosco;Urbana;CASA SEMILLAS KICHWA;carrera 8 # 7 - 22;SESIONES LUDICOPEDAGOGICAS;;;Miercoles;;;;;9:30.am;10:30.am;;;No aplica;Poblacion y Etnias;KEREN CUÑAS;PYE-INDÍGENA-C03- CASA SEMILLA KURI MUYU- KEREN CUÑAS-G04
3;San Juan Bosco;Urbana;CASA SEMILLAS KICHWA;carrera 8 # 7 - 22;SESIONES LUDICOPEDAGOGICAS;;;;;Viernes;;;10:00.am;11:00.am;;;No aplica;Poblacion y Etnias;KEREN CUÑAS;PYE-INDÍGENA-C03- CASA SEMILLA KUSHI KAWSAY - KEREN CUÑAS-G05
3;Los Libertadores;Urbana;SEDE EUSTAQUIO PALACIOS;CARRERA 17 # 3A-55;SESIONES LUDICOPEDAGOGICAS;;Martes;;;;;;7:00.am;9:00.am;;;No aplica;Poblacion y Etnias;JHON YATACUE;PYE-INDÍGENA-C03- SEDE EUSTAQUIO PALACIOS- JHON YATACUE-G01
3;Los Libertadores;Urbana;SEDE EUSTAQUIO PALACIOS;CARRERA 17 # 3A-55;SESIONES LUDICOPEDAGOGICAS;;;Miercoles;;;;;7:00.am;9:00.am;;;No aplica;Poblacion y Etnias;RIGOBERTO HORMIGA;PYE-INDÍGENA-C03- SEDE EUSTAQUIO PALACIOS- RIGOBERTO HORMIGA-G01
3;Los Libertadores;Urbana;SEDE EUSTAQUIO PALACIOS;CARRERA 17 # 3A-55;SESIONES LUDICOPEDAGOGICAS;;;Miercoles;;;;;9:00.am;11:45.am;;;No aplica;Poblacion y Etnias;RIGOBERTO HORMIGA;PYE-INDÍGENA-C03- SEDE EUSTAQUIO PALACIOS- RIGOBERTO HORMIGA-G02
3;Los Libertadores;Urbana;SEDE EUSTAQUIO PALACIOS;CARRERA 17 # 3A-55;SESIONES LUDICOPEDAGOGICAS;;Martes;;Jueves;;;;7:00.am-7:00.am;8:00.am-8:00.am;;;No aplica;Poblacion y Etnias;CRISTHIAN MUYUY;PYE-INDIGENA-C03- SEDE EUSTAQUIO PALACIOS-CRISTHIAN MUYUY-G01
3;Los Libertadores;Urbana;SEDE EUSTAQUIO PALACIOS;CARRERA 17 # 3A-55;SESIONES LUDICOPEDAGOGICAS;;;;;Viernes;;;7:00.am;9:00.am;;;No aplica;Poblacion y Etnias;CRISTHIAN MUYUY;PYE-INDIGENA-C03- SEDE EUSTAQUIO PALACIOS-CRISTHIAN MUYUY-G05
3;San Pascual;Urbana;SEDE LUIS CARLOS PEÑA;CALLE 7 # 14 - 36;SESIONES LUDICOPEDAGOGICAS;;Martes;;;;;;9:30.am;10:30.am;;;No aplica;Poblacion y Etnias;ANGI CHIRIPUA;PYE-INDIGENA-C03- SEDE LUIS CARLOS PEÑA- ANGIE CHIRIPUA-G01
3;San Pascual;Urbana;SEDE LUIS CARLOS PEÑA;CALLE 7 # 14 - 36;SESIONES LUDICOPEDAGOGICAS;;Martes;;;;;;10:30.am;11:30.am;;;No aplica;Poblacion y Etnias;ANGI CHIRIPUA;PYE-INDIGENA-C03- SEDE LUIS CARLOS PEÑA- ANGIE CHIRIPUA-G02
3;San Pascual;Urbana;SEDE LUIS CARLOS PEÑA;CALLE 7 # 14 - 36;SESIONES LUDICOPEDAGOGICAS;;Martes;;;;;;10:00.am;11:00.am;;;No aplica;Poblacion y Etnias;KEREN CUÑAS;PYE-INDIGENA-C03- SEDE LUIS CARLOS PEÑA- KEREN CUÑAS-G01
3;San Pascual;Urbana;SEDE LUIS CARLOS PEÑA;CALLE 7 # 14 - 36;SESIONES LUDICOPEDAGOGICAS;;Martes;;;;;;7:00.am;8:00.am;;;No aplica;Poblacion y Etnias;KEREN CUÑAS;PYE-INDIGENA-C03- SEDE LUIS CARLOS PEÑA- KEREN CUÑAS-G02
3;San Nicolás;Urbana;SEDE SANTIAGO DE CALI;CALLE 17;SESIONES LUDICOPEDAGOGICAS;;;Miercoles;;;;;7:00.am;9:00.am;;;No aplica;Poblacion y Etnias;KEREN CUÑAS;PYE-INDIGENA-C03- SEDE SANTIAGO DE CALI- KEREN CUÑAS-G03
3;San Nicolás;Urbana;SEDE SANTIAGO DE CALI;CALLE 17;SESIONES LUDICOPEDAGOGICAS;;;Miercoles;;;;;7:00.am;9:00.am;;;No aplica;Poblacion y Etnias;ANGI CHIRIPUA;PYE-INDIGENA-C03-SEDE SANTIAGO DE CALI- ANGIE CHIRIPUA -G03
3;San Nicolás;Urbana;SEDE SANTIAGO DE CALI;CALLE 17;SESIONES LUDICOPEDAGOGICAS;;Martes;;;;;;7:00.am;9:00.am;;;No aplica;Poblacion y Etnias;EDWIN FERNÁNDEZ;PYE-INDIGENA-C03-SEDE SANTIAGO DE CALI- EDWIN FERNANDEZ – G05
3;San Nicolás;Urbana;SEDE SANTIAGO DE CALI;CALLE 17;SESIONES LUDICOPEDAGOGICAS;;Martes;;;;;;7:00.am;9:00.am;;;No aplica;Poblacion y Etnias;liset lopez;PYE-INDIGENA-C03-SEDE SANTIAGO DE CALI- LICET CORDOBA – G04
3;San Nicolás;Urbana;SEDE SANTIAGO DE CALI;CALLE 17;SESIONES LUDICOPEDAGOGICAS;;Martes;;;;;;9:30.am;11:30.am;;;No aplica;Poblacion y Etnias;liset lopez;PYE-INDIGENA-C03-SEDE SANTIAGO DE CALI- LICET CORDOBA – G05
3;San Nicolás;Urbana;SEDE SANTIAGO DE CALI;CALLE 17;SESIONES LUDICOPEDAGOGICAS;;;Miercoles;;;;;7:00.am;9:00.am;;;No aplica;Poblacion y Etnias;CRISTHIAN MUYUY;PYE-INDIGENA-C03-SEDE SANTIAGO DE CALI-CRISTHIAN MUYUY-G03
3;San Nicolás;Urbana;SEDE SANTIAGO DE CALI;CALLE 17;SESIONES LUDICOPEDAGOGICAS;;;Miercoles;;;;;9:30.am;11:30.am;;;No aplica;Poblacion y Etnias;CRISTHIAN MUYUY;PYE-INDIGENA-C03-SEDE SANTIAGO DE CALI-CRISTHIAN MUYUY-G04
3;Los Libertadores;Urbana;SEDE EUSTAQUIO PALACIOS;CARRERA 17 # 3A-55;SESIONES LUDICOPEDAGOGICAS;;;;Jueves;;;;7:00.am;9:00.am;;;No aplica;Poblacion y Etnias;JHON YATACUE;PYE-INDIGENA-C3-SEDE EUSTAQUIO PALACIOS-JHON YATACUE -G04
3;San Nicolás;Urbana;CAT SAN NICOLAS;TRANSVERSAL 25# 31-116;SESIONES LUDICOPEDAGOGICAS;;;;Jueves;;;;10:00.am;11:00.am;;;No aplica;Poblacion y Etnias;DIEGO HURTADO;PYE-INTRAMURAL-C3- SAN NICOLAS - DIEGO HURTADO-G04
3;San Nicolás;Urbana;CAT SAN NICOLAS;TRANSVERSAL 25# 31-116;SESIONES LUDICOPEDAGOGICAS;;;;Jueves;;;;9:00.am;10:00.am;;;No aplica;Poblacion y Etnias;DIEGO HURTADO;PYE-INTRAMURAL-C3- SAN NICOLAS DIEGO HURTADO-G03
3;San Pascual;Urbana;Arc/Asoboce/Amure/Furvin (RECICLADORES DE OFICIO);K 14  # 13 -00;SESIONES LUDICOPEDAGOGICAS;;;;Jueves;;;;6:00.pm;8:00.pm;;;No aplica;Poblacion y Etnias;GUIDO CUELLAR;PYE-RECICLADORES-21-ANTODAY- GUIDO MAURCIO CUELLAR-G4
3;San Juan Bosco;Urbana;ARC BODEGA DE RECICLAJE;CRA 14   18 - 24;SESIONES LUDICOPEDAGOGICAS;;;Miercoles;;;;;3:00.pm;4:00.pm;;;No aplica;Poblacion y Etnias;SERGIO GAVIRIA;PYE-RECICLADORES-C3-ARC-SERGIO DAVID GAVIRIA SATIZÁBAL-G01
3;San Juan Bosco;Urbana;FUNACION SAMARITANOS HOGAR DE PASO SAN BOSCO;calle 8 # 12 - 37;SESIONES LUDICOPEDAGOGICAS;;Martes;;;;;;9:00.am;10:00.am;;;No aplica;Poblacion y Etnias;JACKY SILVA;PYE-SAMARITANOS-SAN BOSCO-MAÑANA
3;Santa Rosa;Urbana;FUNDACION SAMARITANOS HOGAR DE PASO DIA SANTA ROSA;calle 7 # 10 - 47;SESIONES LUDICOPEDAGOGICAS;;;;;Viernes;;;10:00.am;11:00.am;;;No aplica;Poblacion y Etnias;GERARDO SOLIS;PYE-SAMARITANOS-SANTA ROSA- MAÑANA
3;Santa Rosa;Urbana;FUNDACION SAMARITANOS HOGAR DE PASO DIA SANTA ROSA;calle 7 # 10 - 47;SESIONES LUDICOPEDAGOGICAS;;Martes;;;;;;8:00.pm;12:00.am;;;No aplica;Poblacion y Etnias;GERARDO SOLIS;PYE-SAMARITANOS-SANTA ROSA-TARDE
3;El Piloto;Urbana;SAMARITANOS DE LA CALLE SERGENTE;Calle 23B # 2NTE-119;SESIONES LUDICOPEDAGOGICAS;;;;Jueves;;;;10:00.am;11:00.am;;;No aplica;Poblacion y Etnias;GERARDO SOLIS;PYE-SERGENTE-DIA-T.D.E.
3;El Piloto;Urbana;SAMARITANOS DE LA CALLE SERGENTE;Calle 23B # 2NTE-119;SESIONES LUDICOPEDAGOGICAS;;;Miercoles;;;;;5:00.pm;6:00.pm;;;No aplica;Poblacion y Etnias;JACKY SILVA;PYE-SERGENTE-TARDE-T.D.E.
3;San Juan Bosco;Urbana;Samaritanos de la Calle;K 12 #10-60;SESIONES LUDICOPEDAGOGICAS;;;;Jueves;;;;12:00.am;4:00.am;;;No aplica;Poblacion y Etnias;GERARDO SOLIS;PYE-SUCRE-LA BOMBONERA
3;San Juan Bosco;Urbana;Samaritanos de la Calle;K 12 #10-60;SESIONES LUDICOPEDAGOGICAS;;;Miercoles;;;;;12:00.am;4:00.am;;;No aplica;Poblacion y Etnias;SEBASTIAN MUÑOZ;PYE-T.D.E-PARQUE OBRERO-C9-SEBASTIAN MUÑOZ-G02
3;San Juan Bosco;Urbana;Samaritanos de la Calle;K 12 #10-60;SESIONES LUDICOPEDAGOGICAS;;;Miercoles;;;;;2:30.pm;3:30.pm;;;No aplica;Poblacion y Etnias;SEBASTIAN MUÑOZ;PYE-T.D.E-SAMARITANOS-ADULTO-MAYOR-SUCRE-C09-SEBASTIAN MUÑOZ-G04
3;San Juan Bosco;Urbana;FUNACION SAMARITANOS HOGAR DE PASO SAN BOSCO;calle 8 # 12 - 37;SESIONES LUDICOPEDAGOGICAS;;;;;Viernes;;;12:00.pm;4:00.pm;;;No aplica;Poblacion y Etnias;DANITSA NUÑEZ;PYE-T.D.E-SAMARITANOS-SAN BOSCO-NOCHE
3;Santa Rosa;Urbana;FUNDACION SAMARITANOS HOGAR DE PASO DIA SANTA ROSA;calle 7 # 10 - 47;SESIONES LUDICOPEDAGOGICAS;Lunes;;;;;;;12:00.pm;4:00.pm;;;No aplica;Poblacion y Etnias;DANITSA NUÑEZ;PYE-T.D.E-SAMARITANOS-SANTA ROSA-NOCHE
3;San Juan Bosco;Urbana;FUNACION SAMARITANOS HOGAR DE PASO SAN BOSCO;calle 8 # 12 - 37;SESIONES LUDICOPEDAGOGICAS;;;;Jueves;;;;9:30.am;10:30.am;;;No aplica;Poblacion y Etnias;CARLOS ZAPATA;PYE-T.D.E.-SAMARITANOS-ADULTO-MAYOR-SAN BOSCO-G-DIA-JUEVES
3;El Nacional;Urbana;INSTITUCION EDUCATIVA ESCUELA NORMAL SUPERIOR SEDE FARALLONES;K 22 # 2 65;BOXEO;Lunes;;Miercoles;;;;;14:00:00; 16:00:00;;411;Fundamentacion;Deporvida;NELSON ENRIQUE BRAVO VILLARREAL;-
3;San Pedro;Urbana;CALLE LA ESCOPETA;K 3 #6-00;PARKOUR;;Martes;;Jueves;;;;7:00.pm-7:00.pm;8:30.pm-8:30.pm;;;No aplica;Vertigo;WALTER RODRIGUEZ;VT-PARKOUR-C3-WALTER RODRIGEZ-G02
4;Salomia;Urbana;SECRETARIA DE MOVILIDAD;CARRERA 3 # 56 90;PAUSAS ACTIVAS;;;Miercoles;;;;;9:00.am;10:00.am;;;No aplica;ActivaMente;STEFANNY TORRES;ACT -C-3-STEFANY-T-G4-SECRETARIA DE MOVILIDAD - PLAZA DE CAICEDO
4;Salomia;Urbana;SECRETARIA DE MOVILIDAD;CARRERA 3 # 56 90;PAUSAS ACTIVAS;;Martes;;Jueves;;;;11:30.am-11:30.am;12:30.pm-12:30.pm;;;No aplica;ActivaMente;STEFANNY TORRES;ACT -C-4-STEFANY-T-G2-SECRETARIA DE MOVILIDAD -- OFICINAS
4;Salomia;Urbana;SECRETARIA DE MOVILIDAD;CARRERA 3 # 56 90;PAUSAS ACTIVAS;;Martes;;Jueves;;;;12:45.pm-12:45.pm;4:45.pm-4:45.pm;;;No aplica;ActivaMente;STEFANNY TORRES;ACT -C-4-STEFANY-T-G3-SECRETARIA DE MOVILIDAD -- FORMACION GUARDAS
4;Popular;Urbana;IPS Popular;K 2 # 45AN - 77;FUNCIONAL;Lunes;;;;Viernes;;;8:15.am-8:30.am;9:15.am-9:30.am;;;No aplica;ActivaMente;EDWARD MONTENEGRO;ACT-C-4-EDWAR.MONTENEGRO-G01-CARDIOVASCULAR
4;Popular;Urbana;IPS Popular;K 2 # 45AN - 77;FUNCIONAL;;Martes;;Jueves;;;;7:00.am-7:30.am;8:00.am-8:30.am;;;No aplica;ActivaMente;EDWARD MONTENEGRO;ACT-C-4-EDWAR.MONTENEGRO-G02-BELLO.ARCOIRIS
4;Popular;Urbana;IPS Popular;K 2 # 45AN - 77;FUNCIONAL;;;Miercoles;;;;;8:00.am;9:00.am;;;No aplica;ActivaMente;EDWARD MONTENEGRO;ACT-C-4-EDWAR.MONTENEGRO-G03-ALIANZA
4;Salomia;Urbana;Parque Recreativo las Bodegas de Salomia;Calles 45 y 45A,  Carrera 1F;FUNCIONAL;;;Miercoles;;;;;8:00.am;9:00.am;;;No aplica;ActivaMente;EDWARD MONTENEGRO;ACT-C-4-EDWUARD.MONTENEGRO-G03-ALIANZA
4;Las Delicias;Urbana;CANCHA MULTIPLE LAS DELICIAS;C 39 CON K 4;FUNCIONAL;Lunes;;Miercoles;;;;;6:00.pm-6:00.pm;7:00.pm-7:00.pm;;;No aplica;ActivaMente;JOSE CORTES;ACT-C-4-HENRY.CORTES-G03-JUVENTUD DEL AYER
4;Las Delicias;Urbana;CANCHA MULTIPLE LAS DELICIAS;C 39 CON K 4;PRUEBA DE RUMBA;;Martes;;Jueves;;;;7:00.pm-7:00.pm;8:00.pm-8:00.pm;;;No aplica;ActivaMente;LISBETH CASTAÑO;ACT-C-4-LISBETH CAROLINA C-G04-LAS DELICIAS
4;Salomia;Urbana;Parque Recreativo Bajo Salomia;K 5  # 59 - 00;FUNCIONAL;;;Miercoles;;Viernes;;;7:00.am-7:00.am;8:00.am-8:00.am;;;No aplica;ActivaMente;DIEGO MONTOYA;ACT-C-5-DIEGO.FERNANDO.M-G01-LAS MARAVILLAS DE DIOS
4;Salomia;Urbana;PARQUE BIBLIOTECA SENA SALOMIA;Cll 46C con Cra 3A;PRUEBA DE RUMBA;;;;;Viernes;;;6:30.pm;8:30.pm;;;No aplica;ActivaMente;LISBETH CASTAÑO;ACT-C-5-LISBETH CAROLINA C-G06-LOS SALSEROS
4;Salomia;Urbana;PARQUE BIBLIOTECA SENA SALOMIA;Cll 46C con Cra 3A;PRUEBA DE RUMBA;Lunes;;Miercoles;;;;;6:30.pm-6:30.pm;8:00.pm-8:00.pm;;;No aplica;ActivaMente;LISBETH CASTAÑO;ACT-C-5-LISBETHCAROLINA.C-G01-ENERGY FT RUMBA
4;La Esmeralda;Urbana;CANCHA MULTIPLE  LA ESMERALDA;Carrera 6b #41-40;FUNCIONAL;Lunes;;;Jueves;;;;8:30.am-8:30.am;9:30.am-9:30.am;;;No aplica;ActivaMente;JHON VELASCO;ACT-C4-JHON.VELASCO-G02-ESMERALDAS
4;Las Delicias;Urbana;Colegio República de Israel;K 3 # 43 - 49;ACTIVIDAD FÍSICA Y RECREACIÓN ADAPTADA;Lunes;Martes;;;;;;3:00.pm-3:00.pm;4:30.pm-4:30.pm;;;No aplica;Cali Incluyente;DIANA BARONA;CI - ACTIVIDAD FISICA Y RECREACIÓN ADAPTADA - C04 - G01
4;Marco Fidel Suárez;Urbana;Casa Comunal Marco Fidel Suarez;C 46B # 2N-35;ACTIVIDAD FÍSICA Y RECREACIÓN ADAPTADA;;Martes;;Jueves;;;;3:00.pm-5:00.pm;4:30.pm-6:00.pm;;;No aplica;Cali Incluyente;JUAN BERON;CI - ACTIVIDAD FISICA Y RECREACIÓN ADAPTADA - C4 - G03
4;Santander;Urbana;CENTRO COMERCIAL ESTACION;CRA 1 ENTRE CLL 36 Y 38;acondicionamiento fisico;Lunes;;Miercoles;;;;;6:30.pm-6:30.pm;7:30.pm-7:30.pm;;;No aplica;Carreras y Caminatas;LUIS BOLAÑOS;CYC-ACONDICIONAMIENTO FISICO-C4-LUIS FERNANDO BOLAÑOS-G03
4;Sultana   Berlín   San Francisco;Urbana;I.E VEINTE DE JULIO- JOSE IGNACIO RENGIFO;1641;RECREO DEPORTIVO;;Martes;;;;;;6:30AM;8:20am;;;No aplica;Deporte Escolar;JORGE AGUDELO;2062
4;Sultana   Berlín   San Francisco;Urbana;I.E VEINTE DE JULIO- JOSE IGNACIO RENGIFO;1642;RECREO DEPORTIVO;;Martes;;Jueves;;;;8:20AM-8:20AM;9:15am-9:15am;;;No aplica;Deporte Escolar;JORGE AGUDELO;2063
4;Sultana   Berlín   San Francisco;Urbana;I.E VEINTE DE JULIO- JOSE IGNACIO RENGIFO;1644;RECREO DEPORTIVO;;;Miercoles;;;;;7:25AM;8:20am;;;No aplica;Deporte Escolar;JORGE AGUDELO;2065
4;Sultana   Berlín   San Francisco;Urbana;I.E VEINTE DE JULIO- JOSE IGNACIO RENGIFO;1645;RECREO DEPORTIVO;;;Miercoles;;;;;8:20AM;9:15am;;;No aplica;Deporte Escolar;JORGE AGUDELO;2066
4;Sultana   Berlín   San Francisco;Urbana;I.E VEINTE DE JULIO- JOSE IGNACIO RENGIFO;1647;RECREO DEPORTIVO;;;;Jueves;;;;6:30AM;8:20am;;;No aplica;Deporte Escolar;JORGE AGUDELO;2068
4;Sultana   Berlín   San Francisco;Urbana;I.E VEINTE DE JULIO- JOSE IGNACIO RENGIFO;1651;RECREO DEPORTIVO;;;;Jueves;;;;6:30AM;8:20am;;;No aplica;Deporte Escolar;JORGE AGUDELO;2072
4;Sultana   Berlín   San Francisco;Urbana;I.E VEINTE DE JULIO- JOSE IGNACIO RENGIFO;1652;RECREO DEPORTIVO;;;;Jueves;;;;8:20AM;9:15am;;;No aplica;Deporte Escolar;JORGE AGUDELO;2073
4;Sultana   Berlín   San Francisco;Urbana;I.E VEINTE DE JULIO- JOSE IGNACIO RENGIFO;1658;RECREO DEPORTIVO;;Martes;;;;;;8:40AM;9:20am;;;No aplica;Deporte Escolar;BRIAN ROBLES;2079
4;Sultana   Berlín   San Francisco;Urbana;I.E VEINTE DE JULIO- JOSE IGNACIO RENGIFO;1659;RECREO DEPORTIVO;;Martes;;;;;;9:40PM;11:45am;;;No aplica;Deporte Escolar;BRIAN ROBLES;2080
4;Sultana   Berlín   San Francisco;Urbana;I.E VEINTE DE JULIO- JOSE IGNACIO RENGIFO;1660;RECREO DEPORTIVO;;;Miercoles;;;;;9:40AM;10:40am;;;No aplica;Deporte Escolar;BRIAN ROBLES;2081
4;Sultana   Berlín   San Francisco;Urbana;I.E VEINTE DE JULIO- JOSE IGNACIO RENGIFO;1661;RECREO DEPORTIVO;;;Miercoles;;;;;10:40AM;11:45am;;;No aplica;Deporte Escolar;BRIAN ROBLES;2082
4;Sultana   Berlín   San Francisco;Urbana;I.E VEINTE DE JULIO- JOSE IGNACIO RENGIFO;1662;RECREO DEPORTIVO;;;;Jueves;;;;8:40AM;9:20am;;;No aplica;Deporte Escolar;BRIAN ROBLES;2083
4;Sultana   Berlín   San Francisco;Urbana;I.E VEINTE DE JULIO- JOSE IGNACIO RENGIFO;1663;RECREO DEPORTIVO;;;;Jueves;;;;9:40AM;10:40am;;;No aplica;Deporte Escolar;BRIAN ROBLES;2084
4;Sultana   Berlín   San Francisco;Urbana;I.E VEINTE DE JULIO- JOSE IGNACIO RENGIFO;1664;RECREO DEPORTIVO;;;;Jueves;;;;10:40AM;11:45am;;;No aplica;Deporte Escolar;BRIAN ROBLES;2085
4;Sultana   Berlín   San Francisco;Urbana;I.E VEINTE DE JULIO- JOSE IGNACIO RENGIFO;1665;RECREO DEPORTIVO;;;;;Viernes;;;9:40AM;11:40am;;;No aplica;Deporte Escolar;BRIAN ROBLES;2086
4;Flora Industrial;Urbana;I.E INEM JORGE ISAAC - INEM- LAS AMERICAS;1824;RECREO DEPORTIVO;;Martes;;;Viernes;;;2:00PM-2:00PM;2:45am-2:45pm;;;No aplica;Deporte Escolar;JULIO AYERBE;2245
4;Flora Industrial;Urbana;I.E INEM JORGE ISAAC - INEM- LAS AMERICAS;1825;RECREO DEPORTIVO;;Martes;;;Viernes;;;3:30PM-3:30PM;4:15pm-4:15pm;;;No aplica;Deporte Escolar;JULIO AYERBE;2246
4;Flora Industrial;Urbana;I.E INEM JORGE ISAAC - INEM- LAS AMERICAS;1826;RECREO DEPORTIVO;;;Miercoles;Jueves;;;;2:00PM-2:00PM;2:45pm-2:45pm;;;No aplica;Deporte Escolar;JULIO AYERBE;2247
4;Flora Industrial;Urbana;I.E INEM JORGE ISAAC - INEM- LAS AMERICAS;1827;RECREO DEPORTIVO;;Martes;;;Viernes;;;2:45PM-2:45PM;3:30pm-3:30pm;;;No aplica;Deporte Escolar;JULIO AYERBE;2248
4;Flora Industrial;Urbana;I.E INEM JORGE ISAAC - INEM- LAS AMERICAS;1828;RECREO DEPORTIVO;;;Miercoles;Jueves;;;;3:30PM-3:30PM;4:15pm-4:15pm;;;No aplica;Deporte Escolar;JULIO AYERBE;2249
4;Popular;Urbana;I. E GUILLERMO VALENCIA- PRESBITERO ANGEL PIEDRAHITA;1829;RECREO DEPORTIVO;;Martes;;;;;;9:00AM;9:15am;;;No aplica;Deporte Escolar;JHON TABARES;2250
4;Popular;Urbana;I. E GUILLERMO VALENCIA- PRESBITERO ANGEL PIEDRAHITA;1830;RECREO DEPORTIVO;;;Miercoles;;;;;8:15AM;9:15am;;;No aplica;Deporte Escolar;JHON TABARES;2251
4;Popular;Urbana;I. E GUILLERMO VALENCIA- PRESBITERO ANGEL PIEDRAHITA;1831;RECREO DEPORTIVO;;;Miercoles;;;;;7:15AM;8:15am;;;No aplica;Deporte Escolar;JHON TABARES;2252
4;Popular;Urbana;I. E GUILLERMO VALENCIA- PRESBITERO ANGEL PIEDRAHITA;1832;RECREO DEPORTIVO;;;;;Viernes;;;8:00AM;9:15am;;;No aplica;Deporte Escolar;JHON TABARES;2253
4;Popular;Urbana;I. E GUILLERMO VALENCIA- PRESBITERO ANGEL PIEDRAHITA;1833;RECREO DEPORTIVO;;;;;Viernes;;;10:15AM;11:45am;;;No aplica;Deporte Escolar;JHON TABARES;2254
4;Popular;Urbana;I. E GUILLERMO VALENCIA- PRESBITERO ANGEL PIEDRAHITA;1834;RECREO DEPORTIVO;;;Miercoles;;;;;10:15AM;11:45am;;;No aplica;Deporte Escolar;JHON TABARES;2255
4;Popular;Urbana;I. E GUILLERMO VALENCIA- PRESBITERO ANGEL PIEDRAHITA;1835;RECREO DEPORTIVO;;Martes;;;;;;10:15AM;11:45am;;;No aplica;Deporte Escolar;JHON TABARES;2256
4;Popular;Urbana;I. E GUILLERMO VALENCIA- PRESBITERO ANGEL PIEDRAHITA;1836;RECREO DEPORTIVO;;;;Jueves;;;;8:00AM;9:15am;;;No aplica;Deporte Escolar;JHON TABARES;2257
4;Popular;Urbana;I. E GUILLERMO VALENCIA- PRESBITERO ANGEL PIEDRAHITA;1837;RECREO DEPORTIVO;;;;Jueves;;;;10:15AM;11:45am;;;No aplica;Deporte Escolar;JHON TABARES;2258
4;Flora Industrial;Urbana;I.E INEM JORGE ISAAC - INEM- CECILIA MUÑOZ RICAURTE;1838;RECREO DEPORTIVO;;Martes;;;;;;7:00AM;8:50am;;;No aplica;Deporte Escolar;CARLOS GRANOBLES;2259
4;Flora Industrial;Urbana;I.E INEM JORGE ISAAC - INEM- CECILIA MUÑOZ RICAURTE;1839;RECREO DEPORTIVO;;;;;Viernes;;;7:55AM;9:45am;;;No aplica;Deporte Escolar;CARLOS GRANOBLES;2260
4;Flora Industrial;Urbana;I.E INEM JORGE ISAAC - INEM- CECILIA MUÑOZ RICAURTE;1840;RECREO DEPORTIVO;;;;Jueves;;;;7:55AM;9:45am;;;No aplica;Deporte Escolar;CARLOS GRANOBLES;2261
4;Flora Industrial;Urbana;I.E INEM JORGE ISAAC - INEM- CECILIA MUÑOZ RICAURTE;1841;RECREO DEPORTIVO;Lunes;;;Jueves;;;;7:00AM-8:50AM;7:55am-9:45am;;;No aplica;Deporte Escolar;CARLOS GRANOBLES;2262
4;Flora Industrial;Urbana;I.E INEM JORGE ISAAC - INEM- CECILIA MUÑOZ RICAURTE;1843;RECREO DEPORTIVO;Lunes;;;;;;;7:55AM;8:50am;;;No aplica;Deporte Escolar;CARLOS GRANOBLES;2264
4;Flora Industrial;Urbana;I.E INEM JORGE ISAAC - INEM- CECILIA MUÑOZ RICAURTE;1844;RECREO DEPORTIVO;Lunes;;;;Viernes;;;7:00AM-7:00AM;7:55am-7:55am;;;No aplica;Deporte Escolar;CARLOS GRANOBLES;2265
4;Flora Industrial;Urbana;I.E INEM JORGE ISAAC - INEM- FRAY DOMINGO DE LAS CASAS;1845;RECREO DEPORTIVO;;Martes;;;;;;7:00AM;7:55am;;;No aplica;Deporte Escolar;NILTON TORIJANO;2266
4;Flora Industrial;Urbana;I.E INEM JORGE ISAAC - INEM- FRAY DOMINGO DE LAS CASAS;1846;RECREO DEPORTIVO;;;;Jueves;;;;10:10AM;11:05am;;;No aplica;Deporte Escolar;NILTON TORIJANO;2267
4;Flora Industrial;Urbana;I.E INEM JORGE ISAAC - INEM- FRAY DOMINGO DE LAS CASAS;1847;RECREO DEPORTIVO;;;;;Viernes;;;8:45AM;9:40am;;;No aplica;Deporte Escolar;NILTON TORIJANO;2268
4;Flora Industrial;Urbana;I.E INEM JORGE ISAAC - INEM- FRAY DOMINGO DE LAS CASAS;1848;RECREO DEPORTIVO;;;Miercoles;;;;;7:55AM;8:45am;;;No aplica;Deporte Escolar;NILTON TORIJANO;2269
4;Flora Industrial;Urbana;I.E INEM JORGE ISAAC - INEM- FRAY DOMINGO DE LAS CASAS;1849;RECREO DEPORTIVO;;;;Jueves;;;;7:55AM;8:45am;;;No aplica;Deporte Escolar;NILTON TORIJANO;2270
4;Flora Industrial;Urbana;I.E INEM JORGE ISAAC - INEM- FRAY DOMINGO DE LAS CASAS;1850;RECREO DEPORTIVO;;;;;Viernes;;;7:00AM;7:55am;;;No aplica;Deporte Escolar;NILTON TORIJANO;2271
4;Flora Industrial;Urbana;I.E INEM JORGE ISAAC - INEM- FRAY DOMINGO DE LAS CASAS;1851;RECREO DEPORTIVO;;Martes;;;;;;8:45AM;9:40am;;;No aplica;Deporte Escolar;NILTON TORIJANO;2272
4;Flora Industrial;Urbana;I.E INEM JORGE ISAAC - INEM- FRAY DOMINGO DE LAS CASAS;1852;RECREO DEPORTIVO;;;;Jueves;;;;7:00AM;7:55am;;;No aplica;Deporte Escolar;NILTON TORIJANO;2273
4;Flora Industrial;Urbana;I.E INEM JORGE ISAAC - INEM- FRAY DOMINGO DE LAS CASAS;1853;RECREO DEPORTIVO;;Martes;;;;;;10:10AM;11:05am;;;No aplica;Deporte Escolar;NILTON TORIJANO;2274
4;Flora Industrial;Urbana;I.E INEM JORGE ISAAC - INEM- FRAY DOMINGO DE LAS CASAS;1854;RECREO DEPORTIVO;;;;;Viernes;;;7:55AM;8:45am;;;No aplica;Deporte Escolar;NILTON TORIJANO;2275
4;Flora Industrial;Urbana;I.E INEM JORGE ISAAC - INEM- FRAY DOMINGO DE LAS CASAS;1855;RECREO DEPORTIVO;;;;Jueves;;;;8:45AM;9:40am;;;No aplica;Deporte Escolar;NILTON TORIJANO;2276
4;Flora Industrial;Urbana;I.E INEM JORGE ISAAC - INEM- FRAY DOMINGO DE LAS CASAS;1856;RECREO DEPORTIVO;;;Miercoles;;;;;10:10AM;11:05am;;;No aplica;Deporte Escolar;NILTON TORIJANO;2277
4;Flora Industrial;Urbana;I.E INEM JORGE ISAAC - INEM- FRAY DOMINGO DE LAS CASAS;1857;RECREO DEPORTIVO;;;;;Viernes;;;10:10AM;11:05am;;;No aplica;Deporte Escolar;NILTON TORIJANO;2278
4;Sultana   Berlín   San Francisco;Urbana;I.E VEINTE DE JULIO- CRISTINA SERRANO;1907;RECREO DEPORTIVO;;Martes;;;;;;10:50AM;11:45am;;;No aplica;Deporte Escolar;PABLO PALACIOS;2328
4;Sultana   Berlín   San Francisco;Urbana;I.E VEINTE DE JULIO- CRISTINA SERRANO;1908;RECREO DEPORTIVO;;Martes;;;;;;7:45AM;9:00am;;;No aplica;Deporte Escolar;PABLO PALACIOS;2329
4;Sultana   Berlín   San Francisco;Urbana;I.E VEINTE DE JULIO- CRISTINA SERRANO;1909;RECREO DEPORTIVO;;;Miercoles;;;;;10:45AM;11:45am;;;No aplica;Deporte Escolar;PABLO PALACIOS;2330
4;Sultana   Berlín   San Francisco;Urbana;I.E VEINTE DE JULIO- CRISTINA SERRANO;1910;RECREO DEPORTIVO;;;Miercoles;;;;;7:45AM;9:00am;;;No aplica;Deporte Escolar;PABLO PALACIOS;2331
4;Sultana   Berlín   San Francisco;Urbana;I.E VEINTE DE JULIO- CRISTINA SERRANO;1911;RECREO DEPORTIVO;;;;Jueves;Viernes;;;10:45AM-7:45AM;11:45am-9:00am;;;No aplica;Deporte Escolar;PABLO PALACIOS;2332
4;Sultana   Berlín   San Francisco;Urbana;I.E VEINTE DE JULIO- CRISTINA SERRANO;1912;RECREO DEPORTIVO;;;;Jueves;Viernes;;;7:45AM-10:45AM;9:00am-11:45am;;;No aplica;Deporte Escolar;PABLO PALACIOS;2333
4;Popular;Urbana;I.E JOSE ANTONIO GALAN- RAFAEL ZAMORANO;1913;RECREO DEPORTIVO;;Martes;;;;;;7:00AM;8:30am;;;No aplica;Deporte Escolar;JORGE PEREA;2334
4;Popular;Urbana;I.E JOSE ANTONIO GALAN- RAFAEL ZAMORANO;1914;RECREO DEPORTIVO;;;Miercoles;;;;;7:00AM;8:30am;;;No aplica;Deporte Escolar;JORGE PEREA;2335
4;Popular;Urbana;I.E JOSE ANTONIO GALAN- RAFAEL ZAMORANO;1915;RECREO DEPORTIVO;;;;Jueves;;;;7:00AM;8:30am;;;No aplica;Deporte Escolar;JORGE PEREA;2336
4;Popular;Urbana;I.E JOSE ANTONIO GALAN- RAFAEL ZAMORANO;1916;RECREO DEPORTIVO;;;;;Viernes;;;7:00AM;8:30am;;;No aplica;Deporte Escolar;JORGE PEREA;2337
4;Popular;Urbana;I.E JOSE ANTONIO GALAN- RAFAEL ZAMORANO;1917;RECREO DEPORTIVO;;Martes;;;;;;11:15AM;12:00am;;;No aplica;Deporte Escolar;JORGE PEREA;2338
4;Popular;Urbana;I.E JOSE ANTONIO GALAN- RAFAEL ZAMORANO;1918;RECREO DEPORTIVO;;;Miercoles;;;;;11:15AM;12:00am;;;No aplica;Deporte Escolar;JORGE PEREA;2339
4;Popular;Urbana;I.E JOSE ANTONIO GALAN- RAFAEL ZAMORANO;1919;RECREO DEPORTIVO;;;;Jueves;;;;11:15AM;12:00am;;;No aplica;Deporte Escolar;JORGE PEREA;2340
4;Popular;Urbana;I.E JOSE ANTONIO GALAN- RAFAEL ZAMORANO;1920;RECREO DEPORTIVO;;;;;Viernes;;;9:15AM;11:15am;;;No aplica;Deporte Escolar;JORGE PEREA;2341
4;Popular;Urbana;I.E JOSE ANTONIO GALAN- RAFAEL ZAMORANO;1921;RECREO DEPORTIVO;;;Miercoles;;;;;9:15AM;10:00am;;;No aplica;Deporte Escolar;JORGE PEREA;2342
4;Popular;Urbana;I.E JOSE ANTONIO GALAN- RAFAEL ZAMORANO;1922;RECREO DEPORTIVO;;Martes;;;;;;9:15AM;11:15am;;;No aplica;Deporte Escolar;JORGE PEREA;2343
4;Popular;Urbana;I.E JOSE ANTONIO GALAN- RAFAEL ZAMORANO;1923;RECREO DEPORTIVO;;;Miercoles;;;;;9:15AM;11:15am;;;No aplica;Deporte Escolar;JORGE PEREA;2344
4;Flora Industrial;Urbana;I.E INEM JORGE ISAAC - INEM- CENTRO EDUCATIVO DEL NORTE;1924;RECREO DEPORTIVO;;Martes;;;Viernes;;;8:30AM-7:00AM;9:30am-7:45am;;;No aplica;Deporte Escolar;WALTER VIVAS;2345
4;Flora Industrial;Urbana;I.E INEM JORGE ISAAC - INEM- CENTRO EDUCATIVO DEL NORTE;1925;RECREO DEPORTIVO;;;Miercoles;Jueves;;;;7:45AM-7:45AM;8:30am-8:30am;;;No aplica;Deporte Escolar;WALTER VIVAS;2346
4;Flora Industrial;Urbana;I.E INEM JORGE ISAAC - INEM- CENTRO EDUCATIVO DEL NORTE;1926;RECREO DEPORTIVO;;;;;Viernes;;;7:45AM;8:30am;;;No aplica;Deporte Escolar;WALTER VIVAS;2347
4;Flora Industrial;Urbana;I.E INEM JORGE ISAAC - INEM- CENTRO EDUCATIVO DEL NORTE;1927;RECREO DEPORTIVO;;Martes;;;;;;7:45AM;8:30am;;;No aplica;Deporte Escolar;WALTER VIVAS;2348
4;Flora Industrial;Urbana;I.E INEM JORGE ISAAC - INEM- CENTRO EDUCATIVO DEL NORTE;1928;RECREO DEPORTIVO;;;Miercoles;;Viernes;;;8:30AM-8:30AM;9:30am-9:30pm;;;No aplica;Deporte Escolar;WALTER VIVAS;2349
4;Flora Industrial;Urbana;I.E INEM JORGE ISAAC - INEM- CENTRO EDUCATIVO DEL NORTE;1929;RECREO DEPORTIVO;;Martes;Miercoles;;;;;10:00AM-10:00AM;10:45am-10:45am;;;No aplica;Deporte Escolar;WALTER VIVAS;2350
4;Flora Industrial;Urbana;I.E INEM JORGE ISAAC - INEM- CENTRO EDUCATIVO DEL NORTE;1930;RECREO DEPORTIVO;;Martes;;;;;;10:45AM;11:25am;;;No aplica;Deporte Escolar;WALTER VIVAS;2351
4;Flora Industrial;Urbana;I.E INEM JORGE ISAAC - INEM- PABLO EMILIO CAICEDO;1980;RECREO DEPORTIVO;;;;;Viernes;;;2:10PM;2:50pm;;;No aplica;Deporte Escolar;JOSé ARCILA;2401
4;Flora Industrial;Urbana;I.E INEM JORGE ISAAC - INEM- PABLO EMILIO CAICEDO;1981;RECREO DEPORTIVO;;;;;Viernes;;;1:30PM;2:10pm;;;No aplica;Deporte Escolar;JOSé ARCILA;2402
4;Flora Industrial;Urbana;I.E INEM JORGE ISAAC - INEM- PABLO EMILIO CAICEDO;1982;RECREO DEPORTIVO;;;;;Viernes;;;2:50PM;3:30pm;;;No aplica;Deporte Escolar;JOSé ARCILA;2403
4;Flora Industrial;Urbana;I.E INEM JORGE ISAAC - INEM- PABLO EMILIO CAICEDO;1983;RECREO DEPORTIVO;;;Miercoles;;;;;1:30PM;3:30pm;;;No aplica;Deporte Escolar;JOSé ARCILA;2404
4;Flora Industrial;Urbana;I.E INEM JORGE ISAAC - INEM- PABLO EMILIO CAICEDO;1984;RECREO DEPORTIVO;;;;Jueves;;;;1:30PM;2:30pm;;;No aplica;Deporte Escolar;JOSé ARCILA;2405
4;Flora Industrial;Urbana;I.E INEM JORGE ISAAC - INEM- PABLO EMILIO CAICEDO;1985;RECREO DEPORTIVO;;;;Jueves;;;;2:30PM;3:30pm;;;No aplica;Deporte Escolar;JOSé ARCILA;2406
4;Calima;Urbana;FUNDACION FRIC;CALLE 31  # 2 - 24;SESIONES LUDICOPEDAGOGICAS;;;;;Viernes;;;9:00.am;10:00.am;;;No aplica;Poblacion y Etnias;SERGIO GAVIRIA;PYE-RECICLADORES-C4-FRIC-SERGIO DAVID GAVIRIA SATIZÁBAL-G02
4;Calima;Urbana;COLEGIO NUESTRA SEÃ‘ORA DE FATIMA;C 67 # 7N 00;FUTBOL;;;Miercoles;;;;;14:00:00; 15:30:00;;299;Base;Deporvida;MANUEL SALVADOR OLAYA HENAO;-
4;Calima;Urbana;COLEGIO NUESTRA SEÃ‘ORA DE FATIMA;C 67 # 7N 00;FUTBOL;Lunes;;;;;;;15:00:00; 16:30:00;;299;Base;Deporvida;MANUEL SALVADOR OLAYA HENAO;-
4;Calima;Urbana;COLEGIO NUESTRA SEÃ‘ORA DE FATIMA;C 67 # 7N 00;FUTBOL;;Martes;;Jueves;;;;15:00:00; 16:30:00;;300;Fundamentacion;Deporvida;MANUEL SALVADOR OLAYA HENAO;-
4;Barrio Olaya Herrera;Urbana;POLIDEPORTIVO OLAYA HERRERA;K 9N # 50 00;FUTBOL;;Martes;;Jueves;;;;15:00:00; 16:30:00;;295;Base;Deporvida;JORGE ELIECER ELIECER SANDOVAL MOSQUERA;-
4;Barrio Olaya Herrera;Urbana;POLIDEPORTIVO OLAYA HERRERA;K 9N # 50 00;FUTBOL;;;Miercoles;;Viernes;;;15:00:00; 17:00:00;;296;Fundamentacion;Deporvida;JORGE ELIECER ELIECER SANDOVAL MOSQUERA;-
4;Unidad Res. Bueno Madrid;Urbana;CANCHA DE FUTBOL BUENO MADRID;K 5N # 34N 00;FUTBOL;Lunes;;Miercoles;;Viernes;;;15:00:00; 16:30:00;;312;Fundamentacion;Deporvida;SEBASTIAN  MARTINEZ FLOREZ;-
4;Unidad Res. Bueno Madrid;Urbana;CANCHA DE FUTBOL BUENO MADRID;K 5N # 34N 00;FUTBOL;Lunes;;Miercoles;;Viernes;;;16:30:00; 18:00:00;;313;Fundamentacion;Deporvida;SEBASTIAN  MARTINEZ FLOREZ;-
4;Barrio Olaya Herrera;Urbana;POLIDEPORTIVO OLAYA HERRERA;K 9N # 50 00;FUTBOL;;Martes;;Jueves;;;;16:30:00; 18:00:00;;419;Irradiacion;Deporvida;JORGE ELIECER ELIECER SANDOVAL MOSQUERA;-
4;La Esmeralda;Urbana;POLIDEPORTIVO LA ESMERALDA;K 6B # 41 00;AJEDREZ;Lunes;;;Jueves;;;;16:00:00; 17:30:00;;293;Base;Deporvida;ANDREY alexander PALACIOS BASTIDAS;-
4;La Esmeralda;Urbana;POLIDEPORTIVO LA ESMERALDA;K 6B # 41 00;BALONCESTO;Lunes;;;Jueves;;;;17:30:00; 19:00:00;;294;Irradiacion;Deporvida;ANDREY alexander PALACIOS BASTIDAS;-
5;Metropolitano del Norte;Urbana;Unidad Recreativa Plazas Verdes;C 66 # 1A 13 - 00;FUNCIONAL;;Martes;;;;;;7:30.am;8:30.am;;;No aplica;ActivaMente;GUILLERMO SAAC;ACT-C-16-GUILLERMO S-G05- GRUPO NUEVA VIDA
5;Los Andes;Urbana;UNIDAD RESIDENCIAL RINCON DE SALOMIA;K 1D # 46A - 50;ACUATICA;;Martes;;Jueves;;;;8:15.pm-8:15.pm;9:15.pm-9:15.pm;;;No aplica;ActivaMente;LISBETH CASTAÑO;ACT-C-4-LISBETH CAROLINA C-G05-AQUAFIT SALOMIA
5;Los Guayacanes;Urbana;CANCHA LOS GUAYACANES;K 2  C  1H;FUNCIONAL;Lunes;;;;Viernes;;;7:00.am-7:00.am;8:00.am-8:00.am;;;No aplica;ActivaMente;CRISTIAN MOSQUERA;ACT-C-5-CRISTHIAN.MOSQUERA-G01-GUAYACANES
5;Villas De Veracruz;Urbana;CANCHA VILLA DEL PARQUE;"""Calles 61a, Carrera  1a-6 """;FUNCIONAL;;Martes;;Jueves;;;;7:00.am-7:00.am;8:00.am-8:00.am;;;No aplica;ActivaMente;CRISTIAN MOSQUERA;ACT-C-5-CRISTHIAN.MOSQUERA-G02-VIILLA DEL PARQUE
5;Villa del Prado   El Guabito;Urbana;Polideportivo Brisas Del Guabito;K 6  # 64 - 00;FUNCIONAL;Lunes;;;Jueves;;;;8:15.am-8:15.am;9:15.am-9:15.am;;;No aplica;ActivaMente;CRISTIAN MOSQUERA;ACT-C-5-CRISTHIAN.MOSQUERA-G04-LUZ DE LA SABIDURIA
5;Los Parques   Barranquilla;Urbana;UNIDAD RECREATIVA BARRANQUILLA;K1B # 59 - 09;FUNCIONAL;Lunes;;Miercoles;;;;;7:00.am-7:00.am;8:00.am-8:00.am;;;No aplica;ActivaMente;CRISTIAN MOSQUERA;ACT-C-5-CRISTHIAN.MOSQUERA-G05-HILOS PLATEADOS
5;Paseo de Los Almendros;Urbana;Polideportivo Dakota;CRA 1B   # 58 - 00;FUNCIONAL;;Martes;;Jueves;;;;7:00.am-7:00.am;8:00.am-8:00.am;;;No aplica;ActivaMente;DIEGO MONTOYA;ACT-C-5-DIEGO.FERNANDO.M-G02-RISAS DE JUVENTUD
5;Los Andes;Urbana;Polideportivo Brisas de los Andes;K 1C3 # 52 - 04;FUNCIONAL;;Martes;;Jueves;;;;8:00.am-8:00.am;9:00.am-9:00.am;;;No aplica;ActivaMente;DIEGO MONTOYA;ACT-C-5-DIEGO.FERNANDO.M-G03-LAS DINAMICAS
5;Metropolitano del Norte;Urbana;Unidad Recreativa Plazas Verdes;C 66 # 1A 13 - 00;FUNCIONAL;;;;;Viernes;;;8:15.am;9:15.am;;;No aplica;ActivaMente;DIEGO MONTOYA;ACT-C-5-DIEGO.FERNANDO.M-G04-SOL RENACIENTE
5;Los Guayacanes;Urbana;Polideportivo Guayacanes II;K 1D   # 64 - 00;FUNCIONAL;;;Miercoles;Jueves;;;;7:00.am-7:00.am;8:00.am-8:00.am;;;No aplica;ActivaMente;ESTEBAN RODRIGUEZ;ACT-C-5-ESTEBAN RUIZ-G01-ORQUIDEAS
5;Metropolitano del Norte;Urbana;Unidad Recreativa Plazas Verdes;C 66 # 1A 13 - 00;FUNCIONAL;;;Miercoles;;;;;8:15.am;9:15.am;;;No aplica;ActivaMente;ESTEBAN RODRIGUEZ;ACT-C-5-ESTEBAN RUIZ-G02-PLAZAS VERDES
5;Metropolitano del Norte;Urbana;Unidad Recreativa Plazas Verdes;C 66 # 1A 13 - 00;FUNCIONAL;;;Miercoles;;;;;8:15.am;9:15.am;;;No aplica;ActivaMente;ESTEBAN RODRIGUEZ;ACT-C-5-ESTEBAN RUIZ-G03-GRIS SOL RENACIENTE
5;Metropolitano del Norte;Urbana;Unidad Recreativa Plazas Verdes;C 66 # 1A 13 - 00;FUNCIONAL;;;Miercoles;;;;;8:15.am;9:15.am;;;No aplica;ActivaMente;ESTEBAN RODRIGUEZ;ACT-C-5-ESTEBAN RUIZ-G04-NUESTROS SUEÑOS DORADOS
5;El Sena;Urbana;COLISEO EL SENA;CLL 46C # 2C - 05;FUNCIONAL;Lunes;;Miercoles;;Viernes;;;6:00.am-6:00.am-6:00.am;7:00.am-7:00.am-7:00.am;;;No aplica;ActivaMente;JOSE CORTES;ACT-C-5-HENRY.CORTES-G01-SALUD Y VIDA EN EL ESPIRITU SANTO
5;El Sena;Urbana;COLISEO EL SENA;CLL 46C # 2C - 05;FUNCIONAL;Lunes;;Miercoles;;Viernes;;;7:00.am-7:00.am-7:00.am;8:00.am-8:00.am-8:00.am;;;No aplica;ActivaMente;JOSE CORTES;ACT-C-5-HENRY.CORTES-G02-DESPERTAR AL DEPORTE
5;El Sena;Urbana;COLISEO EL SENA;CLL 46C # 2C - 05;FUNCIONAL;;Martes;;Jueves;;;;6:00.am-6:00.am;7:00.am-7:00.am;;;No aplica;ActivaMente;JOSE CORTES;ACT-C-5-HENRY.CORTES-G04-LAS GUERRERAS
5;El Sena;Urbana;COLISEO EL SENA;CLL 46C # 2C - 05;FUNCIONAL;;Martes;;Jueves;;;;7:00.am-7:00.am;8:00.am-8:00.am;;;No aplica;ActivaMente;JOSE CORTES;ACT-C-5-HENRY.CORTES-G05-LAS PODEROSAS
5;Paseo de Los Almendros;Urbana;POLIDEPORTIVO LOS  ALMENDROS;CRA 2  # 62 - 00;PRUEBA DE RUMBA;;;;Jueves;;;;8:15.am;9:15.am;;;No aplica;ActivaMente;LISBETH CASTAÑO;ACT-C-5-LISBETH CAROLINA C-G03-SUEÑOS DE MI JUVENTUD
5;El Sena;Urbana;Centro Comercial Único 1 (frente a facol);C 52 # 3-00;FUNCIONAL;;Martes;Miercoles;Jueves;;;;7:00.am-7:00.am-7:00.am;8:00.am-8:00.am-8:00.am;;;No aplica;ActivaMente;LISBETH CASTAÑO;ACT-C-5-LISBETHCAROLINA.C-G02-SABIDURIA DORADA
5;Los Parques   Barranquilla;Urbana;UNIDAD RECREATIVA BARRANQUILLA;K1B # 59 - 09;FUNCIONAL;Lunes;;;;;;;7:00.am;8:00.am;;;No aplica;ActivaMente;CARLOS VALENCIA;ACT-C-5-MARLON.SALAZAR-G01-GRATOS RECUERDOS
5;Los Parques   Barranquilla;Urbana;UNIDAD RECREATIVA BARRANQUILLA;K1B # 59 - 09;FUNCIONAL;Lunes;;;;;;;7:00.am;8:00.am;;;No aplica;ActivaMente;CARLOS VALENCIA;ACT-C-5-MARLON.SALAZAR-G02-LINDO AMANECER
5;Villa del Prado   El Guabito;Urbana;Parque Recreativo Villa Del Prado Sector 3;K 4  #  59B - 00;FUNCIONAL;;Martes;;Jueves;;;;7:00.am-7:00.am;8:00.am-8:00.am;;;No aplica;ActivaMente;CARLOS VALENCIA;ACT-C-5-MARLON.SALAZAR-G03-ALEGRIA DE VIVIR
5;Villa del Prado   El Guabito;Urbana;Polideportivo Villa Del Prado;K 3  # 58 - 00;FUNCIONAL;;Martes;;Jueves;;;;8:00.am-8:00.am;9:00.am-9:00.am;;;No aplica;ActivaMente;CARLOS VALENCIA;ACT-C-5-MARLON.SALAZAR-G04-SUEÑOS DORADOS
5;Los Andes;Urbana;Polideportivo Los Andes;K 1E # 52B - 00;FUNCIONAL;Lunes;;;;;;;6:50.am;7:50.am;;;No aplica;ActivaMente;YULIAN CANDELO;ACT-C-5-YULIAN.CANDELO-G01-DESPERTAR A LA VIDA
5;Villa del Prado   El Guabito;Urbana;Parque los Guayacanes;K 3 C 59;FUNCIONAL;Lunes;Martes;;Jueves;;;;7:00.pm-7:00.pm-7:00.pm;8:00.pm-8:00.pm-8:00.pm;;;No aplica;ActivaMente;ANGELICA PALACIOS;ACT-FUN-C14-NOVITEÑAS 5-ANGELICA P-G2
5;Torres de Comfandi;Urbana;Polideportivo Torres de Comfandi;K 1C # 56 - 50;FUNCIONAL;;Martes;;Jueves;;;;7:00.am-7:00.am;8:00.am-8:00.am;;;No aplica;ActivaMente;JHON ARIAS;ACT-FUNCIONAL-C5-JHON FREDDY ARIAS-G01-SIEMPRE SANOS
5;Chiminangos Primera Etapa;Urbana;POLIDEPORTIVO  CHIMINANGOS I;calle 64  cra  1 C1;FUNCIONAL;;Martes;;Jueves;;;;8:15.am-8:15.am;9:15.am-9:15.am;;;No aplica;ActivaMente;JHON ARIAS;ACT-FUNCIONAL-C5-JHON FREDY ARIAS-G02- GRUPO ONIX
5;Los Parques   Barranquilla;Urbana;UNIDAD RECREATIVA BARRANQUILLA;K1B # 59 - 09;FUNCIONAL;Lunes;;;;;;;7:00.am;8:00.am;;;No aplica;ActivaMente;MARLON SALAZAR;ACT-FUNCIONAL-C5-MARLON SALAZAR-G01- HILOS PLATEADOS, GRATOS RECUERDOS, LINDO AMANECER
5;Villa del Prado   El Guabito;Urbana;Polideportivo Villa Del Prado;K 3  # 58 - 00;FUNCIONAL;;Martes;;Jueves;;;;8:00.am-8:00.am;9:00.am-9:00.am;;;No aplica;ActivaMente;MARLON SALAZAR;ACT-FUNCIONAL-C5-MARLON SALAZAR-G02 - SUEÑOS DORADOS
5;Villa del Prado   El Guabito;Urbana;Parque Recreativo Villa Del Prado Sector 3;K 4  #  59B - 00;FUNCIONAL;;Martes;;Jueves;;;;7:00.am-7:00.am;8:00.am-8:00.am;;;No aplica;ActivaMente;MARLON SALAZAR;ACT-FUNCIONAL-C5-MARLON SALAZAR-G03- ALEGRIA DE VICVIR
5;Villa del Prado   El Guabito;Urbana;Parque los Guayacanes;K 3 C 59;FUNCIONAL;Lunes;;Miercoles;;Viernes;;;7:00.am-7:00.am-7:00.am;8:00.am-8:00.am-8:00.am;;;No aplica;ActivaMente;JOHANNA DOMINGUEZ;ACT.C14.JOHANA.D.- G02 PRINCIPES Y PRINCESAS NOVITEÑAS 4
5;Villa del Prado   El Guabito;Urbana;Parque los Guayacanes;K 3 C 59;FUNCIONAL;;Martes;Miercoles;;Viernes;;;7:00.am-7:00.am-8:00.am;8:00.am-8:00.am-7:00.am;;;No aplica;ActivaMente;LIZETH HERNANDEZ;ACT.C14.LIZETH.H.G01 - PRINCIPES Y PRINCESAS NOVITEÑAS 1
5;Paseo de Los Almendros;Urbana;POLIDEPORTIVO LOS ALMENDROS;Cra 2 con calle 62 esquina;ACTIVIDAD FÍSICA Y RECREACIÓN ADAPTADA;;;;;Viernes;;;3:00.pm;4:00.pm;;;No aplica;Cali Incluyente;DANIEL AGREDO;CI - ACTIVIDAD FISICA Y RECREACIÓN ADAPTADA - C05 - G01
5;Torres de Comfandi;Urbana;CYC- POLIDEPORTIVO TORRES DE COMFANDI;Calle 69 # 24 -21;acondicionamiento fisico;Lunes;;Miercoles;;Viernes;;;7:00.am-7:00.am-7:00.am;8:00.am-8:00.am-8:00.am;;;No aplica;Carreras y Caminatas;DIRCEU ESCOBAR;CYC-ACONDICIONAMIENTO FISICO-C5-DIRCEU DANIEL ESCOBAR-G01
5;Torres de Comfandi;Urbana;CYC- POLIDEPORTIVO TORRES DE COMFANDI;Calle 69 # 24 -21;acondicionamiento fisico;;Martes;;Jueves;;;;7:00.am-7:00.am;8:00.am-8:00.am;;;No aplica;Carreras y Caminatas;DIRCEU ESCOBAR;CYC-ACONDICIONAMIENTO FISICO-C5-DIRCEU DANIEL ESCOBAR-G02
5;Villa del Prado   El Guabito;Urbana;POLIDEPORTIVO EL GUABITO;Cra 1c #56-50;acondicionamiento fisico;;Martes;;Jueves;;;;7:00.pm-7:00.pm;8:00.pm-8:00.pm;;;No aplica;Carreras y Caminatas;FROILAN LOPEZ;CYC-ACONDICIONAMIENTO FISICO-C5-FROILAN ESTEBAN LOPEZ-G02
5;Paseo de Los Almendros;Urbana;POLIDEPORTIVO LOS ALMENDROS;Cra 1dbis con cll 58;acondicionamiento fisico;Lunes;;Miercoles;;Viernes;;;8:00.pm-8:00.pm-8:00.pm;9:00.pm-9:00.pm-9:00.pm;;;No aplica;Carreras y Caminatas;FROILAN LOPEZ;CYC-ACONDICIONAMIENTO FISICO-C5-FROILAN ESTEBAN LOPEZ-G03
5;Los Guayacanes;Urbana;PARQUE LA GRAN VIA;CRA 3 #69-59;acondicionamiento fisico;;Martes;;Jueves;;;;7:00.am-7:00.am;8:00.am-8:00.am;;;No aplica;Carreras y Caminatas;FROILAN LOPEZ;CYC-ACONDICIONAMIENTO FISICO-C5-FROILAN ESTEBAN LOPEZ-G04
5;Los Andes;Urbana;POLIDEPORTIVO BRISAS DE LOS ANDES 1;K 1C 3 # 52 04;FUTBOL;;;Miercoles;;Viernes;;;18:50:00; 19:50:00;;134;Irradiacion;Deporvida;ANDRES  GARRIDO RIOS;-
5;Paseo de Los Almendros;Urbana;POLIDEPORTIVO DAKOTA;K 1B # 58 00;FUTBOL;;;Miercoles;;Viernes;;;15:00:00; 16:00:00;;398;Fundamentacion;Deporvida;EDISON  MAFLA PEÃ‘A;-
5;Paseo de Los Almendros;Urbana;POLIDEPORTIVO DAKOTA;K 1B # 58 00;FUTBOL;;;Miercoles;;Viernes;;;14:00:00; 15:00:00;;416;Base;Deporvida;EDISON  MAFLA PEÃ‘A;-
5;Los Andes;Urbana;POLIDEPORTIVO BRISAS DE LOS ANDES 1;K 1C 3 # 52 04;FUTBOL;;;Miercoles;;Viernes;;;19:50:00; 20:50:00;;454;Fundamentacion;Deporvida;ANDRES  GARRIDO RIOS;-
5;Villa del Prado   El Guabito;Urbana;PARQUE RECREATIVO VILLA DEL PRADO SECTOR 5;K 4B # 60D 00;FUTBOL SALA;;Martes;;Jueves;;;;15:00:00; 17:00:00;;136;Irradiacion;Deporvida;CRHISTIAN Mauricio CAMACHO VALENCIA;-
5;Metropolitano del Norte;Urbana;UNIDAD RECREATIVA PLAZAS VERDES;C 66 # 1A 13 00;TENIS DE CAMPO;Lunes;;;;Viernes;;;15:30:00; 17:00:00;;139;Irradiacion;Deporvida;YIHAN Tatiana MOSQUERA MOSQUERA;-
5;Villa del Prado   El Guabito;Urbana;POLIDEPORTIVO VILLA DEL PRADO;K 3 # 58 00;TENIS DE CAMPO;Lunes;;;;Viernes;;;17:30:00; 19:00:00;;141;Fundamentacion;Deporvida;YIHAN Tatiana MOSQUERA MOSQUERA;-
5;Los Parques   Barranquilla;Urbana;UNIDAD RECREATIVA BARRANQUILLA;K 1B # 59 09;NATACION;Lunes;;;;;;;16:30:00; 17:30:00;;135;Base;Deporvida;JESSICA DAGNERY MEDINA PADILLA;-
5;Metropolitano del Norte;Urbana;UNIDAD RECREATIVA PLAZAS VERDES;C 66 # 1A 13 00;NATACION;;;;;Viernes;;;16:30:00; 17:30:00;;137;Irradiacion;Deporvida;JESSICA DAGNERY MEDINA PADILLA;-
5;Metropolitano del Norte;Urbana;UNIDAD RECREATIVA PLAZAS VERDES;C 66 # 1A 13 00;NATACION;;;Miercoles;;;;;14:30:00; 15:30:00;;138;Base;Deporvida;JESSICA DAGNERY MEDINA PADILLA;-
5;Paseo de Los Almendros;Urbana;POLIDEPORTIVO LOS ALMENDROS;K 2 # 62 00;FUTBOL;Lunes;;Miercoles;;;;;16:00:00; 17:30:00;;410;Irradiacion;Deporvida;MICHAEL  RENTERIA MINA;-
5;Los Guayacanes;Urbana;POLIDEPORTIVO GUAYACANES I;K 2 # 68 00;FUTBOL;;Martes;;;;;;16:00:00; 17:29:00;;478;Base;Deporvida;MICHAEL  RENTERIA MINA;-
5;Los Guayacanes;Urbana;POLIDEPORTIVO GUAYACANES I;K 2 # 68 00;FUTBOL;;;;Jueves;;;;16:00:00; 17:30:00;;478;Base;Deporvida;MICHAEL  RENTERIA MINA;-
5;Los Andes;Urbana;POLIDEPORTIVO DAKOTA;Carrera 1DBIS con Calle 58, Cali;BMX FREESTYLE;Lunes;;Miercoles;;;;;6:00.pm-6:00.pm;7:30.pm-7:30.pm;;;No aplica;Vertigo;CRISTHIAN CARDENAS;VT-BMX FREESTYLE C5 - CRISTIAN CARDENAS -G3
5;Los Andes;Urbana;POLIDEPORTIVO DAKOTA;Carrera 1DBIS con Calle 58, Cali;STREET WORKOUT;;Martes;;Jueves;;;;6:30.pm-6:30.pm;8:00.pm-8:00.pm;;;No aplica;Vertigo;LUIS CARDONA;VT-STREET WORK OUT-C6-LUIS CARDONA-G02
6;Los Guaduales;Urbana;Unidad Recreativa Guaduales;K 9N # 71 - 35;ACUATICA;;;;Jueves;Viernes;;;8:30.am-8:30.am;9:30.am-9:30.am;;;No aplica;ActivaMente;ANGIE AGUDELO;ACT-C-10-ANGIE A G1- GRUPO ACTIVAS Y SALUDABLES
6;La Rivera I;Urbana;POLIDEPORTIVO LA RIVERA;K 1J # 70B - 00;FUNCIONAL;;Martes;;;Viernes;;;8:10.am-8:10.am;9:10.am-9:10.am;;;No aplica;ActivaMente;CRISTIAN MOSQUERA;ACT-C-5-CRISTHIAN.MOSQUERA-G03-SUEÑOS DE JUVENTUD
6;Jorge Eliecer Gaitán;Urbana;Polideportivo Tejares De Salomia;C 71 # 4F - 15;FUNCIONAL;Lunes;;Miercoles;;;;;8:20.am-8:20.am;9:20.am-9:20.am;;;No aplica;ActivaMente;DIEGO MONTOYA;ACT-C-6-DIEGO.FERNANDO.M-G05-NUEVA VIDA TEJARES DE SALOMIA
6;San Luís II;Urbana;CANCHA SINTETICA SINTETICA SAN LUIS II;calle 73 # 1a 5;FUNCIONAL;Lunes;;;;;;;7:00.am;8:00.am;;;No aplica;ActivaMente;DIEGO MONTOYA;ACT-C-6-DIEGO.FERNANDO.M-G06-ALEGRIA AL DESPERTAR
6;Fonaviemcali;Urbana;Parque Recreativo Fonaviemcali;CRA 1A5 # 70 - 00;FUNCIONAL;;Martes;;Jueves;;;;6:00.am-6:00.am;7:00.am-7:00.am;;;No aplica;ActivaMente;LINA CANIZALES;ACT-FUNCIONAL-C6-ACTITUD ENERGIA Y VIDA-G06
6;San Luís II;Urbana;CANCHA SINTETICA SINTETICA SAN LUIS II;calle 73 # 1a 5;FUNCIONAL;Lunes;;;;;;;7:00.am;8:00.am;;;No aplica;ActivaMente;HELENA MORALES;ACT-FUNCIONAL-C6-ATARDECER FELIZ-G01
6;Petecuy Primera Etapa;Urbana;UNIDAD RECREATIVA PETECUY 1;K 2E # 78 -10;FUNCIONAL;Lunes;;Miercoles;;;;;7:00.pm-7:00.pm;8:00.pm-8:00.pm;;;No aplica;ActivaMente;HECTOR BOLAÑOS;ACT-FUNCIONAL-C6-CAPULLITOS-G08
6;Petecuy Tercera Etapa;Urbana;Parque recreativo Petecuy III;calle 78 bis con cra 1E;FUNCIONAL;;Martes;Miercoles;;;;;7:00.am-7:00.am;8:00.am-8:00.pm;;;No aplica;ActivaMente;STEFANNY TORRES;ACT-FUNCIONAL-C6-CISNES AZULES-G04
6;Los Guaduales;Urbana;Unidad Recreativa Guaduales;K 9N # 71 - 35;FUNCIONAL;Lunes;;Miercoles;;;;;7:00.am-7:00.am;8:00.am-8:00.am;;;No aplica;ActivaMente;LINA CANIZALES;ACT-FUNCIONAL-C6-CORAZON Y VIDA-G03
6;Petecuy Segunda Etapa;Urbana;POLIDEPORTIVO PETECUY 2;C 74 # 1C1 - 75;FUNCIONAL;;Martes;;Jueves;;;;7:00.am-7:00.am;8:00.am-8:00.am;;;No aplica;ActivaMente;NATHALIA LABRADA;ACT-FUNCIONAL-C6-DIOS NOS GUIA Y NOS HACE LIBRE-G01
6;Ciudadela Floralia;Urbana;Unidad Recreativa Floralia (Crp);C 72C # 3BN - 51;FUNCIONAL;Lunes;;;Jueves;;;;8:15.am-8:15.am;9:15.am-9:15.am;;;No aplica;ActivaMente;HECTOR BOLAÑOS;ACT-FUNCIONAL-C6-DULCE AMANECER-G01
6;Ciudadela Floralia;Urbana;Unidad Recreativa Floralia (Crp);C 72C # 3BN - 51;FUNCIONAL;;Martes;;Jueves;;;;8:00.am-7:00.am;9:00.am-8:00.am;;;No aplica;ActivaMente;HECTOR BOLAÑOS;ACT-FUNCIONAL-C6-ESENCIAS DE AMOR-G03
6;San Luís;Urbana;CANCHA SINTETICA SINTETICA SAN LUIS I;CLL 71  # 1A10 - 50;FUNCIONAL;Lunes;;;;;;;8:10.am;9:10.am;;;No aplica;ActivaMente;HELENA MORALES;ACT-FUNCIONAL-C6-FLOR DE LUZ-G03
6;Paso del Comercio;Urbana;Iglesia San Felipe Apóstol;Dg7 5 N-80;FUNCIONAL;;Martes;;Jueves;;;;7:00.am-7:00.am;8:00.am-8:00.am;;;No aplica;ActivaMente;LINA CANIZALES;ACT-FUNCIONAL-C6-FRATERNIDAD-G01
6;Los Guaduales;Urbana;Unidad Recreativa Guaduales;K 9N # 71 - 35;FUNCIONAL;Lunes;;Miercoles;;;;;7:00.am-7:00.am;8:00.am-8:00.am;;;No aplica;ActivaMente;LINA CANIZALES;ACT-FUNCIONAL-C6-LUCECITAS DE GUADUALES-G02
6;Ciudadela Floralia;Urbana;Polideportivo Oasis de Comfandi;K 3BN # 71H - 00;FUNCIONAL;;;Miercoles;Jueves;;;;7:00.am-7:00.am;8:00.am-8:00.am;;;No aplica;ActivaMente;JORGE ACEVEDO;ACT-FUNCIONAL-C6-MADRIGAL-G03
6;La Rivera I;Urbana;POLIDEPORTIVO LA RIVERA;K 1J # 70B - 00;FUNCIONAL;Lunes;;;;;;;8:10.am;9:10.am;;;No aplica;ActivaMente;LINA CANIZALES;ACT-FUNCIONAL-C6-MANOS AMIGAS- G07
6;Petecuy Primera Etapa;Urbana;Parque Petecuy 1;C 78Bis # 1J - 00;FUNCIONAL;;;;;Viernes;;;7:00.am;8:00.am;;;No aplica;ActivaMente;NATHALIA LABRADA;ACT-FUNCIONAL-C6-MIS MEJORES AÑOS-G03
6;Los Guaduales;Urbana;Unidad Recreativa Guaduales;K 9N # 71 - 35;FUNCIONAL;Lunes;;Miercoles;;;;;7:00.am-7:00.am;8:00.am-8:00.am;;;No aplica;ActivaMente;LINA CANIZALES;ACT-FUNCIONAL-C6-NUEVAS ALEGRIAS-G04
6;Petecuy Primera Etapa;Urbana;Parque Petecuy 1;C 78Bis # 1J - 00;FUNCIONAL;;;;Jueves;;;;8:15.am;9:15.am;;;No aplica;ActivaMente;NATHALIA LABRADA;ACT-FUNCIONAL-C6-NUEVO AMANECER-G02
6;Los Guaduales;Urbana;Unidad Recreativa Guaduales;K 9N # 71 - 35;FUNCIONAL;Lunes;;Miercoles;;;;;7:00.am-7:00.am;8:00.am-8:00.am;;;No aplica;ActivaMente;LINA CANIZALES;ACT-FUNCIONAL-C6-NUEVO HORIZONTE-G05
6;Ciudadela Floralia;Urbana;Unidad Recreativa Floralia (Crp);C 72C # 3BN - 51;FUNCIONAL;Lunes;Martes;;;;;;8:00.am-8:00.am;9:00.am-9:00.am;;;No aplica;ActivaMente;HECTOR BOLAÑOS;ACT-FUNCIONAL-C6-PRISMA-G02
6;Ciudadela Floralia;Urbana;Unidad Recreativa Floralia (Crp);C 72C # 3BN - 51;FUNCIONAL;Lunes;;Miercoles;;;;;8:00.am-8:00.am;9:00.am-9:00.am;;;No aplica;ActivaMente;CLAUDIA PATIÑO;ACT-FUNCIONAL-C6-REMANSOS DE AMOR-G01
6;Ciudadela Floralia;Urbana;Polideportivo Oasis de Comfandi;K 3BN # 71H - 00;FUNCIONAL;;;Miercoles;;Viernes;;;8:00.am-8:00.am;9:00.am-9:00.am;;;No aplica;ActivaMente;JORGE ACEVEDO;ACT-FUNCIONAL-C6-RENACER DE OASIS DE COMFANDI-G01
6;Jorge Eliecer Gaitán;Urbana;Salón Comunal Quintas de Salomia;K 3B  # 71C - 05;FUNCIONAL;Lunes;Martes;;;Viernes;;;7:00.am-7:00.am-7:00.am;8:00.am-8:00.am-8:00.am;;;No aplica;ActivaMente;JORGE ACEVEDO;ACT-FUNCIONAL-C6-RESPLANDOR DE TEJARES-602
6;San Luís;Urbana;CANCHA SINTETICA SINTETICA SAN LUIS I;CLL 71  # 1A10 - 50;FUNCIONAL;Lunes;;;;;;;8:10.am;9:10.am;;;No aplica;ActivaMente;HELENA MORALES;ACT-FUNCIONAL-C6-SALUD Y VIDA-G02
6;Paso del Comercio;Urbana;Iglesia San Felipe Apóstol;Dg7 5 N-80;FUNCIONAL;Lunes;;;;;;;7:00.am;8:00.pm;;;No aplica;ActivaMente;STEFANNY TORRES;ACT-FUNCIONAL-C6-SAN FELIPE APOSTOL-G05
6;Urbanización Calimio;Urbana;PARQUE RECREATIVO CALIMIO NORTE;C 76 # 1A2 - 00;FUNCIONAL;;;;Jueves;;;;7:00.am;8:00.am;;;No aplica;ActivaMente;HELENA MORALES;ACT-FUNCIONAL-C6-SOL NACIENTE-G04
6;Ciudadela Floralia;Urbana;Polideportivo las Americas;C 77 # 3AN - 00;FUNCIONAL;;;;Jueves;Viernes;;;7:00.am-7:00.am;8:00.am-8:00.am;;;No aplica;ActivaMente;HECTOR BOLAÑOS;ACT-FUNCIONAL-C6-UNO A-G04
6;San Luís;Urbana;CANCHA  SINTETICA SAN LUIS I;C 71  # 1A10 - 50;FUNCIONAL;;;Miercoles;;;;;7:00.am;8:00.am;;;No aplica;ActivaMente;YURANI CASTILLO;ACT-FUNCIONAL-C8-ALEGRIA AL DESPETAR -G01
6;San Luís II;Urbana;UNIDAD RECREATIVA CALIMIO NORTE;CLL 76 #1A2 -00;ACTIVIDAD FÍSICA Y RECREACIÓN ADAPTADA;Lunes;;;;;;;2:00.pm;3:30.pm;;;No aplica;Cali Incluyente;DANIEL AGREDO;CI - ACTIVIDAD FISICA Y RECREACIÓN ADAPTADA - C06 - G01
6;Ciudadela Floralia;Urbana;UNIDAD RECREATIVA FLORALIA (CRP);C 72C # 3BN-51;ACTIVIDAD FÍSICA Y RECREACIÓN ADAPTADA;Lunes;;;;;;;4:00.pm;5:30.pm;;;No aplica;Cali Incluyente;DANIEL AGREDO;CI - ACTIVIDAD FISICA Y RECREACIÓN ADAPTADA - C06 - G02
6;Petecuy Primera Etapa;Urbana;UNIDAD RECREATIVA PETECUY I;K 2E # 78 -10;ACTIVIDAD FÍSICA Y RECREACIÓN ADAPTADA;;Martes;;Jueves;;;;2:00.pm-2:00.pm;3:00.pm-3:00.pm;;;No aplica;Cali Incluyente;DANIEL AGREDO;CI - ACTIVIDAD FISICA Y RECREACIÓN ADAPTADA - C06 - G03
6;AHDI-Jarillon Petecuy– Cinta Larga;Urbana;Polideportivo Petecuy II;Calle 76 # 1a -14;ENTRE RISAS Y JUEGOS;Lunes;;Miercoles;;;;;5:30.pm-5:30.pm;7:30.pm-7:30.pm;;;No aplica;Cali juega;JENNIFER CAICEDO;CJ-PI-C6-PDPII-SUB10
6;AHDI-Jarillon Petecuy– Cinta Larga;Urbana;Polideportivo Petecuy II;Calle 76 # 1a -14;ENTRE RISAS Y JUEGOS;Lunes;;Miercoles;;;;;5:30.pm-5:30.pm;7:30.pm-7:30.pm;;;No aplica;Cali juega;JENNIFER CAICEDO;CJ-PI-C6-PDPII-SUB15
6;AHDI-Jarillon Petecuy– Cinta Larga;Urbana;Polideportivo Petecuy II;Calle 76 # 1a -14;ENTRE RISAS Y JUEGOS;Lunes;;Miercoles;;;;;5:30.pm-5:30.pm;7:30.pm-7:30.pm;;;No aplica;Cali juega;JENNIFER CAICEDO;CJ-PI-C6-PDPII-SUB9
6;San Luís;Urbana;BIBLIOTECA PUBLICA SAN LUIS;Calle 71 # 1a No 10 - 50;acondicionamiento fisico;;;Miercoles;;;;;7:00.pm;8:00.pm;;;No aplica;Carreras y Caminatas;JOHN MINA;CYC-ACONDICIONAMIENTO FISICO-C13-NESTOR REINA-G01
6;Jorge Eliecer Gaitán;Urbana;CYC- POLIDEPORTIVO LA RIVERA;Calle 70 # 2a - 28 bis;acondicionamiento fisico;;Martes;;Jueves;;;;8:10.am-8:10.am;9:10.am-9:10.am;;;No aplica;Carreras y Caminatas;DIRCEU ESCOBAR;CYC-ACONDICIONAMIENTO FISICO-C6-DIRCEU DANIEL ESCOBAR-G03
6;San Luís;Urbana;BIBLIOTECA PUBLICA SAN LUIS;Calle 71 # 1a No 10 - 50;acondicionamiento fisico;;Martes;;;Viernes;;;8:15.am-8:15.am;9:15.am-9:15.am;;;No aplica;Carreras y Caminatas;NESTOR REINA;CYC-ACONDICIONAMIENTO FISICO-C6-NESTOR REINA-G01
6;Jorge Eliecer Gaitán;Urbana;SALON COMUNAL QUINTAS DE SALOMIA;CRA 3B  # 71C 05;acondicionamiento fisico;Lunes;;;Jueves;;;;8:15.am-8:15.am;9:15.am-9:15.am;;;No aplica;Carreras y Caminatas;NESTOR REINA;CYC-ACONDICIONAMIENTO FISICO-C6-NESTOR REINA-G02
6;Urbanización Calimio;Urbana;UNIDAD RECREATIVA CALIMIO NORTE;CLL 76 #1A2-00;acondicionamiento fisico;;Martes;;;;;;7:00.am;8:00.am;;;No aplica;Carreras y Caminatas;NESTOR REINA;CYC-ACONDICIONAMIENTO FISICO-C6-NESTOR REINA-G03
6;La Rivera I;Urbana;IE PEDRO ANTONIO MOLINA;CALLE 70 C # 1F 100;FUTBOL SALA FEMENINO;Lunes;;;;Viernes;;;6:30.pm-6:30.pm;8:00.pm-8:30.pm;;;No aplica;Desafio Elite;JULIANA MUÑOZ;CE-FUTBOL SALA-FEMENINO-C16-JULIANA MUÑOZ-G01
6;La Rivera I;Urbana;UNIDAD DEPORTIVA LA RIVERA;K 1J # 70B 00;FUTBOL;Lunes;;Miercoles;;;;;16:30:00; 17:30:00;;341;Fundamentacion;Deporvida;JHON ANDERSON QUIRAMA TROCHEZ;-
6;Paso del Comercio;Urbana;CANCHA DE FUTBOL BARRIO COMFENALCO;K 1F Norte # 81;FUTBOL;Lunes;Martes;;Jueves;;;;16:30:00; 18:00:00;;339;Base;Deporvida;MICHAEL  RENTERIA MINA;-
6;Paso del Comercio;Urbana;POLIDEPORTIVO LA HORQUETA COMFENALCO;C 81 Norte # 1F Norte;FUTBOL SALA;;;;Jueves;;;;14:00:00; 15:30:00;;284;Irradiacion;Deporvida;SEBASTIAN  PARUMA QUINTERO;-
6;Paso del Comercio;Urbana;POLIDEPORTIVO LA HORQUETA COMFENALCO;C 81 Norte # 1F Norte;FUTBOL SALA;;;;;Viernes;;;14:30:00; 16:00:00;;284;Irradiacion;Deporvida;SEBASTIAN  PARUMA QUINTERO;-
6;Paso del Comercio;Urbana;POLIDEPORTIVO LA HORQUETA COMFENALCO;C 81 Norte # 1F Norte;FUTBOL SALA;;Martes;;;;;;16:00:00; 17:30:00;;285;Fundamentacion;Deporvida;SEBASTIAN  PARUMA QUINTERO;-
6;Paso del Comercio;Urbana;POLIDEPORTIVO LA HORQUETA COMFENALCO;C 81 Norte # 1F Norte;FUTBOL SALA;;;;Jueves;;;;17:00:00; 18:30:00;;285;Fundamentacion;Deporvida;SEBASTIAN  PARUMA QUINTERO;-
6;Paso del Comercio;Urbana;POLIDEPORTIVO LA HORQUETA COMFENALCO;C 81 Norte # 1F Norte;ATLETISMO;;;;Jueves;;;;15:30:00; 17:00:00;;439;Apropiacion;Deporvida;SEBASTIAN  PARUMA QUINTERO;-
6;Paso del Comercio;Urbana;POLIDEPORTIVO LA HORQUETA COMFENALCO;C 81 Norte # 1F Norte;ATLETISMO;Lunes;;;;;;;19:00:00; 20:30:00;;439;Apropiacion;Deporvida;SEBASTIAN  PARUMA QUINTERO;-
6;La Rivera I;Urbana;UNIDAD DEPORTIVA LA RIVERA;K 1J # 70B 00;FUTBOL;Lunes;;Miercoles;;;;;15:30:00; 16:30:00;;421;Fundamentacion;Deporvida;JHON ANDERSON QUIRAMA TROCHEZ;-
6;Petecuy Segunda Etapa;Urbana;CANCHA DE FUTBOL LA INMACULADA PETECUY II;K 1A 13 # 76 00;FUTBOL;;Martes;;Jueves;;;;17:00:00; 18:30:00;;129;Irradiacion;Deporvida;HAROLD ANCIZAR CAICEDO RAMIREZ;-
6;Petecuy Segunda Etapa;Urbana;CANCHA DE FUTBOL LA INMACULADA PETECUY II;K 1A 13 # 76 00;FUTBOL;;Martes;;Jueves;;;;18:30:00; 20:00:00;;130;Fundamentacion;Deporvida;HAROLD ANCIZAR CAICEDO RAMIREZ;-
6;Paso del Comercio;Urbana;CANCHA MULTIPLE PASO DEL COMERCIO;K 1 # 71 00;FUTBOL;;Martes;;Jueves;;;;7:00:00; 08:30:00;;144;Base;Deporvida;JORGE AUGUSTO BERNAL SANCHEZ;-
6;Paso del Comercio;Urbana;CANCHA MULTIPLE PASO DEL COMERCIO;K 1 # 71 00;FUTBOL;;Martes;;Jueves;;;;8:30:00; 10:00:00;;145;Irradiacion;Deporvida;JORGE AUGUSTO BERNAL SANCHEZ;-
6;Paso del Comercio;Urbana;CANCHA MULTIPLE PASO DEL COMERCIO;K 1 # 71 00;FUTBOL;;Martes;;Jueves;;;;10:00:00; 11:30:00;;449;Fundamentacion;Deporvida;JORGE AUGUSTO BERNAL SANCHEZ;-
6;Ciudadela Floralia;Urbana;cancha la florialita;C 72G # 5N 02;BALONCESTO;;Martes;;Jueves;;;;17:00:00; 19:00:00;;128;Base;Deporvida;SANTIAGO  RANGEL PAZ;-
6;Los Guaduales;Urbana;PARQUE CENTRAL LOS GUADUALES;K 6N # 71J 00;BALONCESTO;Lunes;;Miercoles;;;;;18:00:00; 20:00:00;;172;Fundamentacion;Deporvida;SANTIAGO  RANGEL PAZ;-
6;San Luis;Urbana;PARQUE RECREATIVO SAN LUIS CRP;K 1A 12 # 70 00;BALONCESTO;;;Miercoles;;;;;16:30:00; 18:00:00;;173;Fundamentacion;Deporvida;SANTIAGO  RANGEL PAZ;-
6;Los Guaduales;Urbana;PARQUE CENTRAL LOS GUADUALES;K 6N # 71J 00;BALONCESTO;;;;;Viernes;;;18:00:00; 20:00:00;;472;Apropiacion;Deporvida;SANTIAGO  RANGEL PAZ;-
6;Petecuy Primera Etapa;Urbana;POLIDEPORTIVO PETECUY I;K 2E # 75 00;FUTBOL SALA;;Martes;;Jueves;;;;16:00:00; 17:00:00;;131;Irradiacion;Deporvida;GIOVANNI  SANDOVAL RIOS;-
6;Petecuy Primera Etapa;Urbana;POLIDEPORTIVO PETECUY I;K 2E # 75 00;FUTBOL SALA;;Martes;;Jueves;;;;17:00:00; 18:00:00;;132;Fundamentacion;Deporvida;GIOVANNI  SANDOVAL RIOS;-
6;Petecuy Primera Etapa;Urbana;POLIDEPORTIVO PETECUY I;K 2E # 75 00;FUTBOL SALA;;Martes;;Jueves;;;;18:00:00; 19:00:00;;133;Base;Deporvida;GIOVANNI  SANDOVAL RIOS;-
6;La Rivera I;Urbana;UNIDAD DEPORTIVA LA RIVERA;K 1J # 70B 00;PATINAJE;Lunes;;Miercoles;;;;;16:00:00; 17:00:00;;142;Base;Deporvida;OSCAR YULIAN CARVAJAL PERDOMO;-
6;La Rivera I;Urbana;UNIDAD DEPORTIVA LA RIVERA;K 1J # 70B 00;PATINAJE;Lunes;;Miercoles;;;;;17:00:00; 18:00:00;;143;Irradiacion;Deporvida;OSCAR YULIAN CARVAJAL PERDOMO;-
6;Los Guaduales;Urbana;PARQUE CENTRAL LOS GUADUALES;K 6N # 71J 00;PATINAJE;;Martes;;Jueves;;;;18:00:00; 19:00:00;;399;Base;Deporvida;OSCAR YULIAN CARVAJAL PERDOMO;-
6;Los Guaduales;Urbana;PARQUE CENTRAL LOS GUADUALES;K 6N # 71J 00;PATINAJE;;Martes;;Jueves;;;;19:00:00; 20:00:00;;400;Irradiacion;Deporvida;OSCAR YULIAN CARVAJAL PERDOMO;-
6;Los Guaduales;Urbana;Unidad Recreativa Los Guadulaes;K 9N # 71-35;BMX FREESTYLE;Lunes;;Miercoles;;;;;3:00.pm-3:00.pm;4:30.pm-4:30.pm;;;No aplica;Vertigo;JUAN OSPINA;VT-BMX FREESTYLE-C6-JUAN OSPINA-G01
6;Los Guaduales;Urbana;Unidad Recreativa Los Guadulaes;K 9N # 71-35;BMX FREESTYLE;;Martes;;Jueves;;;;3:00.pm-4:00.pm;4:30.pm-5:30.pm;;;No aplica;Vertigo;JUAN OSPINA;VT-BMX FREESTYLE-C6-JUAN OSPINA-G03
6;Los Guaduales;Urbana;Teatrino Parque los Guaduales;Cra. 5 Nte. #71F - 17, COMUNA 6, Cali, Valle del Cauca;STREET WORKOUT;Lunes;;Miercoles;;;;;7:00.pm-7:00.pm;8:30.pm-8:30.pm;;;No aplica;Vertigo;LUIS CARDONA;VT-STREET WORK OUT-C6-LUIS CARDONA-G01
7;Siete de Agosto;Urbana;CASETA DEL ADULTO MAYOR;K 11 CON C 72;FUNCIONAL;Lunes;;;;;;;7:00.pm;8:00.pm;;;No aplica;ActivaMente;ANGIE AGUDELO;ACT-C-10-ANGIE A G2-GRUPO PARQUE PRIMERO DE MAYO
7;Alfonso López 1a Etapa;Urbana;Alfonso López;Carrera 7 Pbis # 72 -76;FUNCIONAL;Lunes;;;Jueves;;;;7:00.am-7:00.am;8:00.am-8:00.am;;;No aplica;ActivaMente;JULIANA HENAO;ACT-C7--JULIANA.HENAO-G03-grupo vida
7;Las Ceibas;Urbana;CANCHA MULTIPLE (FRENTE AL TERTULIADERO);calle 69 # 7R bis 90;FUNCIONAL;;Martes;;;;;;8:15.am;9:15.am;;;No aplica;ActivaMente;NATHALIA LABRADA;ACT-FUNCIONAL-C6-DESTELLOS DE AMOR-G04
7;Alfonso López 1a Etapa;Urbana;POLIDEPORTIVO LIBARDO MADRID;C 76 CON K7T;FUNCIONAL;;Martes;;;Viernes;;;7:00.am-7:00.am;8:00.am-8:00.am;;;No aplica;ActivaMente;CLAUDIA PATIÑO;ACT-FUNCIONAL-C7-BELLO ATARDECER-G05
7;Siete de Agosto;Urbana;CANCHA MULTIPLE 7 DE AGOSTO;CALLE 72 CARRERA 11A;FUNCIONAL;;;Miercoles;;;;;2:00.pm;3:00.pm;;;No aplica;ActivaMente;JORGE ACEVEDO;ACT-FUNCIONAL-C7-ESPERANZAS DEL ANCIANO-604
7;Las Ceibas;Urbana;POLIDEPORTIVO LAS CEIBAS;C 63 CON K 7V;FUNCIONAL;;;;Jueves;;;;7:00.am;8:00.am;;;No aplica;ActivaMente;NATHALIA LLAMOSA;ACT-FUNCIONAL-C7-ESTRELLAS DE LAS CEIBAS-G02
7;Siete de Agosto;Urbana;CANCHA MULTIPLE 7 DE AGOSTO;CALLE 72 CARRERA 11A;FUNCIONAL;;;;;Viernes;;;8:15.am;9:15.am;;;No aplica;ActivaMente;HECTOR BOLAÑOS;ACT-FUNCIONAL-C7-INTEGRACION 7 DE AGOSTO-G07
7;Alfonso López 2a Etapa;Urbana;PARQUE CATAÑO;C 76 # 7F BIS - 38;FUNCIONAL;;;Miercoles;;;;;7:00.am;8:00.am;;;No aplica;ActivaMente;JULIANA HENAO;ACT-FUNCIONAL-C7-JULIANA HENAO-G01- VIVAMOS MEJOR
7;Alfonso López 1a Etapa;Urbana;Cancha Multiple De Baloncesto - Micro;K 7A # 84 - 00;FUNCIONAL;;Martes;;;;;;8:00.am;9:00.am;;;No aplica;ActivaMente;NATHALIA LLAMOSA;ACT-FUNCIONAL-C7-NUEVO AMANECER-G01
7;Siete de Agosto;Urbana;POLIDEPORTIVO SIETE DE AGOSTO;C 72 CON K 8B;FUNCIONAL;;;;Jueves;;;;8:10.am;9:10.am;;;No aplica;ActivaMente;NATHALIA LLAMOSA;ACT-FUNCIONAL-C7-PAZ Y AMOR-G03
7;Andres Sanin;Urbana;CANCHA CALI BELLA;K 7B BIS   C 65;FUNCIONAL;;Martes;;Jueves;;;;8:10.am-8:10.am;9:10.am-9:10.am;;;No aplica;ActivaMente;CLAUDIA PATIÑO;ACT-FUNCIONAL-C7-RAYITOS DE LUZ-G02
7;Siete de Agosto;Urbana;CANCHA MULTIPLE 7 DE AGOSTO;CALLE 72 CARRERA 11A;FUNCIONAL;;;Miercoles;;Viernes;;;8:15.am-8:15.am;9:15.am-9:15.am;;;No aplica;ActivaMente;HECTOR BOLAÑOS;ACT-FUNCIONAL-C7-RECORDANDO EL AYER-G06
7;Alfonso López 1a Etapa;Urbana;PARQUE ELOY CATAÑO;CLL 737G - 28;ACTIVIDAD FÍSICA Y RECREACIÓN ADAPTADA;;Martes;;;;;;3:00.pm;4:30.pm;;;No aplica;Cali Incluyente;KEVIN WESSEL;CI - ACTIVIDAD FISICA Y RECREACIÓN ADAPTADA - C07 - G01
7;Siete de Agosto;Urbana;CANCHA MULTIPLE SIETE DE AGOSTO;CL 72  CRA 11A Y 11B;ACTIVIDAD FÍSICA Y RECREACIÓN ADAPTADA;;Martes;;;;;;4:40.pm;5:40.pm;;;No aplica;Cali Incluyente;KEVIN WESSEL;CI - ACTIVIDAD FISICA Y RECREACIÓN ADAPTADA - C07 - G02
7;Los Pinos;Urbana;Polideportivo las veraneras;Calle 68Aa y 69a con Cra 7j;ACTIVIDAD FÍSICA Y RECREACIÓN ADAPTADA;;;;Jueves;;;;3:00.pm;4:30.pm;;;No aplica;Cali Incluyente;KEVIN WESSEL;CI - ACTIVIDAD FISICA Y RECREACIÓN ADAPTADA - C07 - G03
7;Siete de Agosto;Urbana;I E SIETE DE AGOSTO;Calle 72B  11- 16;JUEGO EN ACCION PARA UNA INFANCIA MEJOR;;;;;Viernes;;;10:30.am;11:30.am;;;No aplica;Cali juega;JENIFER cortez;CJ- PI-C7-IEOSA-UV- TRAN 1
7;Siete de Agosto;Urbana;I E SIETE DE AGOSTO;Calle 72B  11- 16;REDCREACCION;;Martes;;;;;;7:30.am;8:30.am;;;No aplica;Cali juega;VANESA ROQUEME;CJ-ADOYJUV-C10-IEJMV-SP-SEPT4
7;Siete de Agosto;Urbana;I E SIETE DE AGOSTO;Calle 72B  11- 16;REDCREACCION;;Martes;;;;;;9:45.am;10:40.am;;;No aplica;Cali juega;JORGE RAMOS;CJ-ADOYJUV-C10-IEOSA-NOV3
7;Siete de Agosto;Urbana;I E SIETE DE AGOSTO;Calle 72B  11- 16;REDCREACCION;;Martes;;;;;;6:30.am;7:25.am;;;No aplica;Cali juega;MANUEL LOPEZ;CJ-ADOYJUV-C10-IEOSA-OCT2
7;Siete de Agosto;Urbana;I E SIETE DE AGOSTO;Calle 72B  11- 16;REDCREACCION;;Martes;;;;;;7:25.am;8:20.am;;;No aplica;Cali juega;JORGE RAMOS;CJ-ADOYJUV-C10-IEOSA-ONC3
7;Siete de Agosto;Urbana;I E SIETE DE AGOSTO;Calle 72B  11- 16;REDCREACCION;;Martes;;;;;;10:40.am;11:35.am;;;No aplica;Cali juega;MANUEL LOPEZ;CJ-ADOYJUV-C10-IEOSAOCT3
7;Siete de Agosto;Urbana;I E SIETE DE AGOSTO;Calle 72B  11- 16;REDCREACCION;;;Miercoles;;;;;6:30.am;7:25.am;;;No aplica;Cali juega;BRYAN LEON;CJ-ADOYJUV-C7-IEOSA-NOV1
7;Siete de Agosto;Urbana;I E SIETE DE AGOSTO;Calle 72B  11- 16;REDCREACCION;;Martes;;;;;;8:20.am;9:15.am;;;No aplica;Cali juega;MANUEL LOPEZ;CJ-ADOYJUV-C7-IEOSA-NOV2
7;Siete de Agosto;Urbana;I E SIETE DE AGOSTO;Calle 72B  11- 16;REDCREACCION;;;Miercoles;;;;;11:35.am;12:30.pm;;;No aplica;Cali juega;BRYAN LEON;CJ-ADOYJUV-C7-IEOSA-ONC1
7;Siete de Agosto;Urbana;I E SIETE DE AGOSTO;Calle 72B  11- 16;REDCREACCION;;;Miercoles;;;;;10:40.am;11:35.am;;;No aplica;Cali juega;BRYAN LEON;CJ-ADOYJUV-C7-IEOSA-ONC2
7;Siete de Agosto;Urbana;I E SIETE DE AGOSTO;Calle 72B  11- 16;REDCREACCION;;Martes;;;;;;8:20.am;9:15.am;;;No aplica;Cali juega;MARIA MANZANO;CJ-ADOYJUV-C7-IEOSA-SEX1
7;Siete de Agosto;Urbana;I E SIETE DE AGOSTO;Calle 72B  11- 16;REDCREACCION;;Martes;;;;;;9:45.am;10:40.am;;;No aplica;Cali juega;MARIA MANZANO;CJ-ADOYJUV-C7-IEOSA-SEX2
7;Siete de Agosto;Urbana;I E SIETE DE AGOSTO;Calle 72B  11- 16;REDCREACCION;;Martes;;;;;;10:40.am;11:35.am;;;No aplica;Cali juega;MARIA MANZANO;CJ-ADOYJUV-C7-IEOSA-SEX3
7;Siete de Agosto;Urbana;I E SIETE DE AGOSTO;Calle 72B  11- 16;REDCREACCION;;Martes;;;;;;7:25.am;8:20.am;;;No aplica;Cali juega;MARIA MANZANO;CJ-ADOYJUV-C7-IEOSA-SP-DEC1
7;Siete de Agosto;Urbana;I E SIETE DE AGOSTO;Calle 72B  11- 16;REDCREACCION;;Martes;;;;;;11:35.am;12:30.pm;;;No aplica;Cali juega;MARIA MANZANO;CJ-ADOYJUV-C7-IEOSA-SP-DEC2
7;Siete de Agosto;Urbana;I E SIETE DE AGOSTO;Calle 72B  11- 16;REDCREACCION;;;Miercoles;;;;;7:25.am;8:20.am;;;No aplica;Cali juega;GILARID CASTAÑO;CJ-ADOYJUV-C7-IEOSA-SP-DEC3
7;Siete de Agosto;Urbana;I E SIETE DE AGOSTO;Calle 72B  11- 16;REDCREACCION;;Martes;;;;;;6:30.am;7:25.am;;;No aplica;Cali juega;MARIA MANZANO;CJ-ADOYJUV-C7-IEOSA-SP-OCT1
7;Siete de Agosto;Urbana;I E SIETE DE AGOSTO;Calle 72B  11- 16;REDCREACCION;;Martes;;;;;;12:30.pm;1:30.pm;;;No aplica;Cali juega;GILARID CASTAÑO;CJ-ADOYJUV-C7-IEOSA-SP-SEPT1
7;Siete de Agosto;Urbana;I E SIETE DE AGOSTO;Calle 72B  11- 16;REDCREACCION;;;Miercoles;;;;;8:20.am;9:15.am;;;No aplica;Cali juega;BRYAN LEON;CJ-ADOYJUV-C7-IEOSA-SP-SEPT2
7;Siete de Agosto;Urbana;I E SIETE DE AGOSTO;Calle 72B  11- 16;REDCREACCION;;;Miercoles;;;;;9:45.am;10:40.pm;;;No aplica;Cali juega;BRYAN LEON;CJ-ADOYJUV-C7-IEOSA-SP-SEPT3
7;Siete de Agosto;Urbana;I E SIETE DE AGOSTO;Calle 72B  11- 16;REDCREACCION;;;Miercoles;;;;;12:30.pm;1:30.pm;;;No aplica;Cali juega;BRYAN LEON;CJ-ADOYJUV-C7-IEOSA-SP-SEXT4
7;Siete de Agosto;Urbana;I E SIETE DE AGOSTO;Calle 72B  11- 16;ENTRE RISAS Y JUEGOS;;;Miercoles;;;;;8:00.am;9:00.am;;;No aplica;Cali juega;CRISTIAN TORRES (LR29);CJ-INF-C7-IEOSA-AMV-CUAR1
7;Siete de Agosto;Urbana;I E SIETE DE AGOSTO;Calle 72B  11- 16;ENTRE RISAS Y JUEGOS;;;Miercoles;;;;;9:00.am;9:45.am;;;No aplica;Cali juega;ESTHER MINA;CJ-INF-C7-IEOSA-AMV-CUAR2
7;Siete de Agosto;Urbana;I E SIETE DE AGOSTO;Calle 72B  11- 16;ENTRE RISAS Y JUEGOS;;;Miercoles;;;;;10:15.am;11:00.am;;;No aplica;Cali juega;ESTHER MINA;CJ-INF-C7-IEOSA-AMV-QUIN1
7;Siete de Agosto;Urbana;I E SIETE DE AGOSTO;Calle 72B  11- 16;ENTRE RISAS Y JUEGOS;;;Miercoles;;;;;11:00.am;12:00.pm;;;No aplica;Cali juega;ESTHER MINA;CJ-INF-C7-IEOSA-AMV-QUIN2
7;Siete de Agosto;Urbana;I E SIETE DE AGOSTO;Calle 72B  11- 16;ENTRE RISAS Y JUEGOS;;;Miercoles;;;;;7:00.am;8:00.am;;;No aplica;Cali juega;CRISTIAN TORRES (LR29);CJ-INF-C7-IEOSA-AMV-TER2
7;Siete de Agosto;Urbana;I E SIETE DE AGOSTO;Calle 72B  11- 16;ENTRE RISAS Y JUEGOS;;Martes;;;;;;7:00.am;8:00.am;;;No aplica;Cali juega;CARLOS MEZA;CJ-INF-C7-IEOSA-PRI1
7;Siete de Agosto;Urbana;I E SIETE DE AGOSTO;Calle 72B  11- 16;ENTRE RISAS Y JUEGOS;;Martes;;;;;;8:00.am;9:00.am;;;No aplica;Cali juega;DIEGO VALDES;CJ-INF-C7-IEOSA-PRI2
7;Siete de Agosto;Urbana;I E SIETE DE AGOSTO;Calle 72B  11- 16;ENTRE RISAS Y JUEGOS;;Martes;;;;;;9:00.am;9:45.am;;;No aplica;Cali juega;CRISTIAN TORRES (LR29);CJ-INF-C7-IEOSA-SEG1
7;Siete de Agosto;Urbana;I E SIETE DE AGOSTO;Calle 72B  11- 16;ENTRE RISAS Y JUEGOS;;Martes;;;;;;10:15.am;11:00.am;;;No aplica;Cali juega;CRISTIAN TORRES (LR29);CJ-INF-C7-IEOSA-SEG2
7;Siete de Agosto;Urbana;I E SIETE DE AGOSTO;Calle 72B  11- 16;ENTRE RISAS Y JUEGOS;;Martes;;;;;;11:00.am;12:00.pm;;;No aplica;Cali juega;DIEGO VALDES;CJ-INF-C7-IEOSA-TER1
7;Siete de Agosto;Urbana;I E SIETE DE AGOSTO;Calle 72B  11- 16;ENTRE RISAS Y JUEGOS;;;;Jueves;;;;8:00.am;9:00.am;;;No aplica;Cali juega;NAYEILY LASSO;CJ-INF-C7-IEOSA-UV-CUAR1
7;Siete de Agosto;Urbana;I E SIETE DE AGOSTO;Calle 72B  11- 16;ENTRE RISAS Y JUEGOS;;;;Jueves;;;;9:00.am;9:45.am;;;No aplica;Cali juega;JOHANN RAMÍREZ;CJ-INF-C7-IEOSA-UV-CUAR2
7;Siete de Agosto;Urbana;I E SIETE DE AGOSTO;Calle 72B  11- 16;ENTRE RISAS Y JUEGOS;;;;;Viernes;;;8:00.am;9:00.am;;;No aplica;Cali juega;NILSON ARMIJO;CJ-INF-C7-IEOSA-UV-PRI1
7;Siete de Agosto;Urbana;I E SIETE DE AGOSTO;Calle 72B  11- 16;ENTRE RISAS Y JUEGOS;;;;Jueves;;;;10:15.am;11:00.am;;;No aplica;Cali juega;JOHANN RAMÍREZ;CJ-INF-C7-IEOSA-UV-QUIN1
7;Siete de Agosto;Urbana;I E SIETE DE AGOSTO;Calle 72B  11- 16;ENTRE RISAS Y JUEGOS;;;;Jueves;;;;11:00.am;12:00.am;;;No aplica;Cali juega;JOHANN RAMÍREZ;CJ-INF-C7-IEOSA-UV-QUIN2
7;Siete de Agosto;Urbana;I E SIETE DE AGOSTO;Calle 72B  11- 16;ENTRE RISAS Y JUEGOS;;;;;Viernes;;;9:00.am;9:45.am;;;No aplica;Cali juega;NILSON ARMIJO;CJ-INF-C7-IEOSA-UV-SEG1
7;Siete de Agosto;Urbana;I E SIETE DE AGOSTO;Calle 72B  11- 16;ENTRE RISAS Y JUEGOS;;;;;Viernes;;;10:15.am;11:00.am;;;No aplica;Cali juega;NILSON ARMIJO;CJ-INF-C7-IEOSA-UV-SEG2
7;Siete de Agosto;Urbana;I E SIETE DE AGOSTO;Calle 72B  11- 16;ENTRE RISAS Y JUEGOS;;;;;Viernes;;;11:00.am;12:00.pm;;;No aplica;Cali juega;NILSON ARMIJO;CJ-INF-C7-IEOSA-UV-TER1
7;Siete de Agosto;Urbana;I E SIETE DE AGOSTO;Calle 72B  11- 16;ENTRE RISAS Y JUEGOS;;;;Jueves;;;;7:00.am;8:00.am;;;No aplica;Cali juega;NAYEILY LASSO;CJ-INF-C7-IEOSA-UV-TER2
7;Siete de Agosto;Urbana;PEQUEÑOS SALTARINES;Dg 15 #71a – 134;JUEGO EN ACCION PARA UNA INFANCIA MEJOR;;Martes;;;;;;9:00.am;10:00.am;;;No aplica;Cali juega;LAURA MATALLANA;CJ-PI-C7-HIPS-PAR
7;Siete de Agosto;Urbana;PEQUEÑOS SALTARINES;Dg 15 #71a – 134;JUEGO EN ACCION PARA UNA INFANCIA MEJOR;;Martes;;;;;;10:00.am;11:00.am;;;No aplica;Cali juega;LAURA MATALLANA;CJ-PI-C7-HIPS-PREJ
7;Siete de Agosto;Urbana;I E SIETE DE AGOSTO;Calle 72B  11- 16;JUEGO EN ACCION PARA UNA INFANCIA MEJOR;;;;;Viernes;;;8:00.am;9:00.am;;;No aplica;Cali juega;JENIFER cortez;CJ-PI-C7-IEOSA-TRAN1
7;Siete de Agosto;Urbana;I E SIETE DE AGOSTO;Calle 72B  11- 16;JUEGO EN ACCION PARA UNA INFANCIA MEJOR;;;;;Viernes;;;9:00.am;10:00.am;;;No aplica;Cali juega;JENIFER cortez;CJ-PI-C7-IEOSA-TRAN2
7;Siete de Agosto;Urbana;I.E SIETE DE AGOSTO- ANA MARIA VERNAZA;1598;RECREO DEPORTIVO;;Martes;;;;;;10:20AM;11:40am;;;No aplica;Deporte Escolar;DANIEL DOMINGUEZ;2019
7;Siete de Agosto;Urbana;I.E SIETE DE AGOSTO- ANA MARIA VERNAZA;1599;RECREO DEPORTIVO;;Martes;;;;;;11:40AM;12:30pm;;;No aplica;Deporte Escolar;DANIEL DOMINGUEZ;2020
7;Siete de Agosto;Urbana;I.E SIETE DE AGOSTO- ANA MARIA VERNAZA;1600;RECREO DEPORTIVO;;;;Jueves;;;;7:00AM;8:25am;;;No aplica;Deporte Escolar;DANIEL DOMINGUEZ;2021
7;Siete de Agosto;Urbana;I.E SIETE DE AGOSTO- ANA MARIA VERNAZA;1601;RECREO DEPORTIVO;;;;Jueves;;;;8:25AM;9:45am;;;No aplica;Deporte Escolar;DANIEL DOMINGUEZ;2022
7;Siete de Agosto;Urbana;I.E SIETE DE AGOSTO- ANA MARIA VERNAZA;1602;RECREO DEPORTIVO;;;;Jueves;;;;10:20AM;11:40am;;;No aplica;Deporte Escolar;DANIEL DOMINGUEZ;2023
7;Siete de Agosto;Urbana;I.E SIETE DE AGOSTO- ANA MARIA VERNAZA;1603;RECREO DEPORTIVO;;;;Jueves;;;;11:40AM;12:30pm;;;No aplica;Deporte Escolar;DANIEL DOMINGUEZ;2024
7;Siete de Agosto;Urbana;I.E SIETE DE AGOSTO- ANA MARIA VERNAZA;1604;RECREO DEPORTIVO;;;;;Viernes;;;7:00AM;8:25am;;;No aplica;Deporte Escolar;DANIEL DOMINGUEZ;2025
7;Siete de Agosto;Urbana;I.E SIETE DE AGOSTO- ANA MARIA VERNAZA;1605;RECREO DEPORTIVO;;;;;Viernes;;;8:25AM;9:45am;;;No aplica;Deporte Escolar;DANIEL DOMINGUEZ;2026
7;Siete de Agosto;Urbana;I.E SIETE DE AGOSTO- ANA MARIA VERNAZA;1606;RECREO DEPORTIVO;;;;;Viernes;;;10:20AM;11:40am;;;No aplica;Deporte Escolar;DANIEL DOMINGUEZ;2027
7;Siete de Agosto;Urbana;I.E SIETE DE AGOSTO- ANA MARIA VERNAZA;1607;RECREO DEPORTIVO;;;;;Viernes;;;11:40AM;12:30pm;;;No aplica;Deporte Escolar;DANIEL DOMINGUEZ;2028
7;Siete de Agosto;Urbana;I.E SIETE DE AGOSTO- UNIDAD VECINAL SIETE DE AGOSTO;1610;RECREO DEPORTIVO;;Martes;;;;;;7:00AM;7:55am;;;No aplica;Deporte Escolar;JAIME BECERRA;2031
7;Siete de Agosto;Urbana;I.E SIETE DE AGOSTO- UNIDAD VECINAL SIETE DE AGOSTO;1611;RECREO DEPORTIVO;;Martes;;;;;;7:55AM;8:50pm;;;No aplica;Deporte Escolar;JAIME BECERRA;2032
7;Siete de Agosto;Urbana;I.E SIETE DE AGOSTO- UNIDAD VECINAL SIETE DE AGOSTO;1612;RECREO DEPORTIVO;;Martes;;;;;;8:50AM;9:45am;;;No aplica;Deporte Escolar;JAIME BECERRA;2033
7;Siete de Agosto;Urbana;I.E SIETE DE AGOSTO- UNIDAD VECINAL SIETE DE AGOSTO;1613;RECREO DEPORTIVO;;Martes;;;;;;10:15AM;12:00pm;;;No aplica;Deporte Escolar;JAIME BECERRA;2034
7;Siete de Agosto;Urbana;I.E SIETE DE AGOSTO- UNIDAD VECINAL SIETE DE AGOSTO;1614;RECREO DEPORTIVO;;;Miercoles;;;;;7:00AM;7:55am;;;No aplica;Deporte Escolar;JAIME BECERRA;2035
7;Siete de Agosto;Urbana;I.E SIETE DE AGOSTO- UNIDAD VECINAL SIETE DE AGOSTO;1615;RECREO DEPORTIVO;;;Miercoles;;;;;7:55AM;8:50am;;;No aplica;Deporte Escolar;JAIME BECERRA;2036
7;Siete de Agosto;Urbana;I.E SIETE DE AGOSTO- UNIDAD VECINAL SIETE DE AGOSTO;1616;RECREO DEPORTIVO;;;Miercoles;;;;;8:50AM;9:45am;;;No aplica;Deporte Escolar;JAIME BECERRA;2037
7;Siete de Agosto;Urbana;I.E SIETE DE AGOSTO- UNIDAD VECINAL SIETE DE AGOSTO;1617;RECREO DEPORTIVO;;;Miercoles;;;;;11:15AM;11:10am;;;No aplica;Deporte Escolar;JAIME BECERRA;2038
7;Siete de Agosto;Urbana;I.E SIETE DE AGOSTO- UNIDAD VECINAL SIETE DE AGOSTO;1618;RECREO DEPORTIVO;;;Miercoles;;;;;11:10AM;12:05pm;;;No aplica;Deporte Escolar;JAIME BECERRA;2039
7;Siete de Agosto;Urbana;I.E SIETE DE AGOSTO- ELEAZAR LIBREROS;1619;RECREO DEPORTIVO;;;;Jueves;;;;10:15AM;11:10am;;;No aplica;Deporte Escolar;JAIME BECERRA;2040
7;Siete de Agosto;Urbana;I.E SIETE DE AGOSTO- ELEAZAR LIBREROS;1620;RECREO DEPORTIVO;;;;Jueves;;;;11:10AM;12:05pm;;;No aplica;Deporte Escolar;JAIME BECERRA;2041
7;Urbanización El Angel del Hogar;Urbana;I.E VICENTE BORRERO COSTA- PRESBITERO ELOY VALENZUELA;1675;RECREO DEPORTIVO;;;Miercoles;;;;;7:15AM;8:00am;;;No aplica;Deporte Escolar;JAIME ARCE;2096
7;Urbanización El Angel del Hogar;Urbana;I.E VICENTE BORRERO COSTA- PRESBITERO ELOY VALENZUELA;1676;RECREO DEPORTIVO;;;Miercoles;;;;;8:00AM;9:00am;;;No aplica;Deporte Escolar;JAIME ARCE;2097
7;Urbanización El Angel del Hogar;Urbana;I.E VICENTE BORRERO COSTA- PRESBITERO ELOY VALENZUELA;1677;RECREO DEPORTIVO;;;Miercoles;;;;;9:00AM;10:00am;;;No aplica;Deporte Escolar;JAIME ARCE;2098
7;Urbanización El Angel del Hogar;Urbana;I.E VICENTE BORRERO COSTA- PRESBITERO ELOY VALENZUELA;1678;RECREO DEPORTIVO;;;Miercoles;;;;;10:30AM;11:15am;;;No aplica;Deporte Escolar;JAIME ARCE;2099
7;Urbanización El Angel del Hogar;Urbana;I.E VICENTE BORRERO COSTA- PRESBITERO ELOY VALENZUELA;1679;RECREO DEPORTIVO;;;Miercoles;;;;;11:15AM;12:00pm;;;No aplica;Deporte Escolar;JAIME ARCE;2100
7;Urbanización El Angel del Hogar;Urbana;I.E VICENTE BORRERO COSTA- PRESBITERO ELOY VALENZUELA;1680;RECREO DEPORTIVO;;;Miercoles;;;;;1:15PM;2:00pm;;;No aplica;Deporte Escolar;JAIME ARCE;2101
7;Urbanización El Angel del Hogar;Urbana;I.E VICENTE BORRERO COSTA- PRESBITERO ELOY VALENZUELA;1681;RECREO DEPORTIVO;;;Miercoles;;;;;2:00PM;2:45pm;;;No aplica;Deporte Escolar;JAIME ARCE;2102
7;Urbanización El Angel del Hogar;Urbana;I.E VICENTE BORRERO COSTA- PRESBITERO ELOY VALENZUELA;1682;RECREO DEPORTIVO;;;Miercoles;;;;;2:45PM;3:30pm;;;No aplica;Deporte Escolar;JAIME ARCE;2103
7;Urbanización El Angel del Hogar;Urbana;I.E VICENTE BORRERO COSTA- PRESBITERO ELOY VALENZUELA;1683;RECREO DEPORTIVO;;;Miercoles;;;;;4:00PM;5:00pm;;;No aplica;Deporte Escolar;JAIME ARCE;2104
7;Alfonso López 1a Etapa;Urbana;CASA TATA PLINIO YALANDA;Carrera 7p bis # 76-72;SESIONES LUDICOPEDAGOGICAS;;;;;;Sabado;;8:00.pm;9:00.pm;;;No aplica;Poblacion y Etnias;ANNY YALANDA;PYE-INDIGENA-C07- CASA PLINIO YALANDA -ANNY YALANDA-G03
7;Siete de Agosto;Urbana;CANCHA SINTETICA  SIETE DE AGOSTO;Carrera 11C con calle 72;SESIONES LUDICOPEDAGOGICAS;Lunes;;Miercoles;;;;;9:00.pm-9:00.pm;10:00.pm-10:00.pm;;;No aplica;Poblacion y Etnias;LAURA CASTRO;PYE-LGBTIQ+-COLECTIVOS-C7-LAS REGIAS-LAURA CASTRO-G01
7;Siete de Agosto;Urbana;CANCHA SINTETICA  SIETE DE AGOSTO;Carrera 11C con calle 72;SESIONES LUDICOPEDAGOGICAS;Lunes;;;;;;;8:00.pm;9:00.pm;;;No aplica;Poblacion y Etnias;LAURA CASTRO;PYE-LGTBIQ+-COLECTIVOS-C7-EVOLUTIONS-LAURA CASTRO-G03
7;Siete de Agosto;Urbana;CANCHA SINTETICA  SIETE DE AGOSTO;Carrera 11C con calle 72;SESIONES LUDICOPEDAGOGICAS;;Martes;;Jueves;;;;7:00.pm-7:00.pm;8:00.pm-8:00.pm;;;No aplica;Poblacion y Etnias;LAURA CASTRO;PYE-LGTBIQ+-RECICLADORESCOLECTIVOS-C7-SPORTING DE BARU-LAURA CASTRO-G02
7;Alfonso López 1a Etapa;Urbana;BUEN FUTURO;Carrera 8 # 76- 93;SESIONES LUDICOPEDAGOGICAS;;;;Jueves;;;;2:40.pm;4:00.pm;;;No aplica;Poblacion y Etnias;CAROLINA CALVACHE;PYE-RECICLADORES-C7-BUEN FUTURO-CAROLINA CALVACHE GUEVARA-G02
7;Alfonso López 1a Etapa;Urbana;Fundacion Ser Ambiental;Carrera 1a # 53-120;SESIONES LUDICOPEDAGOGICAS;;;;Jueves;;;;4:15.pm;5:30.pm;;;No aplica;Poblacion y Etnias;CAROLINA CALVACHE;PYE-RECICLADORES-C7-FUNDACIÓN SER AMBIENTAL-CAROLINA CALVACHE GUEVARA-G01
7;Los Pinos;Urbana;CIDES PARQUES LOS PINOS;K 96 2B Oeste # 25 00;FUTBOL;;;;;;Sabado;;17:00:00; 19:00:00;;342;Irradiacion;Deporvida;ANDRES felipe CASTILLO ILLO;-
7;Los Pinos;Urbana;CIDES PARQUES LOS PINOS;K 96 2B Oeste # 25 00;FUTBOL;;Martes;;;;;;18:30:00; 20:30:00;;342;Irradiacion;Deporvida;ANDRES felipe CASTILLO ILLO;-
7;Los Pinos;Urbana;CIDES PARQUES LOS PINOS;K 96 2B Oeste # 25 00;FUTBOL;;Martes;;;Viernes;;;20:30:00; 21:45:00;;344;Fundamentacion;Deporvida;MARIO andres BEDOYA ROJAS;-
7;Los Pinos;Urbana;CIDES PARQUES LOS PINOS;K 96 2B Oeste # 25 00;FUTBOL;;Martes;;;Viernes;;;9:45:00; 11:00:00;;415;Fundamentacion;Deporvida;MARIO andres BEDOYA ROJAS;-
7;Los Pinos;Urbana;CIDES PARQUES LOS PINOS;K 96 2B Oeste # 25 00;BALONCESTO;;Martes;;Jueves;;;;8:30:00; 10:00:00;;351;Irradiacion;Deporvida;HOOVER Duvan VELEZ CASTILLO;-
7;Los Pinos;Urbana;CIDES PARQUES LOS PINOS;K 96 2B Oeste # 25 00;BALONCESTO;;;Miercoles;;;;;16:00:00; 17:00:00;;352;Irradiacion;Deporvida;HOOVER Duvan VELEZ CASTILLO;-
7;Los Pinos;Urbana;CIDES PARQUES LOS PINOS;K 96 2B Oeste # 25 00;BALONCESTO;;Martes;;;;;;17:00:00; 18:00:00;;352;Irradiacion;Deporvida;HOOVER Duvan VELEZ CASTILLO;-
7;Los Pinos;Urbana;CIDES PARQUES LOS PINOS;K 96 2B Oeste # 25 00;RUGBY;;;;;Viernes;;;17:00:00; 18:00:00;;330;Fundamentacion;Deporvida;JEAN PIERRE TOBON CASTILLA;-
7;Las Ceibas;Urbana;Unidad Recreativa Las Ceibas;C 63 # 7U 00;NATACION;;;;;Viernes;;;11:00:00; 12:00:00;;237;Base;Deporvida;ANDRES FELIPE LERMA CASTILLO;-
7;Las Ceibas;Urbana;Unidad Recreativa Las Ceibas;C 63 # 7U 00;NATACION;;;Miercoles;;;;;13:30:00; 14:30:00;;237;Base;Deporvida;ANDRES FELIPE LERMA CASTILLO;-
7;Las Ceibas;Urbana;Unidad Recreativa Las Ceibas;C 63 # 7U 00;NATACION;;;;Jueves;;;;13:30:00; 14:30:00;;238;Irradiacion;Deporvida;ANDRES FELIPE LERMA CASTILLO;-
7;Las Ceibas;Urbana;Unidad Recreativa Las Ceibas;C 63 # 7U 00;NATACION;;;;;Viernes;;;10:00:00; 11:00:00;;239;Fundamentacion;Deporvida;ANDRES FELIPE LERMA CASTILLO;-
7;Alfonso Lopez 2a Etapa;Urbana;INSTITUCION EDUCATIVA PURIFICACION TRUJILLO;K 7J # 72 00;FUTBOL;;;;Jueves;;;;7:00:00; 08:00:00;;201;Base;Deporvida;RONALD LEANDRO MENDOZA BECERRA;-
7;Alfonso Lopez 2a Etapa;Urbana;INSTITUCION EDUCATIVA PURIFICACION TRUJILLO;K 7J # 72 00;FUTBOL;Lunes;;;;;;;16:00:00; 17:00:00;;201;Base;Deporvida;RONALD LEANDRO MENDOZA BECERRA;-
7;Alfonso Lopez 3a Etapa;Urbana;SEPARADOR CALLE 81 CANCHA DE FUTBOL 7;C 81 # 7M;FUTBOL;;;;Jueves;;;;8:00:00; 09:00:00;;203;Irradiacion;Deporvida;RONALD LEANDRO MENDOZA BECERRA;-
7;Alfonso Lopez 3a Etapa;Urbana;SEPARADOR CALLE 81 CANCHA DE FUTBOL 7;C 81 # 7M;FUTBOL;Lunes;;;;;;;17:00:00; 18:00:00;;203;Irradiacion;Deporvida;RONALD LEANDRO MENDOZA BECERRA;-
7;Alfonso Lopez 2a Etapa;Urbana;INSTITUCION EDUCATIVA PURIFICACION TRUJILLO;K 7J # 72 00;FUTBOL;;;Miercoles;;;;;7:00:00; 08:00:00;;205;Fundamentacion;Deporvida;RONALD LEANDRO MENDOZA BECERRA;-
7;Alfonso Lopez 2a Etapa;Urbana;INSTITUCION EDUCATIVA PURIFICACION TRUJILLO;K 7J # 72 00;FUTBOL;;Martes;;;;;;8:00:00; 09:00:00;;205;Fundamentacion;Deporvida;RONALD LEANDRO MENDOZA BECERRA;-
7;Alfonso Lopez 2a Etapa;Urbana;INSTITUCION EDUCATIVA PURIFICACION TRUJILLO;K 7J # 72 00;FUTBOL;;Martes;;;;;;7:00:00; 08:00:00;;208;Apropiacion;Deporvida;RONALD LEANDRO MENDOZA BECERRA;-
7;Alfonso Lopez 2a Etapa;Urbana;INSTITUCION EDUCATIVA PURIFICACION TRUJILLO;K 7J # 72 00;FUTBOL;;;Miercoles;;;;;8:00:00; 09:00:00;;208;Apropiacion;Deporvida;RONALD LEANDRO MENDOZA BECERRA;-
7;Alfonso Lopez 3a Etapa;Urbana;Polideportivo Alfonso Lopez III;K 7T BIS # 81 00;FUTBOL;Lunes;;Miercoles;;;;;18:30:00; 20:00:00;;246;Fundamentacion;Deporvida;CARLOS ANDRES BONILLA SINISTERRA;-
7;Alfonso Lopez 3a Etapa;Urbana;Polideportivo Alfonso Lopez III;K 7T BIS # 81 00;FUTBOL;;Martes;;Jueves;;;;19:00:00; 20:30:00;;247;Irradiacion;Deporvida;CARLOS ANDRES BONILLA SINISTERRA;-
7;Alfonso Lopez 3a Etapa;Urbana;Polideportivo Alfonso Lopez III;K 7T BIS # 81 00;FUTBOL;;;Miercoles;;Viernes;;;17:00:00; 18:30:00;;248;Fundamentacion;Deporvida;CARLOS ANDRES BONILLA SINISTERRA;-
7;Alfonso Lopez 3a Etapa;Urbana;Polideportivo Alfonso Lopez III;K 7T BIS # 81 00;FUTBOL;Lunes;;Miercoles;;;;;15:30:00; 17:00:00;;264;Fundamentacion;Deporvida;OMAR  SINISTERRA (LR20) DIAZ;-
7;Alfonso Lopez 3a Etapa;Urbana;Polideportivo Alfonso Lopez III;K 7T BIS # 81 00;FUTBOL;Lunes;Martes;;;;;;18:30:00; 20:00:00;;265;Irradiacion;Deporvida;OMAR  SINISTERRA (LR20) DIAZ;-
7;Alfonso Lopez 3a Etapa;Urbana;Polideportivo Alfonso Lopez III;K 7T BIS # 81 00;FUTBOL;;Martes;;Jueves;;;;17:00:00; 18:30:00;;266;Irradiacion;Deporvida;OMAR  SINISTERRA (LR20) DIAZ;-
7;Andres Sanin;Urbana;Parque Recreativo LAS ACACIAS (CRP);C 76 # 11 00;FUTBOL SALA;;Martes;;Jueves;;;;8:00:00; 09:30:00;;202;Base;Deporvida;ANDRES FELIPE PUENTES GONZALEZ;-
7;Andres Sanin;Urbana;Parque Recreativo LAS ACACIAS (CRP);C 76 # 11 00;FUTBOL SALA;;Martes;;Jueves;;;;10:30:00; 12:00:00;;204;Fundamentacion;Deporvida;ANDRES FELIPE PUENTES GONZALEZ;-
7;Andres Sanin;Urbana;Parque Recreativo LAS ACACIAS (CRP);C 76 # 11 00;FUTBOL SALA;;;Miercoles;;;;;8:00:00; 09:30:00;;206;Base;Deporvida;ANDRES FELIPE PUENTES GONZALEZ;-
7;Andres Sanin;Urbana;Parque Recreativo LAS ACACIAS (CRP);C 76 # 11 00;FUTBOL SALA;;;;;Viernes;;;8:00:00; 21:30:00;;206;Base;Deporvida;ANDRES FELIPE PUENTES GONZALEZ;-
7;Andres Sanin;Urbana;Parque Recreativo LAS ACACIAS (CRP);C 76 # 11 00;FUTBOL SALA;;;Miercoles;;;;;10:30:00; 12:00:00;;207;Fundamentacion;Deporvida;ANDRES FELIPE PUENTES GONZALEZ;-
7;Andres Sanin;Urbana;Parque Recreativo LAS ACACIAS (CRP);C 76 # 11 00;FUTBOL SALA;;;;;Viernes;;;10:30:00; 12:30:00;;207;Fundamentacion;Deporvida;ANDRES FELIPE PUENTES GONZALEZ;-
8;Las Américas;Urbana;Parque Las Americas;Calle 39 con Calle 12A;FUNCIONAL;;;Miercoles;;;;;6:00.am;7:00.am;;;No aplica;ActivaMente;HAROLD COY;ACT -C-8-HAROLD-C-G3-LAS AMERICAS
8;Las Américas;Urbana;Parque Las Americas;Calle 39 con Calle 12A;FUNCIONAL;;;Miercoles;;;;;7:00.am;8:00.am;;;No aplica;ActivaMente;HAROLD COY;ACT -C-8-HAROLD-C-G4-AMERICAS
8;La Base;Urbana;COLISEO JOSE ARLEN CARVAJAL;CRA12 CON CLL 56;FUNCIONAL;;;Miercoles;;;;;7:00.am;8:00.am;;;No aplica;ActivaMente;PAULO PLAZA;ACT-C-1-PAULO.PLAZA-G04-CAMINANTES
8;Municipal;Urbana;Cancha Multiple Municipal;CRA11F # 32 - 00;FUNCIONAL;;Martes;Miercoles;;;;;6:00.am-6:00.am;7:00.am-7:00.am;;;No aplica;ActivaMente;SAUL JIMENEZ;ACT-FUNCIONAL-C8-AIRE-G02
8;Las Américas;Urbana;Coliseo las Americas;CRA 12 # 36 - 84;FUNCIONAL;;Martes;;Jueves;;;;6:00.am-6:00.am;7:00.am-7:00.am;;;No aplica;ActivaMente;ANDRES CARDONA;ACT-FUNCIONAL-C8-AMOR Y AMISTAD-G02
8;La Base;Urbana;COLISEO JOSE ARLEN CARVAJAL;CRA12 CON CLL 56;FUNCIONAL;;;;Jueves;;;;7:30.am;9:00.am;;;No aplica;ActivaMente;SAUL JIMENEZ;ACT-FUNCIONAL-C8-ASOCIACION LAZOS DE AMISTAD-G05
8;Villa Colombia;Urbana;SEDE COMUNAL VILLA COLOMBIA;CLL 49 CON CRA 12E;FUNCIONAL;Lunes;Martes;;;;;;3:30.pm-3:30.pm;4:30.pm-4:30.pm;;;No aplica;ActivaMente;YURANI CASTILLO;ACT-FUNCIONAL-C8-BELLO ATARDECER-G05
8;Villa Colombia;Urbana;CANCHA MULTIPLE VILLA COLOMBIA;CLL 49 CON CRA10;FUNCIONAL;;;Miercoles;;Viernes;;;8:10.am-8:10.am;9:10.am-9:10.am;;;No aplica;ActivaMente;JHON VELASCO;ACT-FUNCIONAL-C8-BELLO HORIZONTE-G03
8;Atanasio Girardot;Urbana;CANCHA MULTIPLE ATANASIO GIRARDOT;CRA 16 # 43 - 00;FUNCIONAL;;Martes;;;Viernes;;;7:30.am-7:30.am;8:30.am-8:30.am;;;No aplica;ActivaMente;WENDY OCAMPO;ACT-FUNCIONAL-C8-CAMINEMOS-G02
8;Villa Colombia;Urbana;Polideportivo Villa colombia;CRA 10 # 49 - 00;FUNCIONAL;Lunes;;;;;;;8:15.am;9:15.am;;;No aplica;ActivaMente;YURANI CASTILLO;ACT-FUNCIONAL-C8-CLUB DE LA SALUD-G04
8;La Base;Urbana;PARQUE RECREATIVO LA BASE- CANCHA DE LOS COLORES;CLL 62 # 11-00;FUNCIONAL;Lunes;;;;Viernes;;;6:00.am-6:00.am;7:00.am-7:00.am;;;No aplica;ActivaMente;SAUL JIMENEZ;ACT-FUNCIONAL-C8-EBENEZER-G01
8;Las Américas;Urbana;Coliseo las Americas;CRA 12 # 36 - 84;FUNCIONAL;;Martes;;Jueves;;;;7:00.am-7:00.am;8:00.am-8:00.am;;;No aplica;ActivaMente;ANDRES CARDONA;ACT-FUNCIONAL-C8-FE Y ALEGRIA- G03
8;Santa Fe;Urbana;Polideportivo Santa Fe II;CRA 18 # 34 - 115;FUNCIONAL;Lunes;;Miercoles;;Viernes;;;7:00.am-7:00.am-7:00.am;8:00.am-8:00.am-8:00.am;;;No aplica;ActivaMente;ANDRES CARDONA;ACT-FUNCIONAL-C8-FE Y VIVIR-G01
8;EL Trebol;Urbana;POLIDEPORTIVO EL TREBOL;K 13 # 57 - 00;FUNCIONAL;;;Miercoles;;Viernes;;;9:30.am-9:30.am;10:30.am-10:30.am;;;No aplica;ActivaMente;CLAUDIA PATIÑO;ACT-FUNCIONAL-C8-GRUPO EL TREBOL-G01
8;La Base;Urbana;CANCHA MULTIPLE NUEVA BASE;CLL 70 CON CRA 12D;FUNCIONAL;;Martes;;Jueves;;;;7:10.am-7:10.am;8:10.am-8:10.am;;;No aplica;ActivaMente;JHON VELASCO;ACT-FUNCIONAL-C8-LAS GOLONDRINAS-G02
8;La Base;Urbana;CANCHA MULTIPLE NUEVA BASE;CLL 70 CON CRA 12D;FUNCIONAL;;Martes;;Jueves;;;;6:00.am-6:00.am;7:00.am-7:00.am;;;No aplica;ActivaMente;JHON VELASCO;ACT-FUNCIONAL-C8-LOS DINAMICOS-G01
8;Municipal;Urbana;Cancha Multiple Municipal;CRA11F # 32 - 00;FUNCIONAL;Lunes;;Miercoles;;;;;8:00.am-8:00.am;9:00.am-9:00.am;;;No aplica;ActivaMente;SAUL JIMENEZ;ACT-FUNCIONAL-C8-NUEVO MILENIO-G03
8;El Troncal;Urbana;CASA DE LA MUJER - EL TRONCAL;CRA 11B # 35 - 00;FUNCIONAL;Lunes;;Miercoles;;;;;4:00.pm-4:00.pm;5:00.pm-5:00.pm;;;No aplica;ActivaMente;YURANI CASTILLO;ACT-FUNCIONAL-C8-PRIMAVERAL 2000-G02
8;EL Trebol;Urbana;Sede Comunal El Trebol;K 14 # 58 - 01;FUNCIONAL;;Martes;;;Viernes;;;7:30.am-7:30.am;8:30.am-8:30.am;;;No aplica;ActivaMente;SAUL JIMENEZ;ACT-FUNCIONAL-C8-VIDA Y AMOR-G04
8;Santa Fe;Urbana;Polideportivo Santa Fe II;CRA 18 # 34 - 115;FUNCIONAL;;;;;;Sabado;;7:00.am;9:00.am;;;No aplica;ActivaMente;ANDRES CARDONA;ACT-FUNCIONAL-C8-VIVIR BIEN-G04
8;Primitivo Crespo;Urbana;SEDE COMUNAL PRIMITIVO CRESPO;CLL 27 # 17G - 24;FUNCIONAL;;;;;Viernes;;;8:00.am;10:00.am;;;No aplica;ActivaMente;ANDRES CARDONA;ACT-FUNCIONAL-C8-VIVIR MEJOR-G05
8;Santa Fe;Urbana;POLIDEPORTIVO SANTA FE I;K 17B # 34 - 120;FUNCIONAL;Lunes;;Miercoles;;;;;7:30.am-7:30.am;8:30.am-8:30.am;;;No aplica;ActivaMente;WENDY OCAMPO;ACT-FUNCIONAL-C8-VOLVER A VIVIR-G01
8;La Base;Urbana;PARQUE RECREATIVO NUEVA BASE;CRA 12 # 64-00;FUNCIONAL;Lunes;Martes;;;;;;7:00.am-7:00.am;8:00.am-8:00.am;;;No aplica;ActivaMente;YURANI CASTILLO;ACT-FUNCIONAL.C8-NUEVA BASE-GO3
8;Villa Colombia;Urbana;Centro Comercial Santiago Plaza;Carrera 15 # 50-29;PRUEBA DE RUMBA;;;;Jueves;;;;7:00.am;8:00.am;;;No aplica;ActivaMente;DIANA QUIÑONES;ACT-MUSICALIZADA-C8-VILLA COLOMBIA 2-G03
8;Villa Colombia;Urbana;Centro Comercial Santiago Plaza;Carrera 15 # 50-29;PRUEBA DE RUMBA;Lunes;;;Jueves;;;;7:00.pm-7:00.pm;8:30.pm-8:30.pm;;;No aplica;ActivaMente;DIANA QUIÑONES;ACT-MUSICALIZADA-C8-VILLA COLOMBIA G01
8;El Troncal;Urbana;fundacion ceedes;calle 46 10-74;ACTIVIDAD FÍSICA Y RECREACIÓN ADAPTADA;;Martes;;;Viernes;;;1:30.pm-1:00.pm;3:00.pm-2:30.pm;;;No aplica;Cali Incluyente;JUAN BERON;CI - ACTIVIDAD FISICA Y RECREACIÓN ADAPTADA - C08 - G01
8;Villa Colombia;Urbana;HI VILLACOLOMBIA;Calle 51 #11-30;JUEGO EN ACCION PARA UNA INFANCIA MEJOR;;;;;Viernes;;;9:50.am;10:50.am;;;No aplica;Cali juega;NICOLE MANZANO;CJ-PI-C8-HIVC-JAR
8;Villa Colombia;Urbana;HI VILLACOLOMBIA;Calle 51 #11-30;JUEGO EN ACCION PARA UNA INFANCIA MEJOR;;;;Jueves;;;;8:45.am;9:45.am;;;No aplica;Cali juega;JENIFER cortez;CJ-PI-C8-HIVC-PAR
8;Villa Colombia;Urbana;HI VILLACOLOMBIA;Calle 51 #11-30;JUEGO EN ACCION PARA UNA INFANCIA MEJOR;;;;Jueves;;;;9:50.am;10:50.am;;;No aplica;Cali juega;JENIFER cortez;CJ-PI-C8-HIVC-PREJA
8;Villa Colombia;Urbana;HI VILLACOLOMBIA;Calle 51 #11-30;JUEGO EN ACCION PARA UNA INFANCIA MEJOR;;;;;Viernes;;;8:45.am;9:45.am;;;No aplica;Cali juega;LAURA MATALLANA;CJ-PI-C8-HIVC-PREJB
8;La Base;Urbana;CANCHA MULTIPLE NUEVA BASE;CR 12BIS 64-02;acondicionamiento fisico;Lunes;;;;Viernes;;;6:00.am-6:00.am;7:00.am-7:00.am;;;No aplica;Carreras y Caminatas;JHON VILLA;CYC-ACONDICIONAMIENTO FISICO-C8-JHON LEIDER VILLA-G02
8;Las Américas;Urbana;COLISEO LAS AMERICAS;Calle 38, Carrera 12-64;acondicionamiento fisico;Lunes;;Miercoles;;;;;7:00.am-7:00.am;8:00.am-8:00.am;;;No aplica;Carreras y Caminatas;NINI RODRIGUEZ;CYC-ACONDICIONAMIENTO FISICO-C8-NINI RODRIGUEZ-G01
8;La Base;Urbana;Cancha Múltiple Nueva Base;C 64  K 12;acondicionamiento fisico;;;;Jueves;Viernes;;;7:00.am-7:00.am;8:00.am-8:00.am;;;No aplica;Carreras y Caminatas;NINI RODRIGUEZ;CYC-ACONDICIONAMIENTO FISICO-C8-NINI RODRIGUEZ-G02
8;Villa Colombia;Urbana;POLIDEPORTIVO VILLA  COLOMBIA;CALLE;acondicionamiento fisico;;;;;Viernes;;;8:10.am;9:10.am;;;No aplica;Carreras y Caminatas;NINI RODRIGUEZ;CYC-ACONDICIONAMIENTO FISICO-C8-NINI RODRIGUEZ-G03
8;Las Américas;Urbana;Coliseo Las Americas;CRA 12 #36 Y 39;acondicionamiento fisico;;;;;;;;;;;;No aplica;Carreras y Caminatas;JOHN MINA;CYC-EJERCICIO FISICO-C8-NINI-G01
8;Santa Fe;Urbana;I.E SANTA FE- MANUEL REBOLLEDO (incluye 11 nuevas aulas SEM);1858;RECREO DEPORTIVO;;;Miercoles;;;;;7:00AM;8:45am;;;No aplica;Deporte Escolar;CHRISTIAN ZAMORANO;2279
8;Santa Fe;Urbana;I.E SANTA FE- MANUEL REBOLLEDO (incluye 11 nuevas aulas SEM);1859;RECREO DEPORTIVO;;;;Jueves;;;;7:00AM;8:00am;;;No aplica;Deporte Escolar;CHRISTIAN ZAMORANO;2280
8;Santa Fe;Urbana;I.E SANTA FE- MANUEL REBOLLEDO (incluye 11 nuevas aulas SEM);1860;RECREO DEPORTIVO;;;;;Viernes;;;7:00AM;8:40am;;;No aplica;Deporte Escolar;CHRISTIAN ZAMORANO;2281
8;Santa Fe;Urbana;I.E SANTA FE- MANUEL REBOLLEDO (incluye 11 nuevas aulas SEM);1861;RECREO DEPORTIVO;;;Miercoles;;;;;10:15AM;12:00pm;;;No aplica;Deporte Escolar;CHRISTIAN ZAMORANO;2282
8;Santa Fe;Urbana;I.E SANTA FE- MANUEL REBOLLEDO (incluye 11 nuevas aulas SEM);1862;RECREO DEPORTIVO;;;Miercoles;;;;;8:00AM;10:00am;;;No aplica;Deporte Escolar;CHRISTIAN ZAMORANO;2283
8;Santa Fe;Urbana;I.E SANTA FE- MANUEL REBOLLEDO (incluye 11 nuevas aulas SEM);1863;RECREO DEPORTIVO;;;Miercoles;;;;;10:15AM;12:00pm;;;No aplica;Deporte Escolar;CHRISTIAN ZAMORANO;2284
8;Santa Fe;Urbana;I.E SANTA FE- MANUEL REBOLLEDO (incluye 11 nuevas aulas SEM);1864;RECREO DEPORTIVO;;;;;Viernes;;;8:45AM;10:00am;;;No aplica;Deporte Escolar;CHRISTIAN ZAMORANO;2285
8;Santa Fe;Urbana;I.E SANTA FE- MANUEL REBOLLEDO (incluye 11 nuevas aulas SEM);1865;RECREO DEPORTIVO;;;;;Viernes;;;10:15AM;12:00pm;;;No aplica;Deporte Escolar;CHRISTIAN ZAMORANO;2286
8;Industrial;Urbana;I.E JOSE MANUEL SAAVEDRA GALINDO- BENJAMÍN HERRERA;1965;RECREO DEPORTIVO;;Martes;;;;;;7:00AM;8:00am;;;No aplica;Deporte Escolar;ANDRES MONTEALEGRE;2386
8;Industrial;Urbana;I.E JOSE MANUEL SAAVEDRA GALINDO- BENJAMÍN HERRERA;1966;RECREO DEPORTIVO;;Martes;;;;;;8:00AM;9:00am;;;No aplica;Deporte Escolar;ANDRES MONTEALEGRE;2387
8;Industrial;Urbana;I.E JOSE MANUEL SAAVEDRA GALINDO- BENJAMÍN HERRERA;1967;RECREO DEPORTIVO;;;;Jueves;;;;7:00AM;8:00am;;;No aplica;Deporte Escolar;ANDRES MONTEALEGRE;2388
8;Industrial;Urbana;I.E JOSE MANUEL SAAVEDRA GALINDO- BENJAMÍN HERRERA;1968;RECREO DEPORTIVO;;;;Jueves;;;;8:00AM;9:00am;;;No aplica;Deporte Escolar;ANDRES MONTEALEGRE;2389
8;Industrial;Urbana;I.E JOSE MANUEL SAAVEDRA GALINDO- NUESTRA SEÑORA DE FÁTIMA;1969;RECREO DEPORTIVO;;;Miercoles;;;;;1:00PM;2:00pm;;;No aplica;Deporte Escolar;ANDRES MONTEALEGRE;2390
8;Industrial;Urbana;I.E JOSE MANUEL SAAVEDRA GALINDO- NUESTRA SEÑORA DE FÁTIMA;1970;RECREO DEPORTIVO;;;Miercoles;;;;;2:00PM;2:50pm;;;No aplica;Deporte Escolar;ANDRES MONTEALEGRE;2391
8;Industrial;Urbana;I.E JOSE MANUEL SAAVEDRA GALINDO- NUESTRA SEÑORA DE FÁTIMA;1971;RECREO DEPORTIVO;;;Miercoles;;;;;2:50PM;3:40pm;;;No aplica;Deporte Escolar;ANDRES MONTEALEGRE;2392
8;Industrial;Urbana;I.E JOSE MANUEL SAAVEDRA GALINDO- NUESTRA SEÑORA DE FÁTIMA;1972;RECREO DEPORTIVO;;;;;Viernes;;;1:00PM;2:00pm;;;No aplica;Deporte Escolar;ANDRES MONTEALEGRE;2393
8;Industrial;Urbana;I.E JOSE MANUEL SAAVEDRA GALINDO- NUESTRA SEÑORA DE FÁTIMA;1973;RECREO DEPORTIVO;;;;;Viernes;;;2:00PM;2:50pm;;;No aplica;Deporte Escolar;ANDRES MONTEALEGRE;2394
8;Industrial;Urbana;I.E JOSE MANUEL SAAVEDRA GALINDO- NUESTRA SEÑORA DE FÁTIMA;1974;RECREO DEPORTIVO;;;;;Viernes;;;2:50PM;3:40pm;;;No aplica;Deporte Escolar;ANDRES MONTEALEGRE;2395
8;EL Trebol;Urbana;I.E ALBERTO CARVAJAL BORRERO- CACIQUE DE GUATAVITA;1975;RECREO DEPORTIVO;;Martes;;;;;;8:30AM;10:30am;;;No aplica;Deporte Escolar;JEFFERSON GIRALDO;2396
8;EL Trebol;Urbana;I.E ALBERTO CARVAJAL BORRERO- CACIQUE DE GUATAVITA;1976;RECREO DEPORTIVO;;Martes;;;;;;10:30AM;1:00pm;;;No aplica;Deporte Escolar;JEFFERSON GIRALDO;2397
8;EL Trebol;Urbana;I.E ALBERTO CARVAJAL BORRERO- CACIQUE DE GUATAVITA;1977;RECREO DEPORTIVO;;;Miercoles;;;;;7:00AM;8:30am;;;No aplica;Deporte Escolar;JEFFERSON GIRALDO;2398
8;EL Trebol;Urbana;I.E ALBERTO CARVAJAL BORRERO- Cacique De Guatavita;1978;RECREO DEPORTIVO;;;Miercoles;;;;;8:30AM;10:30am;;;No aplica;Deporte Escolar;JEFFERSON GIRALDO;2399
8;EL Trebol;Urbana;I.E ALBERTO CARVAJAL BORRERO- CACIQUE DE GUATAVITA;1979;RECREO DEPORTIVO;;;Miercoles;;;;;11:30AM;12:00am;;;No aplica;Deporte Escolar;JEFFERSON GIRALDO;2400
8;El Troncal;Urbana;Parque de la Caña;C 8 # 39-01;TIRO CON ARCO;Lunes;Martes;Miercoles;Jueves;Viernes;;;9:00.am-3:00.pm-3:00.pm-9:00.am-3:00.pm;11:00.am-5:00.pm-5:00.pm-11:00.am-5:00.pm;;;No aplica;Desafio Elite;MILTON TOBAR;CE-TIRO CON ARCO-C8-MILTON TOBAR-G02
8;El Troncal;Urbana;FUNDACIÓN ZARANDA;Calle 79 # 26 a;SESIONES LUDICOPEDAGOGICAS;;;;Jueves;;;;2:00.pm;3:30.pm;;;No aplica;Poblacion y Etnias;SERGIO GAVIRIA;PYE-RECICLADORES-C14-ZARANDA-SERGIO DAVID GAVIRIA SATIZÁBAL-G03
8;La Base;Urbana;PARQUE RECREATIVO EL LAGUITO;K 26H 2 # 72F 00;FUTBOL;;Martes;;Jueves;;;;6:30:00; 08:00:00;;148;Irradiacion;Deporvida;DIDIER JOSE CORTES GONZALEZ;-
8;La Base;Urbana;PARQUE RECREATIVO EL LAGUITO;K 26H 2 # 72F 00;FUTBOL;;;;Jueves;;;;17:00:00; 18:00:00;;149;Irradiacion;Deporvida;DIDIER JOSE CORTES GONZALEZ;-
8;La Base;Urbana;PARQUE RECREATIVO EL LAGUITO;K 26H 2 # 72F 00;FUTBOL;;Martes;;;;;;17:00:00; 18:30:00;;149;Irradiacion;Deporvida;DIDIER JOSE CORTES GONZALEZ;-
8;La Base;Urbana;PARQUE RECREATIVO EL LAGUITO;K 26H 2 # 72F 00;FUTBOL;;;Miercoles;;Viernes;;;15:30:00; 17:00:00;;150;Fundamentacion;Deporvida;DIDIER JOSE CORTES GONZALEZ;-
8;Urbanizacion La Base;Urbana;PARQUE RECREATIVO NUEVA BASE;K 12 # 64 05;BALONCESTO;Lunes;;Miercoles;;;;;17:00:00; 18:30:00;;268;Fundamentacion;Deporvida;FANNOR ALEXIS FILIGRANA HERRERA;-
8;Urbanizacion La Base;Urbana;PARQUE RECREATIVO NUEVA BASE;K 12 # 64 05;BALONCESTO;Lunes;;Miercoles;;;;;19:30:00; 20:30:00;;269;Apropiacion;Deporvida;FANNOR ALEXIS FILIGRANA HERRERA;-
8;Urbanizacion La Base;Urbana;PARQUE RECREATIVO NUEVA BASE;K 12 # 64 05;BALONCESTO;Lunes;;Miercoles;;;;;18:30:00; 19:30:00;;270;Irradiacion;Deporvida;FANNOR ALEXIS FILIGRANA HERRERA;-
8;Urbanizacion La Base;Urbana;PARQUE RECREATIVO NUEVA BASE;K 12 # 64 05;BALONCESTO;;Martes;;Jueves;;;;17:00:00; 18:00:00;;271;Irradiacion;Deporvida;FANNOR ALEXIS FILIGRANA HERRERA;-
8;Las Americas;Urbana;COLISEO LAS AMERICAS;K 12 # 36 00;FUTBOL SALA;Lunes;;Miercoles;;Viernes;;;14:00:00; 15:30:00;;384;Irradiacion;Deporvida;SARA  VELASQUEZ VILLOTA;-
8;EL Trebol;Urbana;salon comunal el trebol;K 14 # 58 1;KARATE-DO;;;;Jueves;;;;13:30:00; 15:00:00;;226;Base;Deporvida;ALAN JIMENO PAZ RIVADENEIRA;-
8;Chapinero;Urbana;I.E ALBERTO CARAVAJAL  BORRERO- sede cacique de guatavita;C 54 # 15A 20;KARATE-DO;;;;Jueves;Viernes;;;10:00:00; 12:00:00;;227;Irradiacion;Deporvida;ALAN JIMENO PAZ RIVADENEIRA;-
8;Villa Colombia;Urbana;PARQUE RECREATIVO INFANTIL VILLA COLOMBIA;K 12E # 49 00;KARATE-DO;;Martes;;;;;;13:30:00; 15:00:00;;228;Irradiacion;Deporvida;ALAN JIMENO PAZ RIVADENEIRA;-
8;Chapinero;Urbana;I.E ALBERTO CARAVAJAL  BORRERO- sede cacique de guatavita;C 54 # 15A 20;KARATE-DO;;Martes;Miercoles;;;;;8:30:00; 10:00:00;;229;Irradiacion;Deporvida;ALAN JIMENO PAZ RIVADENEIRA;-
8;Las Americas;Urbana;COLISEO LAS AMERICAS;K 12 # 36 00;KARATE-DO;;;;;;Sabado;;12:30:00; 14:00:00;;230;Fundamentacion;Deporvida;ALAN JIMENO PAZ RIVADENEIRA;-
8;Simon Bolivar;Urbana;SALON COMUNAL SIMON BOLIVAR;K 17B # 26 60;TENIS DE MESA;;Martes;;Jueves;;;;14:30:00; 16:00:00;;272;Base;Deporvida;PAULA ANDREA OCAMPO URBANO;-
8;Primitivo Crespo;Urbana;COLEGIO EVARISTO GARCIA - SEDE FERNANDO ARAGON;K 17F # 33A 80;TENIS DE MESA;Lunes;;;;Viernes;;;14:00:00; 15:30:00;;274;Base;Deporvida;PAULA ANDREA OCAMPO URBANO;-
8;Primitivo Crespo;Urbana;COLEGIO EVARISTO GARCIA - SEDE FERNANDO ARAGON;K 17F # 33A 80;TENIS DE MESA;;;Miercoles;;;;;12:00:00; 13:30:00;;355;Base;Deporvida;PAULA ANDREA OCAMPO URBANO;-
8;Municipal;Urbana;Parque Villa Colombia;K 12E 49-89;BREAKDANCE;;Martes;;Jueves;;;;7:30.pm-7:30.pm;9:00.pm-9:00.pm;;;No aplica;Vertigo;HANS MERCHAN;VT-BREAKDANCE-C12-HANS MERCHAN-G01
8;Municipal;Urbana;Parque Villa Colombia;K 12E 49-89;BREAKDANCE;;Martes;;Jueves;;;;8:00.pm-9:00.pm;10:30.pm-10:30.pm;;;No aplica;Vertigo;HANS MERCHAN;VT-BREAKDANCE-C12-HANS MERCHAN-G02
8;El Troncal;Urbana;PLAZA SKATE DE LA OCTAVA;K 8  # 35 - 00;SKATEBOARDING;Lunes;;Miercoles;;;;;7:30.pm-7:30.pm;9:00.pm-9:00.pm;;;No aplica;Vertigo;MICHEL PERRY;VT-SKATEBOARDING-C19-MICHEL PERRY-G01
9;Alameda;Urbana;Parque Alameda;C 7 CON K23;FUNCIONAL;Lunes;;;;;;;7:00.am;8:00.am;;;No aplica;ActivaMente;JUAN GIRALDO;ACT-C-17-JUAN G-G2- CIUDAD MELEDEZ SALUDABLE
9;Aranjuez;Urbana;PARQUE LA VIRGEN;K 23B # 15A - 00;FUNCIONAL;Lunes;;;;Viernes;;;7:00.am-7:00.am;8:00.am-8:00.am;;;No aplica;ActivaMente;JHONATAN MEJIA;ACT-C-9-JHONATAN M -G01- GRUPO-LAS UNICAS
9;Manuel María Buenaventura;Urbana;SEDE COMUNAL MANUEL MARÍA BUENAVENTURA;Calle 17 #20-00;FUNCIONAL;;;Miercoles;;;;;3:00.pm;4:00.pm;;;No aplica;ActivaMente;JHONATAN MEJIA;ACT-C-9-JHONATAN M -G02- GRUPO-CARDIOVASCULAR
9;Barrio Obrero;Urbana;CANCHA SINTÉTICA PASCUAL OBRERO;Carrera 12 #22A-51;FUNCIONAL;Lunes;;;;;;;7:00.am;8:00.am;;;No aplica;ActivaMente;KEVIN JUAJINOY;ACT-FUNCIONAL-C9-AMACER AMISTOSO-G04
9;Guayaquil;Urbana;CASETA COMUNAL GUAYAQUIL;C 13A # 18 - 63;FUNCIONAL;;;Miercoles;Jueves;;;;8:10.am-8:10.am;9:10.am-9:10.am;;;No aplica;ActivaMente;KEVIN JUAJINOY;ACT-FUNCIONAL-C9-DESTELLOS DE VIDA GUAYAQUIL-G03
9;Manuel María Buenaventura;Urbana;SEDE COMUNAL MANUEL MARÍA BUENAVENTURA;Calle 17 #20-00;FUNCIONAL;;Martes;;Jueves;;;;7:00.am-7:00.am;8:00.am-8:00.am;;;No aplica;ActivaMente;KEVIN JUAJINOY;ACT-FUNCIONAL-C9-INDEPENDIENTE-G02
9;Manuel María Buenaventura;Urbana;SEDE COMUNAL MANUEL MARÍA BUENAVENTURA;Calle 17 #20-00;FUNCIONAL;;;Miercoles;;Viernes;;;7:00.am-7:00.am;8:00.am-8:00.am;;;No aplica;ActivaMente;KEVIN JUAJINOY;ACT-FUNCIONAL-C9-NUEVO LATIR-G01
9;Aranjuez;Urbana;PARQUE LA VIRGEN;K 23B # 15A - 00;FUNCIONAL;Lunes;Martes;;Jueves;;;;8:30.pm-8:30.am-8:30.am;9:30.am-9:30.am-9:30.am;;;No aplica;ActivaMente;ALEXANDER BRAVO;ACT-JUNTOS SOMOS MAS-FUN-12-ALEXANDER BRAVO-4
9;Belalcazar;Urbana;Plazoleta frente a la Iglesia Santisima Trinidad;CLL 18 # 17C - 41;PRUEBA DE RUMBA;;Martes;;;;;;8:30.am;9:30.am;;;No aplica;ActivaMente;DIANA QUIÑONES;ACT-MUSICALIZADA-C9-BELALCAZAR-G02
9;Manuel María Buenaventura;Urbana;PARQUE CIEN PALOS;CRA 20 # 17 - 00;PRUEBA DE RUMBA;Lunes;;Miercoles;;;;;7:10.am-7:10.am;8:10.am-8:10.am;;;No aplica;ActivaMente;PAOLA FERNÁNDEZ;GO1 -PAOLA FERNANDEZ-GRUPO CIEN PALOS FITNESS -C9-ACT-FUNC
9;Guayaquil;Urbana;ASOPANID;Cra 17 #13A-67;ACTIVIDAD FÍSICA Y RECREACIÓN ADAPTADA;;;Miercoles;;;;;1:00.pm;2:30.pm;;;No aplica;Cali Incluyente;JUAN BERON;CI - ACTIVIDAD FISICA Y RECREACIÓN ADAPTADA - C9 - G01
9;Alameda;Urbana;Colegio Carmelitano del Valle;Cra 29 # 7-33;ACTIVIDAD FÍSICA Y RECREACIÓN ADAPTADA;;;Miercoles;;;;;7:00.am;9:00.am;;;No aplica;Cali Incluyente;MANUEL CABRERA;CI - ACTIVIDAD FISICA Y RECREACIÓN ADAPTADA - C9 - G02
9;Sucre;Urbana;UTS COLIBRI;C 18 # 8A - 15;JUEGO EN ACCION PARA UNA INFANCIA MEJOR;;;Miercoles;;;;;9:15.am;10:00.am;;;No aplica;Cali juega;DAYANA CARABALI;CJ-PI-C9-UTSCB-JAR1Y3
9;Sucre;Urbana;UTS COLIBRI;C 18 # 8A - 15;JUEGO EN ACCION PARA UNA INFANCIA MEJOR;;;Miercoles;;;;;10:00.am;10:45.am;;;No aplica;Cali juega;ANA MORA;CJ-PI-C9-UTSCB-PREJAR1Y2
9;Sucre;Urbana;UTS COLIBRI;C 18 # 8A - 15;JUEGO EN ACCION PARA UNA INFANCIA MEJOR;;;Miercoles;;;;;10:45.am;11:20.am;;;No aplica;Cali juega;ANA MORA;CJ-PI-UTSCB-JAR2
9;Sucre;Urbana;UTS COLIBRI;C 18 # 8A - 15;JUEGO EN ACCION PARA UNA INFANCIA MEJOR;;;;Jueves;;;;9:30.am;10:15.am;;;No aplica;Cali juega;ANA MORA;CJ-PI-UTSCB-PARV1
9;Sucre;Urbana;UTS COLIBRI;C 18 # 8A - 15;JUEGO EN ACCION PARA UNA INFANCIA MEJOR;;;;Jueves;;;;10:15.am;11:00.am;;;No aplica;Cali juega;ANA MORA;CJ-PI-UTSCB-PARV2Y3
9;Barrio Obrero;Urbana;I.E REPUBLICA DE ARGENTINA- POLICARPA SALAVARRIETA;1866;RECREO DEPORTIVO;;Martes;;;;;;7:00AM;8:00am;;;No aplica;Deporte Escolar;CARLOS JARAMILLO;2287
9;Barrio Obrero;Urbana;I.E REPUBLICA DE ARGENTINA- POLICARPA SALAVARRIETA;1867;RECREO DEPORTIVO;;Martes;;;;;;8:00AM;9:00am;;;No aplica;Deporte Escolar;CARLOS JARAMILLO;2288
9;Barrio Obrero;Urbana;I.E REPUBLICA DE ARGENTINA- POLICARPA SALAVARRIETA;1868;RECREO DEPORTIVO;;Martes;;;;;;10:00AM;11:00am;;;No aplica;Deporte Escolar;CARLOS JARAMILLO;2289
9;Barrio Obrero;Urbana;I.E REPUBLICA DE ARGENTINA- POLICARPA SALAVARRIETA;1869;RECREO DEPORTIVO;;Martes;;;;;;11:00AM;12:00pm;;;No aplica;Deporte Escolar;CARLOS JARAMILLO;2290
9;Barrio Obrero;Urbana;I.E REPUBLICA DE ARGENTINA- POLICARPA SALAVARRIETA;1870;RECREO DEPORTIVO;;;Miercoles;;;;;7:00AM;8:00am;;;No aplica;Deporte Escolar;CARLOS JARAMILLO;2291
9;Barrio Obrero;Urbana;I.E REPUBLICA DE ARGENTINA- POLICARPA SALAVARRIETA;1871;RECREO DEPORTIVO;;;Miercoles;;;;;8:00AM;9:00am;;;No aplica;Deporte Escolar;CARLOS JARAMILLO;2292
9;Barrio Obrero;Urbana;I.E REPUBLICA DE ARGENTINA- POLICARPA SALAVARRIETA;1872;RECREO DEPORTIVO;;;;Jueves;;;;7:00AM;8:00am;;;No aplica;Deporte Escolar;CARLOS JARAMILLO;2293
9;Barrio Obrero;Urbana;I.E REPUBLICA DE ARGENTINA- POLICARPA SALAVARRIETA;1873;RECREO DEPORTIVO;;;;;Viernes;;;7:00AM;8:00am;;;No aplica;Deporte Escolar;CARLOS JARAMILLO;2294
9;Barrio Obrero;Urbana;I.E REPUBLICA DE ARGENTINA- POLICARPA SALAVARRIETA;1874;RECREO DEPORTIVO;;;;;Viernes;;;8:00AM;9:00am;;;No aplica;Deporte Escolar;CARLOS JARAMILLO;2295
9;Barrio Obrero;Urbana;I.E REPUBLICA DE ARGENTINA- JOSE MARIA CORDOBA;1875;RECREO DEPORTIVO;;Martes;;Jueves;;;;7:50AM-7:50AM;8:40am-8:40am;;;No aplica;Deporte Escolar;MARIA ARBOLEDA;2296
9;Barrio Obrero;Urbana;I.E REPUBLICA DE ARGENTINA- JOSE MARIA CORDOBA;1876;RECREO DEPORTIVO;;Martes;;Jueves;;;;8:40AM-8:40AM;9:30am-9:30am;;;No aplica;Deporte Escolar;MARIA ARBOLEDA;2297
9;Barrio Obrero;Urbana;I.E REPUBLICA DE ARGENTINA- JOSE MARIA CORDOBA;1877;RECREO DEPORTIVO;;Martes;;Jueves;;;;11:15AM-10:30AM;12:00pm-11:15am;;;No aplica;Deporte Escolar;MARIA ARBOLEDA;2298
9;Barrio Obrero;Urbana;I.E REPUBLICA DE ARGENTINA- JOSE MARIA CORDOBA;1878;RECREO DEPORTIVO;;Martes;;Jueves;;;;10:30AM-11:15AM;11:15am-12:00pm;;;No aplica;Deporte Escolar;MARIA ARBOLEDA;2299
9;Barrio Obrero;Urbana;I.E REPUBLICA DE ARGENTINA- JOSE MARIA CORDOBA;1879;RECREO DEPORTIVO;;;Miercoles;;;;;7:50AM;9:30am;;;No aplica;Deporte Escolar;MARIA ARBOLEDA;2300
9;Barrio Obrero;Urbana;I.E REPUBLICA DE ARGENTINA- JOSE MARIA CORDOBA;1880;RECREO DEPORTIVO;;;Miercoles;;;;;10:30AM;12:00pm;;;No aplica;Deporte Escolar;MARIA ARBOLEDA;2301
9;Aranjuez;Urbana;I.E GENERAL ALFREDO VASQUEZ COBO- NUESTRA SEÑORA DE LOS REMEDIOS;1942;RECREO DEPORTIVO;;Martes;;;;;;8:00AM;12:00pm;;;No aplica;Deporte Escolar;SEBASTIAN BURBANO;2363
9;Aranjuez;Urbana;I.E GENERAL ALFREDO VASQUEZ COBO- NUESTRA SEÑORA DE LOS REMEDIOS;1943;RECREO DEPORTIVO;;;Miercoles;;;;;7:00AM;8:40am;;;No aplica;Deporte Escolar;SEBASTIAN BURBANO;2364
9;Aranjuez;Urbana;I.E GENERAL ALFREDO VASQUEZ COBO- NUESTRA SEÑORA DE LOS REMEDIOS;1944;RECREO DEPORTIVO;;;Miercoles;;;;;9:30AM;10:30am;;;No aplica;Deporte Escolar;SEBASTIAN BURBANO;2365
9;Aranjuez;Urbana;I.E GENERAL ALFREDO VASQUEZ COBO- NUESTRA SEÑORA DE LOS REMEDIOS;1946;RECREO DEPORTIVO;;;;Jueves;;;;9:00AM;10:30am;;;No aplica;Deporte Escolar;SEBASTIAN BURBANO;2367
9;Aranjuez;Urbana;I.E GENERAL ALFREDO VASQUEZ COBO- NUESTRA SEÑORA DE LOS REMEDIOS;1947;RECREO DEPORTIVO;;;;;Viernes;;;7:00AM;8:40am;;;No aplica;Deporte Escolar;SEBASTIAN BURBANO;2368
9;Aranjuez;Urbana;I.E GENERAL ALFREDO VASQUEZ COBO- NUESTRA SEÑORA DE LOS REMEDIOS;1948;RECREO DEPORTIVO;;;;;Viernes;;;8:45AM;10:30am;;;No aplica;Deporte Escolar;SEBASTIAN BURBANO;2369
9;Aranjuez;Urbana;I.E GENERAL ALFREDO VASQUEZ COBO- NUESTRA SEÑORA DE LOS REMEDIOS;1949;RECREO DEPORTIVO;;Martes;;;;;;7:00AM;8:40am;;;No aplica;Deporte Escolar;SEBASTIAN BURBANO;2370
9;Barrio Obrero;Urbana;I.E REPUBLICA DE ARGENTINA- POLICARPA SALAVARRIETA;1950;RECREO DEPORTIVO;;Martes;;;;;;7:00AM;8:00am;;;No aplica;Deporte Escolar;CARLOS JARAMILLO;2371
9;Barrio Obrero;Urbana;I.E REPUBLICA DE ARGENTINA- POLICARPA SALAVARRIETA;1951;RECREO DEPORTIVO;;Martes;;;;;;8:00AM;9:00am;;;No aplica;Deporte Escolar;CARLOS JARAMILLO;2372
9;Barrio Obrero;Urbana;I.E REPUBLICA DE ARGENTINA- POLICARPA SALAVARRIETA;1952;RECREO DEPORTIVO;;Martes;;;;;;10:00AM;11:00am;;;No aplica;Deporte Escolar;CARLOS JARAMILLO;2373
9;Barrio Obrero;Urbana;I.E REPUBLICA DE ARGENTINA- POLICARPA SALAVARRIETA;1953;RECREO DEPORTIVO;;Martes;;;;;;11:00AM;12:00pm;;;No aplica;Deporte Escolar;CARLOS JARAMILLO;2374
9;Barrio Obrero;Urbana;I.E REPUBLICA DE ARGENTINA- POLICARPA SALAVARRIETA;1954;RECREO DEPORTIVO;;;Miercoles;;;;;7:00AM;8:00am;;;No aplica;Deporte Escolar;CARLOS JARAMILLO;2375
9;Barrio Obrero;Urbana;I.E REPUBLICA DE ARGENTINA- POLICARPA SALAVARRIETA;1955;RECREO DEPORTIVO;;;Miercoles;;;;;7:00AM;8:00am;;;No aplica;Deporte Escolar;CARLOS JARAMILLO;2376
9;Barrio Obrero;Urbana;I.E REPUBLICA DE ARGENTINA- POLICARPA SALAVARRIETA;1956;RECREO DEPORTIVO;;;Miercoles;;;;;10:00AM;11:00am;;;No aplica;Deporte Escolar;CARLOS JARAMILLO;2377
9;Barrio Obrero;Urbana;I.E REPUBLICA DE ARGENTINA- POLICARPA SALAVARRIETA;1957;RECREO DEPORTIVO;;;;Jueves;;;;7:00AM;8:00am;;;No aplica;Deporte Escolar;CARLOS JARAMILLO;2378
9;Barrio Obrero;Urbana;I.E REPUBLICA DE ARGENTINA- POLICARPA SALAVARRIETA;1958;RECREO DEPORTIVO;;;;;Viernes;;;7:00AM;8:00am;;;No aplica;Deporte Escolar;CARLOS JARAMILLO;2379
9;Barrio Obrero;Urbana;I.E REPUBLICA DE ARGENTINA- POLICARPA SALAVARRIETA;1959;RECREO DEPORTIVO;;;;;Viernes;;;8:00AM;9:00am;;;No aplica;Deporte Escolar;CARLOS JARAMILLO;2380
9;Junín;Urbana;Parque Recreativo Junin;carrera 24 # 12a-12;SESIONES LUDICOPEDAGOGICAS;;;Miercoles;;Viernes;;;7:00.pm-7:00.pm;8:30.pm-8:30.pm;;;No aplica;Poblacion y Etnias;MELISA TREJO;PYE-LGTBIQ+-COLECTIVOS-C9-DIVERSOS-MELISSA TREJOS-G03
9;Guayaquil;Urbana;Centro Regional de Atención a Victimas CRAV;K 16 # 15 - 75;SESIONES LUDICOPEDAGOGICAS;;;Miercoles;;;;;10:00.am;11:30.am;;;No aplica;Poblacion y Etnias;JULIO VIVEROS;PYE-VICTIMAS-C9-CRAV-JULIO VIVEROS
9;BretaÃ±a;Urbana;ESCUELA REPUBLICA DEL PERU;C 9E # 32 30;AJEDREZ;;Martes;;Jueves;;;;14:30:00; 16:00:00;;114;Fundamentacion;Deporvida;FRANCISCO  RODRiGUEZ SaNCHEZ;-
9;BretaÃ±a;Urbana;ESCUELA REPUBLICA DEL PERU;C 9E # 32 30;AJEDREZ;;Martes;;Jueves;;;;16:00:00; 17:30:00;;115;Fundamentacion;Deporvida;FRANCISCO  RODRiGUEZ SaNCHEZ;-
9;Manuel Maria Buenaventura;Urbana;PARQUE RECREATIVO CIEN PALOS;C 18 # 21 00;BALONCESTO;Lunes;;Miercoles;;Viernes;;;16:00:00; 17:00:00;;117;Fundamentacion;Deporvida;JUAN FERNANDO CALERO SAA;-
9;Manuel Maria Buenaventura;Urbana;PARQUE RECREATIVO CIEN PALOS;C 18 # 21 00;BALONCESTO;Lunes;;Miercoles;;Viernes;;;18:00:00; 19:00:00;;118;Irradiacion;Deporvida;JUAN FERNANDO CALERO SAA;-
9;Manuel Maria Buenaventura;Urbana;PARQUE RECREATIVO CIEN PALOS;C 18 # 21 00;BALONCESTO;Lunes;;Miercoles;;Viernes;;;17:00:00; 18:00:00;;119;Fundamentacion;Deporvida;JUAN FERNANDO CALERO SAA;-
9;Barrio Obrero;Urbana;Canchas sinteticas Pascual Obrero;K 12 # 22A 51;FUTBOL SALA;Lunes;;Miercoles;;;;;14:00:00; 15:30:00;;49;Irradiacion;Deporvida;DIEGO FERNANDO SALDAÃ‘A FLOREZ;-
9;Barrio Obrero;Urbana;CANCHA MULTIPLE PASCUAL DEL OBRERO;K 12 # 22A 51;FUTBOL SALA;Lunes;;Miercoles;;;;;15:30:00; 17:00:00;;50;Fundamentacion;Deporvida;DIEGO FERNANDO SALDAÃ‘A FLOREZ;-
9;Sucre;Urbana;la casita de manuel;C 18 # 7 51;FUTBOL SALA;;Martes;;Jueves;;;;14:00:00; 15:30:00;;51;Irradiacion;Deporvida;DIEGO FERNANDO SALDAÃ‘A FLOREZ;-
9;Sucre;Urbana;la casita de manuel;C 18 # 7 51;FUTBOL SALA;;Martes;;Jueves;;;;15:30:00; 17:00:00;;52;Base;Deporvida;DIEGO FERNANDO SALDAÃ‘A FLOREZ;-
9;BretaÃ±a;Urbana;ESCUELA REPUBLICA DEL PERU;C 9E # 32 30;FUTBOL SALA;Lunes;;Miercoles;;;;;14:00:00; 15:30:00;;120;Irradiacion;Deporvida;CARLOS HUGO OVIEDO PELAEZ;-
9;BretaÃ±a;Urbana;ESCUELA REPUBLICA DEL PERU;C 9E # 32 30;FUTBOL SALA;Lunes;;Miercoles;;;;;15:30:00; 17:00:00;;121;Irradiacion;Deporvida;CARLOS HUGO OVIEDO PELAEZ;-
9;BretaÃ±a;Urbana;ESCUELA REPUBLICA DEL PERU;C 9E # 32 30;VOLEIBOL;;Martes;;Jueves;;;;15:30:00; 17:00:00;;469;Fundamentacion;Deporvida;CARLOS HUGO OVIEDO PELAEZ;-
9;Aranjuez;Urbana;PARQUE RECREATIVO CIEN PALOS;C 18 # 21 - 00;SKATEBOARDING;;Martes;;Jueves;;;;3:00.pm-3:00.pm;4:30.pm-4:30.pm;;;No aplica;Vertigo;CRISTIAN VARGAS;VT-SKATEBOARDING-C21-CRISTIAN VARGAS-CIEN PALOS-G01
10;Santa Elena;Urbana;PARQUE DE LA INDIA ELENA;Carrera 26 Calle 17;FUNCIONAL;;;Miercoles;;;;;7:30.am;8:30.am;;;No aplica;ActivaMente;FELIX GIRALDO;ACT-C-10-FELIX -G03- ALEGRIA DE VIVIR
10;Panamericano;Urbana;PARQUE  RECREATIVO PANAMERICANO;K 46A # 12B - 00;FUNCIONAL;Lunes;;;;;;;7:30.am;8:30.am;;;No aplica;ActivaMente;FELIX GIRALDO;ACT-C-10-FELIX G-G01- AMISTAD Y CARIÑO
10;San Judas Tadeo I;Urbana;CANCHA MULTIPLE SAN JUDAS 2;CRA 23 CON C 49;FUNCIONAL;;Martes;;;;;;6:00.am;8:00.am;;;No aplica;ActivaMente;FELIX GIRALDO;ACT-C-10-FELIX G-G02- TORNASOL-VIDA ES SALUD
10;El Guabal;Urbana;CANCHA EL GUABAL;K 41A # 14C - 50;FUNCIONAL;;;;Jueves;;;;6:00.am;7:00.am;;;No aplica;ActivaMente;FELIX GIRALDO;ACT-C-10-FELIX G-G04- LAS MAÑANITAS
10;El Guabal;Urbana;CANCHA EL GUABAL;K 41A # 14C - 50;FUNCIONAL;;;;Jueves;;;;7:00.am;8:00.am;;;No aplica;ActivaMente;FELIX GIRALDO;ACT-C-10-FELIX G-G05- AHNELOS DE VIVIR
10;El Guabal;Urbana;POLIDEPORTIVO EL GUABAL;K 40B # 13 - 47;FUNCIONAL;;;;;Viernes;;;7:00.am;8:00.am;;;No aplica;ActivaMente;FELIX GIRALDO;ACT-C-10-FELIX G-G06- AMAR ES VIVIR
10;Olímpico;Urbana;PARQUE EL OLIMPICO;CLL 12 CON CRA 34;FUNCIONAL;;;;;Viernes;;;8:00.am;9:00.am;;;No aplica;ActivaMente;FELIX GIRALDO;ACT-C-10-FELIX G-G07- LA VIDA ES BELLA
10;Cristóbal Colón;Urbana;Polideportivo cristobal Colon;Calle 23 con Carrera  37a;FUNCIONAL;;;;Jueves;;;;7:10.am;8:10.am;;;No aplica;ActivaMente;JHONATAN MEJIA;ACT-C-10-JHONATAN M -G03- GRUPO-RENACER
10;San Judas Tadeo I;Urbana;CANCHA MULTIPLE SAN JUDAS 2;CRA 23 CON C 49;FUNCIONAL;Lunes;;Miercoles;;;;;7:00.pm-7:00.pm;8:10.pm-8:00.pm;;;No aplica;ActivaMente;JHONATAN MEJIA;ACT-C-10-JHONATAN M -G04- GRUPO-LAS 50
10;Colseguros Andes;Urbana;POLIDEPORTIVO COLSEGUROS ANDES;CLL 12 CON CRA 29B;FUNCIONAL;Lunes;;Miercoles;;;;;8:10.am-8:10.am;9:10.am-9:10.am;;;No aplica;ActivaMente;MAURICIO GORDILLO;ACT-C-10-MAURICIO G -G03- GRUPO-OASIS DE PASOANCHO
10;Panamericano;Urbana;Unidad Recreativa Los Castores;C 11 # 41A - 36;FUNCIONAL;;Martes;;Jueves;;;;8:10.am-8:10.am;9:10.am-9:10.am;;;No aplica;ActivaMente;MAURICIO GORDILLO;ACT-C-10-MAURICIO G -G04- GRUPO-COMPARTIR
10;Santa Elena;Urbana;UNIDAD RECREATIVA EL DESCUBRIMIENTO;K 23 # 35 - 00;FUNCIONAL;;Martes;;;;;;7:10.am;8:10.am;;;No aplica;ActivaMente;MAURICIO GORDILLO;ACT-C-10-MAURICIO G -G05- GRUPO-COMPARTIR
10;El Dorado;Urbana;POLIDEPORTIVO EL DORADO;CLL 13A CON CRA 36;FUNCIONAL;;;Miercoles;;;;;7:10.am;8:10.am;;;No aplica;ActivaMente;MAURICIO GORDILLO;ACT-C-10-MAURICIO G -G06- GRUPO-EL DORADO
10;El Guabal;Urbana;cancha múltiple los colores;Calle 23 con Carrera 39;FUNCIONAL;Lunes;;Miercoles;;;;;6:10.am-6:10.am;7:10.am-7:10.am;;;No aplica;ActivaMente;MAURICIO GORDILLO;ACT-C-10-MAURICIO G-G01- GRUPO-RENOVACION
10;Jorge Zawadsky;Urbana;POLIDEPORTIVO JORGE ZAWADSKY;CARRERA 48 #13B-37;FUNCIONAL;;Martes;Miercoles;;;;;8:30.am-7:30.am;9:30.am-8:30.am;;;No aplica;ActivaMente;OTONIEL GONZALEZ;ACT-C-10-OTONIEL G G-G3-JORGE SAWADSKY
10;Barrio Departamental;Urbana;SALÓN COMUNAL BARRIO DEPARTAMENTAL;Carrera 46 #11-86;FUNCIONAL;;Martes;;;;;;7:00.am;8:00.am;;;No aplica;ActivaMente;OTONIEL GONZALEZ;ACT-C-10-OTONIEL G G-G4-DEPARTAMENTAL
10;El Guabal;Urbana;POLIDEPORTIVO EL GUABAL;K 40B # 13 - 47;FUNCIONAL;;;;Jueves;;;;7:15.pm;8:15.pm;;;No aplica;ActivaMente;PAOLA FERNÁNDEZ;ACT-C-10-PAOLA F-06-GUABAL FITNESS-06
10;Las Acacias;Urbana;SEDE COMUNAL LAS ACACIAS;CRA 24B # 19A - 14;FUNCIONAL;;;Miercoles;;;;;7:15.pm;8:15.pm;;;No aplica;ActivaMente;PAOLA FERNÁNDEZ;ACT-C-10-PAOLA F-MUSICALIZADA-LAS ACACIAS-G05
10;Pasoancho;Urbana;Polideportivo Pasoancho;K 41 ENTRE C 11 Y 12;FUNCIONAL;;;;;Viernes;;;7:30.pm;8:30.pm;;;No aplica;ActivaMente;PAOLA FERNÁNDEZ;ACT-C-10-PAOLA F-MUSICALIZADA-RENACER ARCOIRIS PASO ANCHO-G07
10;El Guabal;Urbana;cancha múltiple los colores;Calle 23 con Carrera 39;FUNCIONAL;;Martes;;Jueves;;;;5:00.pm-5:00.pm;6:00.pm-6:00.pm;;;No aplica;ActivaMente;CARMEN GAMBOA;ACT-C-16-CARMEN G-G2-GRUPO ESPLANDOR
10;Colseguros Andes;Urbana;POLIDEPORTIVO COLSEGUROS ANDES;CLL 12 CON CRA 29B;FUNCIONAL;;;;Jueves;;;;7:00.am;8:00.am;;;No aplica;ActivaMente;MAURICIO GORDILLO;ACT-C-19-MAURICIO G -G07- GRUPO-LOREAL
10;La Selva;Urbana;POLIDEPORTIVO LA SELVA;C 14 # 48A - 32;FUNCIONAL;;Martes;;Jueves;;;;7:00.pm-7:00.am;8:00.am-8:00.am;;;No aplica;ActivaMente;LARRY CASTILLO;ACT-C-1O-LARRY CASTILLO-G08- GRUPO SELVA
10;La Selva;Urbana;POLIDEPORTIVO LA SELVA;C 14 # 48A - 32;FUNCIONAL;Lunes;;;;Viernes;;;7:30.am-7:30.am;8:30.am-8:30.am;;;No aplica;ActivaMente;OTONIEL GONZALEZ;ACT-C-7-OTONIEL G G-G2-LA SELVA
10;Panamericano;Urbana;SECRETARIA DEL DEPORTE Y LA RECREACIÓN;CLL 9 #37a -01;FUNCIONAL;;Martes;;Jueves;;;;10:00.am-10:00.am;11:00.am-11:00.am;;;No aplica;ActivaMente;CLAUDIA PATIÑO;ACT-FUNCIONAL-C19-SECRETARIA DEL DEPORTE-G03
10;El Guabal;Urbana;cancha múltiple los colores;Calle 23 con Carrera 39;FUNCIONAL;Lunes;;Miercoles;;;;;7:00.am-7:00.am;8:00.am-8:00.am;;;No aplica;ActivaMente;CLAUDIA PATIÑO;ACT-FUNCIONAL-C6-AMIGOS POR SIEMPRE-G04
10;Colseguros Andes;Urbana;POLIDEPORTIVO COLSEGUROS ANDES;CLL 12 CON CRA 29B;PRUEBA DE RUMBA;;Martes;;;;;;7:15.am;8:15.am;;;No aplica;ActivaMente;PAOLA FERNÁNDEZ;GO3 -PAOLA FERNANDEZ-COLSEGUROS FITNESS -C19-ACT-FUNC
10;Colseguros Andes;Urbana;POLIDEPORTIVO COLSEGUROS ANDES;CLL 12 CON CRA 29B;PRUEBA DE RUMBA;;Martes;;;;;;8:30.am;9:30.am;;;No aplica;ActivaMente;PAOLA FERNÁNDEZ;GO4 -PAOLA FERNANDEZ-GRUPO COLSEGUROS FITNESS 2 -C19-ACT-FUNC
10;Panamericano;Urbana;UNIDAD RECREATIVA PANAMERICANO;K 49  # 12 - 00;ACTIVIDAD FÍSICA Y RECREACIÓN ADAPTADA;;Martes;;Jueves;;;;10:00.am-10:00.am;11:00.am-11:00.am;;;No aplica;Cali Incluyente;JANER TAFUR;CI - ACTIVIDAD FÍSICA Y RECREACION ADAPTADA - C10 - G02
10;Panamericano;Urbana;UNIDAD RECREATIVA PANAMERICANO;K 49  # 12 - 00;PARA NATACIÓN;;Martes;;Jueves;;;;9:00.am-9:00.am;10:00.am-10:00.am;;;No aplica;Cali Incluyente;JANER TAFUR;CI - INICIACION PARANATACION - C10 - G01
10;Olímpico;Urbana;Unidad Recreativa Olimpico;CLL 11 CON CRA 36A # 12 - 00;ACTIVIDAD FÍSICA Y RECREACIÓN ADAPTADA;;Martes;;;;;;8:30.am;9:30.am;;;No aplica;Cali Incluyente;MANUEL CABRERA;CI- ACTIVIDAD FÍSICA Y RECREACIÓN ADAPTADA - C19- G04
10;La Selva;Urbana;IE JOSE MARIA VIVAS BALCAZAR;C 14 # 48 A 32;REDCREACCION;;;;;Viernes;;;11:40.am;12:30.am;;;No aplica;Cali juega;YERALDI MANZANO;CJ-ADOYJUV-C10-IEJMV-SP-OCT2
10;La Selva;Urbana;IE JOSE MARIA VIVAS BALCAZAR;C 14 # 48 A 32;REDCREACCION;;;;;Viernes;;;7:30.am;8:30.am;;;No aplica;Cali juega;VANESA ROQUEME;CJ-ADOYJUV-C10-IEJMV-SP-OCT3
10;La Selva;Urbana;IE JOSE MARIA VIVAS BALCAZAR;C 14 # 48 A 32;REDCREACCION;;;Miercoles;;;;;11:40.am;12:30.am;;;No aplica;Cali juega;YERALDI MANZANO;CJ-ADOYJUV-C10-IEJMV-SP-OCT4
10;La Selva;Urbana;IE JOSE MARIA VIVAS BALCAZAR;C 14 # 48 A 32;REDCREACCION;;;;;Viernes;;;10:00.am;10:50.am;;;No aplica;Cali juega;YERALDI MANZANO;CJ-ADOYJUV-C10-IEJMV-SP-OCT5
10;La Selva;Urbana;IE JOSE MARIA VIVAS BALCAZAR;C 14 # 48 A 32;REDCREACCION;;;;Jueves;;;;10:00.am;10:50.am;;;No aplica;Cali juega;VANESA ROQUEME;CJ-ADOYJUV-C10-IEJMV-SP-SEPT5
10;La Selva;Urbana;IE JOSE MARIA VIVAS BALCAZAR;C 14 # 48 A 32;REDCREACCION;;;Miercoles;;;;;9:10.am;10:00.am;;;No aplica;Cali juega;YERALDI MANZANO;CJ-ADOYJUV-C10-IEOJMV-OCT1
10;La Selva;Urbana;IE JOSE MARIA VIVAS BALCAZAR;C 14 # 48 A 32;REDCREACCION;;;;Jueves;;;;11:40.am;12:30.pm;;;No aplica;Cali juega;VANESA ROQUEME;CJ-ADOYJUV-C10-IEOJMV-SEP1
10;La Selva;Urbana;IE JOSE MARIA VIVAS BALCAZAR;C 14 # 48 A 32;REDCREACCION;;;Miercoles;;;;;10:50.am;11:40.am;;;No aplica;Cali juega;VANESA ROQUEME;CJ-ADOYJUV-C10-IEOJMV-SEP2
10;La Selva;Urbana;IE JOSE MARIA VIVAS BALCAZAR;C 14 # 48 A 32;REDCREACCION;;Martes;;;;;;9:10.am;10:00.am;;;No aplica;Cali juega;VANESA ROQUEME;CJ-ADOYJUV-C10-IEOJMV-SEP3
10;La Selva;Urbana;IE JOSE MARIA VIVAS BALCAZAR;C 14 # 48 A 32;REDCREACCION;;;;Jueves;;;;9:10.am;10:00.am;;;No aplica;Cali juega;YERALDI MANZANO;CJ-ADOYJUV-C10-IEOJMV-SEX1
10;La Selva;Urbana;IE JOSE MARIA VIVAS BALCAZAR;C 14 # 48 A 32;REDCREACCION;;;Miercoles;;;;;10:00.am;10:50.am;;;No aplica;Cali juega;YERALDI MANZANO;CJ-ADOYJUV-C10-IEOJMV-SEX2
10;La Selva;Urbana;IE JOSE MARIA VIVAS BALCAZAR;C 14 # 48 A 32;REDCREACCION;;Martes;;;;;;6:30.am;7:30.am;;;No aplica;Cali juega;XIMENA LOAIZA;CJ-ADOYJUV-C10-IEOJMV-SEX3
10;La Selva;Urbana;IE JOSE MARIA VIVAS BALCAZAR;C 14 # 48 A 32;REDCREACCION;;;Miercoles;;;;;7:30.am;8:30.am;;;No aplica;Cali juega;XIMENA LOAIZA;CJ-ADOYJUV-C10-IEOJMV-SEX4
10;La Selva;Urbana;IE JOSE MARIA VIVAS BALCAZAR;C 14 # 48 A 32;REDCREACCION;;;;;Viernes;;;6:30.am;7:30.am;;;No aplica;Cali juega;XIMENA LOAIZA;CJ-ADOYJUV-C10-IEOJMV-SEX5
10;La Selva;Urbana;IE JOSE MARIA VIVAS BALCAZAR;C 14 # 48 A 32;ENTRE RISAS Y JUEGOS;;Martes;;;;;;11:00.am;11:50.am;;;No aplica;Cali juega;DIANA SERNA;CJ-INF-C10-IEJMV-SD- QUINAM
10;La Selva;Urbana;IE JOSE MARIA VIVAS BALCAZAR;C 14 # 48 A 32;ENTRE RISAS Y JUEGOS;;Martes;;;;;;10:10.am;11:00.am;;;No aplica;Cali juega;DIANA SERNA;CJ-INF-C10-IEJMV-SD-CUARAM
10;La Selva;Urbana;IE JOSE MARIA VIVAS BALCAZAR;C 14 # 48 A 32;ENTRE RISAS Y JUEGOS;;Martes;;;;;;4:10.pm;5:10.pm;;;No aplica;Cali juega;SANTIAGO VEIRA;CJ-INF-C10-IEJMV-SD-CUARPM
10;La Selva;Urbana;IE JOSE MARIA VIVAS BALCAZAR;C 14 # 48 A 32;ENTRE RISAS Y JUEGOS;;Martes;;;;;;7:10.am;8:00.am;;;No aplica;Cali juega;DIANA SERNA;CJ-INF-C10-IEJMV-SD-PRIAM
10;La Selva;Urbana;IE JOSE MARIA VIVAS BALCAZAR;C 14 # 48 A 32;ENTRE RISAS Y JUEGOS;;Martes;;;;;;1:20.pm;2:20.pm;;;No aplica;Cali juega;SANTIAGO VEIRA;CJ-INF-C10-IEJMV-SD-PRIPM
10;La Selva;Urbana;IE JOSE MARIA VIVAS BALCAZAR;C 14 # 48 A 32;ENTRE RISAS Y JUEGOS;;Martes;;;;;;5:10.pm;6:00.pm;;;No aplica;Cali juega;SANTIAGO VEIRA;CJ-INF-C10-IEJMV-SD-QUINPM
10;La Selva;Urbana;IE JOSE MARIA VIVAS BALCAZAR;C 14 # 48 A 32;ENTRE RISAS Y JUEGOS;;Martes;;;;;;8:00.am;8:50.am;;;No aplica;Cali juega;DIANA SERNA;CJ-INF-C10-IEJMV-SD-SEGAM
10;La Selva;Urbana;IE JOSE MARIA VIVAS BALCAZAR;C 14 # 48 A 32;ENTRE RISAS Y JUEGOS;;Martes;;;;;;2:10.pm;3:10.pm;;;No aplica;Cali juega;SANTIAGO VEIRA;CJ-INF-C10-IEJMV-SD-SEGPM
10;La Selva;Urbana;IE JOSE MARIA VIVAS BALCAZAR;C 14 # 48 A 32;ENTRE RISAS Y JUEGOS;;Martes;;;;;;9:20.am;10:10.am;;;No aplica;Cali juega;DIANA SERNA;CJ-INF-C10-IEJMV-SD-TERAM
10;La Selva;Urbana;IE JOSE MARIA VIVAS BALCAZAR;C 14 # 48 A 32;ENTRE RISAS Y JUEGOS;;Martes;;;;;;3:10.pm;4:10.pm;;;No aplica;Cali juega;SANTIAGO VEIRA;CJ-INF-C10-IEJMV-SD-TERPM
10;La Selva;Urbana;IE JOSE MARIA VIVAS BALCAZAR;C 14 # 48 A 32;ENTRE RISAS Y JUEGOS;;Martes;;;;;;7:00.am;7:45.am;;;No aplica;Cali juega;CARLOS MEZA;CJ-INF-C10-IEJMV-SFV-CUARC
10;La Selva;Urbana;IE JOSE MARIA VIVAS BALCAZAR;C 14 # 48 A 32;ENTRE RISAS Y JUEGOS;;;Miercoles;;;;;7:00.am;7:45.am;;;No aplica;Cali juega;XIMENA LOAIZA;CJ-INF-C10-IEJMV-SFV-CUARD
10;La Selva;Urbana;IE JOSE MARIA VIVAS BALCAZAR;C 14 # 48 A 32;ENTRE RISAS Y JUEGOS;;Martes;;;;;;10:00.am;10:45.am;;;No aplica;Cali juega;CARLOS MEZA;CJ-INF-C10-IEJMV-SFV-PRIC
10;La Selva;Urbana;IE JOSE MARIA VIVAS BALCAZAR;C 14 # 48 A 32;ENTRE RISAS Y JUEGOS;;;Miercoles;;;;;8:30.am;9:15.am;;;No aplica;Cali juega;CARLOS MEZA;CJ-INF-C10-IEJMV-SFV-PRID
10;La Selva;Urbana;IE JOSE MARIA VIVAS BALCAZAR;C 14 # 48 A 32;ENTRE RISAS Y JUEGOS;;;Miercoles;;;;;10:45.am;11:20.am;;;No aplica;Cali juega;JORGE RAMOS;CJ-INF-C10-IEJMV-SFV-QUINC
10;La Selva;Urbana;IE JOSE MARIA VIVAS BALCAZAR;C 14 # 48 A 32;ENTRE RISAS Y JUEGOS;;;Miercoles;;;;;11:30.am;12:15.pm;;;No aplica;Cali juega;JORGE RAMOS;CJ-INF-C10-IEJMV-SFV-QUIND
10;La Selva;Urbana;IE JOSE MARIA VIVAS BALCAZAR;C 14 # 48 A 32;ENTRE RISAS Y JUEGOS;;Martes;;;;;;10:45.am;11:30.am;;;No aplica;Cali juega;XIMENA LOAIZA;CJ-INF-C10-IEJMV-SFV-QUINE
10;La Selva;Urbana;IE JOSE MARIA VIVAS BALCAZAR;C 14 # 48 A 32;ENTRE RISAS Y JUEGOS;;;Miercoles;;;;;7:45.am;8:30.am;;;No aplica;Cali juega;CARLOS MEZA;CJ-INF-C10-IEJMV-SFV-SEGC
10;La Selva;Urbana;IE JOSE MARIA VIVAS BALCAZAR;C 14 # 48 A 32;ENTRE RISAS Y JUEGOS;;;Miercoles;;;;;8:30.am;9:15.am;;;No aplica;Cali juega;NAYEILY LASSO;CJ-INF-C10-IEJMV-SFV-SEGD
10;La Selva;Urbana;IE JOSE MARIA VIVAS BALCAZAR;C 14 # 48 A 32;ENTRE RISAS Y JUEGOS;;;Miercoles;;;;;10:00.am;10:45.am;;;No aplica;Cali juega;NAYEILY LASSO;CJ-INF-C10-IEJMV-SFV-TERC
10;La Selva;Urbana;IE JOSE MARIA VIVAS BALCAZAR;C 14 # 48 A 32;ENTRE RISAS Y JUEGOS;;Martes;;;;;;7:45.am;8:30.am;;;No aplica;Cali juega;CARLOS MEZA;CJ-INF-C10-IEJMV-SFV-TERD
10;Cristóbal Colón;Urbana;HI JUAN BAUTISTA;Carrera 32A #16-61;JUEGO EN ACCION PARA UNA INFANCIA MEJOR;;Martes;;;;;;9:00.am;10:00.am;;;No aplica;Cali juega;LORENA RENGIFO;CJ-PI-C10-HIJB-JAR1
10;Cristóbal Colón;Urbana;HI JUAN BAUTISTA;Carrera 32A #16-61;JUEGO EN ACCION PARA UNA INFANCIA MEJOR;;;Miercoles;;;;;10:00.am;11:00.am;;;No aplica;Cali juega;EVELYN COLLAZOS;CJ-PI-C10-HIJB-PARVIIIYIV
10;Cristóbal Colón;Urbana;HI JUAN BAUTISTA;Carrera 32A #16-61;JUEGO EN ACCION PARA UNA INFANCIA MEJOR;;Martes;;;;;;10:00.am;11:00.am;;;No aplica;Cali juega;LORENA RENGIFO;CJ-PI-C10-HIJB-PARVIYII
10;Cristóbal Colón;Urbana;HI JUAN BAUTISTA;Carrera 32A #16-61;JUEGO EN ACCION PARA UNA INFANCIA MEJOR;;;Miercoles;;;;;9:00.am;10:00.am;;;No aplica;Cali juega;EVELYN COLLAZOS;CJ-PI-C10-HIJB-PREJAR2
10;El Guabal;Urbana;CANCHA MULTIPLE DIVINO NIÑO;CRA 41A # 14 C 50;acondicionamiento fisico;;;;;Viernes;;;7:30.am;8:30.am;;;No aplica;Carreras y Caminatas;JHON PELAEZ;CYC-ACONDICIONAMIENTO FISICO-C10-JHON ROBERT PELAEZ-G04
10;El Guabal;Urbana;I.E CARLOS HOLGUIN LLOREDA- REPUBLICA DE COSTA RICA;1536;RECREO DEPORTIVO;;;Miercoles;;;;;10:00AM;10:50am;;;No aplica;Deporte Escolar;JAIME PORTILLO;1957
10;El Guabal;Urbana;I.E CARLOS HOLGUIN LLOREDA- REPUBLICA DE COSTA RICA;1537;RECREO DEPORTIVO;;;Miercoles;;;;;7:00AM;7:50am;;;No aplica;Deporte Escolar;JAIME PORTILLO;1958
10;El Guabal;Urbana;I.E CARLOS HOLGUIN LLOREDA- REPUBLICA DE COSTA RICA;1538;RECREO DEPORTIVO;;;Miercoles;;;;;7:50AM;8:40am;;;No aplica;Deporte Escolar;JAIME PORTILLO;1959
10;El Guabal;Urbana;I.E CARLOS HOLGUIN LLOREDA- REPUBLICA DE COSTA RICA;1539;RECREO DEPORTIVO;;;;Jueves;;;;7:50AM;8:40am;;;No aplica;Deporte Escolar;JAIME PORTILLO;1960
10;El Guabal;Urbana;I.E CARLOS HOLGUIN LLOREDA- REPUBLICA DE COSTA RICA;1540;RECREO DEPORTIVO;;;Miercoles;;;;;8:40AM;9:30am;;;No aplica;Deporte Escolar;JAIME PORTILLO;1961
10;El Guabal;Urbana;I.E CARLOS HOLGUIN LLOREDA- REPUBLICA DE COSTA RICA;1541;RECREO DEPORTIVO;;;;Jueves;;;;8:40AM;9:30am;;;No aplica;Deporte Escolar;JAIME PORTILLO;1962
10;El Guabal;Urbana;I.E CARLOS HOLGUIN LLOREDA- REPUBLICA DE COSTA RICA;1542;RECREO DEPORTIVO;;;Miercoles;;;;;10:50AM;11:40am;;;No aplica;Deporte Escolar;JAIME PORTILLO;1963
10;El Guabal;Urbana;I.E CARLOS HOLGUIN LLOREDA- REPUBLICA DE COSTA RICA;1543;RECREO DEPORTIVO;;;;Jueves;;;;10:50AM;11:40am;;;No aplica;Deporte Escolar;JAIME PORTILLO;1964
10;El Guabal;Urbana;I.E CARLOS HOLGUIN LLOREDA- REPUBLICA DE COSTA RICA;1544;RECREO DEPORTIVO;;;;Jueves;;;;10:00AM;10:50am;;;No aplica;Deporte Escolar;JAIME PORTILLO;1965
10;El Guabal;Urbana;I.E CARLOS HOLGUIN LLOREDA- REPUBLICA DE COSTA RICA;1545;RECREO DEPORTIVO;;;;Jueves;;;;7:00AM;7:50am;;;No aplica;Deporte Escolar;JAIME PORTILLO;1966
10;La Selva;Urbana;I.E JOSE MARIA VIVAS BALCAZAR- FERNANDO VELASCO;1546;RECREO DEPORTIVO;;Martes;;;;;;7:00AM;7:50am;;;No aplica;Deporte Escolar;JACQUELINE RIOS;1967
10;La Selva;Urbana;I.E JOSE MARIA VIVAS BALCAZAR- FERNANDO VELASCO;1547;RECREO DEPORTIVO;;Martes;;;;;;7:50AM;8:40am;;;No aplica;Deporte Escolar;JACQUELINE RIOS;1968
10;La Selva;Urbana;I.E JOSE MARIA VIVAS BALCAZAR- FERNANDO VELASCO;1548;RECREO DEPORTIVO;;Martes;;;;;;8:40AM;9:30am;;;No aplica;Deporte Escolar;JACQUELINE RIOS;1969
10;La Selva;Urbana;I.E JOSE MARIA VIVAS BALCAZAR- FERNANDO VELASCO;1549;RECREO DEPORTIVO;;Martes;;;;;;10:00AM;10:50am;;;No aplica;Deporte Escolar;JACQUELINE RIOS;1970
10;La Selva;Urbana;I.E JOSE MARIA VIVAS BALCAZAR- FERNANDO VELASCO;1550;RECREO DEPORTIVO;;;Miercoles;;;;;7:50AM;8:40am;;;No aplica;Deporte Escolar;JACQUELINE RIOS;1971
10;La Selva;Urbana;I.E JOSE MARIA VIVAS BALCAZAR- FERNANDO VELASCO;1551;RECREO DEPORTIVO;;;Miercoles;;;;;8:40AM;9:30am;;;No aplica;Deporte Escolar;JACQUELINE RIOS;1972
10;La Selva;Urbana;I.E JOSE MARIA VIVAS BALCAZAR- FERNANDO VELASCO;1552;RECREO DEPORTIVO;;;Miercoles;;;;;10:00AM;10:50am;;;No aplica;Deporte Escolar;JACQUELINE RIOS;1973
10;La Selva;Urbana;I.E JOSE MARIA VIVAS BALCAZAR- FERNANDO VELASCO;1553;RECREO DEPORTIVO;;;;;Viernes;;;7:00AM;7:50am;;;No aplica;Deporte Escolar;JACQUELINE RIOS;1974
10;La Selva;Urbana;I.E JOSE MARIA VIVAS BALCAZAR- FERNANDO VELASCO;1554;RECREO DEPORTIVO;;;;;Viernes;;;8:00AM;8:50am;;;No aplica;Deporte Escolar;JACQUELINE RIOS;1975
10;La Selva;Urbana;I.E JOSE MARIA VIVAS BALCAZAR- FERNANDO VELASCO;1555;RECREO DEPORTIVO;;;;;Viernes;;;10:00AM;10:50am;;;No aplica;Deporte Escolar;JACQUELINE RIOS;1976
10;La Selva;Urbana;I.E JOSE MARIA VIVAS BALCAZAR- SANTO DOMINGO;1567;RECREO DEPORTIVO;;;;;Viernes;;;7:10AM;8:00am;;;No aplica;Deporte Escolar;JUAN SANCHEZ;1988
10;La Selva;Urbana;I.E JOSE MARIA VIVAS BALCAZAR- SANTO DOMINGO;1568;RECREO DEPORTIVO;;;;;Viernes;;;8:00AM;8:50am;;;No aplica;Deporte Escolar;JUAN SANCHEZ;1989
10;La Selva;Urbana;I.E JOSE MARIA VIVAS BALCAZAR- SANTO DOMINGO;1569;RECREO DEPORTIVO;;;;;Viernes;;;9:20AM;10:10am;;;No aplica;Deporte Escolar;JUAN SANCHEZ;1990
10;La Selva;Urbana;I.E JOSE MARIA VIVAS BALCAZAR- SANTO DOMINGO;1570;RECREO DEPORTIVO;;;;;Viernes;;;10:10AM;11:00am;;;No aplica;Deporte Escolar;JUAN SANCHEZ;1991
10;La Selva;Urbana;I.E JOSE MARIA VIVAS BALCAZAR- SANTO DOMINGO;1571;RECREO DEPORTIVO;;;;;Viernes;;;11:00AM;11:50am;;;No aplica;Deporte Escolar;JUAN SANCHEZ;1992
10;La Selva;Urbana;I.E JOSE MARIA VIVAS BALCAZAR- SANTO DOMINGO;1572;RECREO DEPORTIVO;;;;;Viernes;;;1:10PM;2:00pm;;;No aplica;Deporte Escolar;JUAN SANCHEZ;1993
10;La Selva;Urbana;I.E JOSE MARIA VIVAS BALCAZAR- SANTO DOMINGO;1573;RECREO DEPORTIVO;;;;;Viernes;;;2:00PM;2:50pm;;;No aplica;Deporte Escolar;JUAN SANCHEZ;1994
10;La Selva;Urbana;I.E JOSE MARIA VIVAS BALCAZAR- SANTO DOMINGO;1574;RECREO DEPORTIVO;;;;;Viernes;;;3:20PM;4:10pm;;;No aplica;Deporte Escolar;JUAN SANCHEZ;1995
10;La Selva;Urbana;I.E JOSE MARIA VIVAS BALCAZAR- SANTO DOMINGO;1575;RECREO DEPORTIVO;;;;;Viernes;;;4:10PM;5:00pm;;;No aplica;Deporte Escolar;JUAN SANCHEZ;1996
10;La Selva;Urbana;I.E JOSE MARIA VIVAS BALCAZAR- SANTO DOMINGO;1576;RECREO DEPORTIVO;;;;;Viernes;;;5:00PM;5:50pm;;;No aplica;Deporte Escolar;JUAN SANCHEZ;1997
10;Barrio Departamental;Urbana;I.E RAFAEL NAVIA VARON- FRANCISCO MONTES IDROBO;1730;RECREO DEPORTIVO;;Martes;;;;;;10:00AM;11:00am;;;No aplica;Deporte Escolar;ALAN PRECIADO;2151
10;Barrio Departamental;Urbana;I.E RAFAEL NAVIA VARON- FRANCISCO MONTES IDROBO;1731;RECREO DEPORTIVO;;Martes;;;;;;11:00AM;12:00pm;;;No aplica;Deporte Escolar;ALAN PRECIADO;2152
10;Barrio Departamental;Urbana;I.E RAFAEL NAVIA VARON- FRANCISCO MONTES IDROBO;1732;RECREO DEPORTIVO;;;Miercoles;;;;;8:45AM;9:30am;;;No aplica;Deporte Escolar;ALAN PRECIADO;2153
10;Barrio Departamental;Urbana;I.E RAFAEL NAVIA VARON- FRANCISCO MONTES IDROBO;1733;RECREO DEPORTIVO;;;Miercoles;;;;;10:00AM;12:00pm;;;No aplica;Deporte Escolar;ALAN PRECIADO;2154
10;Barrio Departamental;Urbana;I.E RAFAEL NAVIA VARON- FRANCISCO MONTES IDROBO;1734;RECREO DEPORTIVO;;;;Jueves;;;;8:45AM;9:30am;;;No aplica;Deporte Escolar;ALAN PRECIADO;2155
10;Barrio Departamental;Urbana;I.E RAFAEL NAVIA VARON- FRANCISCO MONTES IDROBO;1735;RECREO DEPORTIVO;;;;Jueves;;;;10:00AM;11:00am;;;No aplica;Deporte Escolar;ALAN PRECIADO;2156
10;Barrio Departamental;Urbana;I.E RAFAEL NAVIA VARON- FRANCISCO MONTES IDROBO;1736;RECREO DEPORTIVO;;;;Jueves;;;;11:00AM;12:00am;;;No aplica;Deporte Escolar;ALAN PRECIADO;2157
10;Barrio Departamental;Urbana;I.E RAFAEL NAVIA VARON- FRANCISCO MONTES IDROBO;1737;RECREO DEPORTIVO;;;;;Viernes;;;8:45AM;9:30am;;;No aplica;Deporte Escolar;ALAN PRECIADO;2158
10;Barrio Departamental;Urbana;I.E RAFAEL NAVIA VARON- PANAMERICANA;1738;RECREO DEPORTIVO;;Martes;;;;;;7:00AM;7:55am;;;No aplica;Deporte Escolar;CRISTIAN CASTRO;2159
10;Barrio Departamental;Urbana;I.E RAFAEL NAVIA VARON- PANAMERICANA;1739;RECREO DEPORTIVO;;Martes;;;;;;7:55AM;8:50am;;;No aplica;Deporte Escolar;CRISTIAN CASTRO;2160
10;Barrio Departamental;Urbana;I.E RAFAEL NAVIA VARON- PANAMERICANA;1740;RECREO DEPORTIVO;;Martes;;;;;;8:50AM;9:45am;;;No aplica;Deporte Escolar;CRISTIAN CASTRO;2161
10;Barrio Departamental;Urbana;I.E RAFAEL NAVIA VARON- PANAMERICANA;1741;RECREO DEPORTIVO;;Martes;;;;;;10:15AM;11:10am;;;No aplica;Deporte Escolar;CRISTIAN CASTRO;2162
10;Barrio Departamental;Urbana;I.E RAFAEL NAVIA VARON- PANAMERICANA;1742;RECREO DEPORTIVO;;Martes;;;;;;11:00AM;11:45am;;;No aplica;Deporte Escolar;CRISTIAN CASTRO;2163
10;Barrio Departamental;Urbana;I.E RAFAEL NAVIA VARON- PANAMERICANA;1743;RECREO DEPORTIVO;;;;;Viernes;;;7:00AM;7:55am;;;No aplica;Deporte Escolar;CRISTIAN CASTRO;2164
10;Barrio Departamental;Urbana;I.E RAFAEL NAVIA VARON- PANAMERICANA;1744;RECREO DEPORTIVO;;;;;Viernes;;;7:55AM;8:50am;;;No aplica;Deporte Escolar;CRISTIAN CASTRO;2165
10;Barrio Departamental;Urbana;I.E RAFAEL NAVIA VARON- PANAMERICANA;1746;RECREO DEPORTIVO;;;;;Viernes;;;8:50AM;9:45am;;;No aplica;Deporte Escolar;CRISTIAN CASTRO;2167
10;Barrio Departamental;Urbana;I.E RAFAEL NAVIA VARON- PANAMERICANA;1747;RECREO DEPORTIVO;;;;;Viernes;;;10:15AM;11:00am;;;No aplica;Deporte Escolar;CRISTIAN CASTRO;2168
10;Barrio Departamental;Urbana;I.E RAFAEL NAVIA VARON- PANAMERICANA;1748;RECREO DEPORTIVO;;;;;Viernes;;;11:00AM;11:45am;;;No aplica;Deporte Escolar;CRISTIAN CASTRO;2169
10;El Guabal;Urbana;I.E CARLOS HOLGUIN LLOREDA- REPUBLICA DE COSTA RICA;1960;RECREO DEPORTIVO;;;;Jueves;;;;7:00AM;7:50am;;;No aplica;Deporte Escolar;JUAN SANCHEZ;2381
10;El Guabal;Urbana;I.E CARLOS HOLGUIN LLOREDA- REPUBLICA DE COSTA RICA;1961;RECREO DEPORTIVO;;;;Jueves;;;;10:50AM;11:40am;;;No aplica;Deporte Escolar;JUAN SANCHEZ;2382
10;El Guabal;Urbana;I.E CARLOS HOLGUIN LLOREDA- REPUBLICA DE COSTA RICA;1962;RECREO DEPORTIVO;;;;Jueves;;;;7:50AM;8:40am;;;No aplica;Deporte Escolar;JUAN SANCHEZ;2383
10;El Guabal;Urbana;I.E CARLOS HOLGUIN LLOREDA- REPUBLICA DE COSTA RICA;1963;RECREO DEPORTIVO;;;;Jueves;;;;10:00AM;10:50am;;;No aplica;Deporte Escolar;JUAN SANCHEZ;2384
10;El Guabal;Urbana;I.E CARLOS HOLGUIN LLOREDA- REPUBLICA DE COSTA RICA;1964;RECREO DEPORTIVO;;;;Jueves;;;;8:40AM;9:30am;;;No aplica;Deporte Escolar;JUAN SANCHEZ;2385
10;Barrio Departamental;Urbana;I.E RAFAEL NAVIA VARON- FRANCISCO MONTES IDROBO;1992;RECREO DEPORTIVO;;;Miercoles;;;;;10:00AM;11:00am;;;No aplica;Deporte Escolar;ALAN PRECIADO;2413
10;Olímpico;Urbana;PARQUE RECREATIVO BARRIO OLIMPICO;K 38   C 12;BALONCESTO MASCULINO;;;Miercoles;;Viernes;Sabado;;8:30.pm-2:00.pm-4:30.pm;10:00.pm-3:30.pm-6:00.pm;;;No aplica;Desafio Elite;CARLOS ORDOÑEZ;CE-BALONCESTO MASCULINO-C19-ALEJANDRO ORDOÑEZ-G01
10;Olímpico;Urbana;PARQUE RECREATIVO BARRIO OLIMPICO;K 38   C 12;FUTBOL SALA MASCULINO;Lunes;;Miercoles;Jueves;Viernes;;;2:00.pm-2:00.pm-2:00.pm-2:00.pm;4:00.pm-4:00.pm-4:00.pm-4:00.pm;;;No aplica;Desafio Elite;HERNAN CARDONA;CE-FUTBOL-MASCULINO-C10-HERNAN CARDONA-G01
10;Panamericano;Urbana;Corporacion De Recreacion Y Cultura Los Panas;Cra. 48 #calle 12 y 12B;PARA-NATACION;;Martes;Miercoles;Jueves;Viernes;;;5:00.pm-5:00.pm-5:00.pm-5:00.pm;7:00.pm-7:00.pm-7:00.pm-7:00.pm;;;No aplica;Desafio Elite;CARLOS AMAYA;CE-PARA-NATACIÓN-C19-CARLOS AMAYA-G02
10;San Judas Tadeo II;Urbana;Polideportivo  San Judas Tadeo II;K 42 # 18 00;FUTBOL;Lunes;;Miercoles;;;;;16:00:00; 17:30:00;;76;Base;Deporvida;MILTON WILLIAM BRAVO PANTOJA;-
10;San Judas Tadeo II;Urbana;Polideportivo  San Judas Tadeo II;K 42 # 18 00;FUTBOL;Lunes;;Miercoles;;;;;17:30:00; 19:00:00;;78;Irradiacion;Deporvida;MILTON WILLIAM BRAVO PANTOJA;-
10;San Judas Tadeo II;Urbana;Polideportivo  San Judas Tadeo II;K 42 # 18 00;FUTBOL;;;;;Viernes;;;17:30:00; 19:00:00;;436;Fundamentacion;Deporvida;MILTON WILLIAM BRAVO PANTOJA;-
10;San Judas Tadeo II;Urbana;Polideportivo  San Judas Tadeo II;K 42 # 18 00;FUTBOL;;;Miercoles;;;;;19:00:00; 20:30:00;;436;Fundamentacion;Deporvida;MILTON WILLIAM BRAVO PANTOJA;-
10;Colseguros Andes;Urbana;CANCHA PUNTO BLANCO;K 34 # 12 00;FUTBOL SALA;;;Miercoles;;Viernes;;;17:00:00; 18:30:00;;63;Fundamentacion;Deporvida;FRANCISCO JAVIER CASTAÃ‘O ESCOBAR;-
10;El Dorado;Urbana;I.E.T. JOSE MARIA CARBONELL - SEDE HONORIO VILLEGAS;K 35A # 13A 20;FUTBOL SALA;;;;Jueves;Viernes;;;8:20:00; 09:30:00;;65;Irradiacion;Deporvida;FRANCISCO JAVIER CASTAÃ‘O ESCOBAR;-
10;Colseguros Andes;Urbana;CANCHA PUNTO BLANCO;K 34 # 12 00;FUTBOL SALA;;Martes;;Jueves;;;;16:30:00; 18:00:00;;70;Irradiacion;Deporvida;JUAN manuel TOVAR ALZATE;-
10;San Judas Tadeo I;Urbana;PARQUE LINEAL - CANCHA DE COLORES (SAN JUDAS);K 40 # 18 00;FUTBOL SALA;Lunes;;;;Viernes;;;16:30:00; 18:00:00;;71;Irradiacion;Deporvida;MARLIO ANDRES DUARTE FLOREZ;-
10;San Judas Tadeo I;Urbana;PARQUE LINEAL - CANCHA DE COLORES (SAN JUDAS);K 40 # 18 00;FUTBOL SALA;Lunes;;;;Viernes;;;18:00:00; 19:30:00;;72;Fundamentacion;Deporvida;MARLIO ANDRES DUARTE FLOREZ;-
10;San Judas Tadeo II;Urbana;Polideportivo  San Judas Tadeo II;K 42 # 18 00;FUTBOL SALA;Lunes;;Miercoles;;;;;15:00:00; 16:30:00;;82;Irradiacion;Deporvida;WILSON HERNANDO MARTINEZ ROJAS;-
10;San Judas Tadeo II;Urbana;Polideportivo  San Judas Tadeo II;K 42 # 18 00;FUTBOL SALA;Lunes;;Miercoles;;;;;16:30:00; 18:00:00;;83;Fundamentacion;Deporvida;WILSON HERNANDO MARTINEZ ROJAS;-
10;El Dorado;Urbana;Polideportivo El Dorado  II;K 37 # 13C 00;FUTBOL SALA;;Martes;;Jueves;;;;15:00:00; 16:30:00;;84;Fundamentacion;Deporvida;WILSON HERNANDO MARTINEZ ROJAS;-
10;El Dorado;Urbana;Polideportivo El Dorado  II;K 37 # 13C 00;FUTBOL SALA;;Martes;;Jueves;;;;16:30:00; 17:30:00;;86;Fundamentacion;Deporvida;WILSON HERNANDO MARTINEZ ROJAS;-
10;Pasoancho;Urbana;Polideportivo Pasoancho;K 41 # 12B 00;FUTBOL SALA;;Martes;;Jueves;;;;15:00:00; 16:30:00;;305;Base;Deporvida;JHOAO Sebastian BURBANO GUERRERO;-
10;San Judas Tadeo I;Urbana;PARQUE LINEAL - CANCHA DE COLORES (SAN JUDAS);K 40 # 18 00;FUTBOL SALA;;;;Jueves;;;;9:00:00; 11:00:00;;327;Fundamentacion;Deporvida;MARLIO ANDRES DUARTE FLOREZ;-
10;El Dorado;Urbana;I.E.T. JOSE MARIA CARBONELL - SEDE HONORIO VILLEGAS;K 35A # 13A 20;FUTBOL SALA;;;;Jueves;Viernes;;;10:00:00; 11:00:00;;450;Irradiacion;Deporvida;FRANCISCO JAVIER CASTAÃ‘O ESCOBAR;-
10;El Dorado;Urbana;I.E.T. JOSE MARIA CARBONELL - SEDE HONORIO VILLEGAS;K 35A # 13A 20;FUTBOL SALA;;;;Jueves;Viernes;;;8:20:00; 09:30:00;;451;Irradiacion;Deporvida;JUAN manuel TOVAR ALZATE;-
10;El Dorado;Urbana;I.E.T. JOSE MARIA CARBONELL - SEDE HONORIO VILLEGAS;K 35A # 13A 20;FUTBOL SALA;;;;Jueves;Viernes;;;10:00:00; 11:00:00;;452;Irradiacion;Deporvida;JUAN manuel TOVAR ALZATE;-
10;San Judas Tadeo II;Urbana;Polideportivo  San Judas Tadeo II;K 42 # 18 00;PATINAJE;Lunes;;Miercoles;;;;;19:00:00; 20:00:00;;53;Irradiacion;Deporvida;CLAUDIA PATRICIA MARIN LOPEZ;-
10;San Judas Tadeo II;Urbana;Polideportivo  San Judas Tadeo II;K 42 # 18 00;PATINAJE;Lunes;;Miercoles;;;;;18:00:00; 19:00:00;;385;Base;Deporvida;CLAUDIA PATRICIA MARIN LOPEZ;-
10;El Dorado;Urbana;Polideportivo El Dorado I;K 36 # 13A 00;PATINAJE;;Martes;;Jueves;;;;15:00:00; 16:00:00;;386;Base;Deporvida;CLAUDIA PATRICIA MARIN LOPEZ;-
10;San Judas Tadeo II;Urbana;SALON COMUNAL SAN JUDAS TADEO II;C 23 # 42 08;PORRISMO;Lunes;;Miercoles;;;;;16:00:00; 17:30:00;;55;Base;Deporvida;DIEGO  ROSERO ARBOLEDA;-
10;San Judas Tadeo II;Urbana;SALON COMUNAL SAN JUDAS TADEO II;C 23 # 42 08;PORRISMO;Lunes;;Miercoles;;;;;18:30:00; 20:30:00;;57;Irradiacion;Deporvida;DIEGO  ROSERO ARBOLEDA;-
10;Colseguros Andes;Urbana;INSTITUCION EDUCATIVA TECNICO INDUSTRIAL JOSE MARIA CARBONELL;C 13 # 32 88;VOLEIBOL;Lunes;;;;;;;13:40:00; 14:30:00;;74;Irradiacion;Deporvida;MICHAEL steven VALENCIA SANCHEZ;-
10;Colseguros Andes;Urbana;INSTITUCION EDUCATIVA TECNICO INDUSTRIAL JOSE MARIA CARBONELL;C 13 # 32 88;VOLEIBOL;;;;;Viernes;;;14:30:00; 15:20:00;;74;Irradiacion;Deporvida;MICHAEL steven VALENCIA SANCHEZ;-
10;Olimpico;Urbana;PARQUE RECREATIVO BARRIO OLIMPICO 1;K 34 # 12 00;VOLEIBOL;;Martes;;Jueves;;;;14:30:00; 16:00:00;;267;Irradiacion;Deporvida;MICHAEL steven VALENCIA SANCHEZ;-
10;Colseguros Andes;Urbana;INSTITUCION EDUCATIVA TECNICO INDUSTRIAL JOSE MARIA CARBONELL;C 13 # 32 88;VOLEIBOL;;;;Jueves;Viernes;;;13:40:00; 14:30:00;;453;Fundamentacion;Deporvida;MICHAEL steven VALENCIA SANCHEZ;-
10;El Guabal;Urbana;Unidad Recreativa  El Guabal ;K 40 # 13 00;NATACION;;Martes;;Jueves;;;;13:45:00; 15:15:00;;66;Base;Deporvida;JUAN CAMILO OCAMPO URBANO;-
10;Olimpico;Urbana;Unidad Recreativa  El Olimpico;K 36A # 12 00;NATACION;;;;;Viernes;;;14:00:00; 15:15:00;;69;Fundamentacion;Deporvida;JUAN CAMILO OCAMPO URBANO;-
10;Olimpico;Urbana;Unidad Recreativa  El Olimpico;K 36A # 12 00;TENIS DE MESA;;Martes;;Jueves;;;;16:30:00; 18:00:00;;273;Base;Deporvida;PAULA ANDREA OCAMPO URBANO;-
10;Olimpico;Urbana;Unidad Recreativa  El Olimpico;K 36A # 12 00;FUTBOL;Lunes;;Miercoles;;;;;14:00:00; 16:00:00;;277;Apropiacion;Deporvida;OVIDIO antonio TALAGA RODRIGUEZ;-
10;Olimpico;Urbana;Unidad Recreativa  El Olimpico;K 36A # 12 00;FUTBOL;;Martes;;Jueves;;;;14:00:00; 16:00:00;;278;Apropiacion;Deporvida;OVIDIO antonio TALAGA RODRIGUEZ;-
10;Olimpico;Urbana;Unidad Recreativa  El Olimpico;K 36A # 12 00;FUTBOL;;;;;Viernes;;;14:00:00; 16:00:00;;279;Apropiacion;Deporvida;OVIDIO antonio TALAGA RODRIGUEZ;-
10;El Dorado;Urbana;I.E.T. JOSE MARIA CARBONELL - SEDE HONORIO VILLEGAS;K 35A # 13A 20;AJEDREZ;;;Miercoles;;Viernes;;;8:30:00; 10:00:00;;116;Irradiacion;Deporvida;FRANCISCO  RODRiGUEZ SaNCHEZ;-
10;San Judas Tadeo I;Urbana;PARQUE RECREATIVO SAN JUDAS TADEO I;K 49 # 23 00;PATINAJE;;Martes;;Jueves;;;;17:30:00; 19:00:00;;54;Irradiacion;Deporvida;CLAUDIA PATRICIA MARIN LOPEZ;-
10;El Guabal;Urbana;Unidad Recreativa  El Guabal ;K 40 # 13 00;NATACION;;Martes;;Jueves;;;;15:15:00; 16:30:00;;68;Irradiacion;Deporvida;JUAN CAMILO OCAMPO URBANO;-
10;Colseguros Andes;Urbana;Parque Santa Clara;K32 C13;SKATEBOARDING;;Martes;;Jueves;;;;7:30.pm-7:30.pm;9:00.pm-9:00.pm;;;No aplica;Vertigo;ANTONIO ;VT-SKATEBOARDING-C17-ANTONIO CHAMAT-SANTA CLARA- G03
10;Colseguros Andes;Urbana;PARQUE COLSEGUROS;entre calle 12 y calle 12c con, Cra. 31;STREET WORKOUT;;;;;Viernes;;;6:00.pm;8:00.pm;;;No aplica;Vertigo;LUIS CARDONA;VT-STREET WORK OUT-C10-LUIS CARDONA-G03
11;Barrio San Carlos;Urbana;CANCHA DE BALONCESTO SAN CARLOS;CRA 33A # 31A - 00;FUNCIONAL;Lunes;;Miercoles;;;;;8:00.am-7:00.am;8:00.am-8:00.am;;;No aplica;ActivaMente;ALEXANDER BRAVO;ACT- AMIGAS POR SIEMPRE - FUN - 11 - ALEXANDER - 1
11;La Fortaleza;Urbana;Centro de Salud Luis H Garces;CLL 32 CON CRA 29;FUNCIONAL;;Martes;;Jueves;;;;4:00.pm-4:00.pm;5:00.pm-5:59.pm;;;No aplica;ActivaMente;JAIR MOSQUERA;ACT-ACTIVAMENTE-C12-FE Y ALEGRÍA-JAIR MOSQUERA-G7
11;Maracaibo;Urbana;CANCHA LA ESPERANZA;K 37  C 27;FUNCIONAL;;Martes;;Jueves;;;;7:00.am-7:00.am;8:00.am-8:00.am;;;No aplica;ActivaMente;ALEXANDER BRAVO;ACT-ALEGRIA PARA VIVIR-FUN-11-ALEXANDER BRAVO-3
11;El Jardín;Urbana;Parque Recreativo El Jardin;K 37 # 27 - 00;FUNCIONAL;;;Miercoles;;Viernes;;;8:00.am-7:00.am;9:00.am-8:00.am;;;No aplica;ActivaMente;ALEXANDER BRAVO;ACT-ESPERANZA DORADA-FUN-11-ALEXANDER BRAVO-2
11;Maracaibo;Urbana;CANCHA LA ESPERANZA;K 37  C 27;FUNCIONAL;;Martes;;Jueves;;;;8:30.am-8:30.am;9:30.am-9:30.am;;;No aplica;ActivaMente;JUAN ROJAS;ACT-FUN-C11-EL ROSAL-JUAN ROJAS-G3
11;Los Conquistadores;Urbana;CANCHA LOS CONQUISTADORES;CRA 29A CON CLL 35B;FUNCIONAL;Lunes;;Miercoles;;;;;7:00.am-7:00.am;8:00.am-8:00.am;;;No aplica;ActivaMente;JUAN ROJAS;ACT-FUN-C11-LOS CONQUISTADORES-JUAN ROJAS-G4
11;Barrio San Carlos;Urbana;PARROQUIA SANTIAGO APOSTOL;Calle 29 # 33A-11;FUNCIONAL;;;;;Viernes;;;7:00.am;8:00.am;;;No aplica;ActivaMente;JUAN ROJAS;ACT-FUN-C11-SANTIAGO APOSTOL- JUAN ROJAS-G01
11;Villa del Sur;Urbana;Cancha Multiple Villa del Sur;Cra 42B # 29-00;FUNCIONAL;;Martes;;Jueves;;;;7:00.am-7:00.am;8:00.am-8:00.am;;;No aplica;ActivaMente;JUAN ROJAS;ACT-FUN-C11-VIDA A LOS AÑOS-JUAN ROJAS-G02
11;Ciudad Modelo;Urbana;UNIDAD RECREATIVA CIUDAD MODELO;CRA 41B # 31B - 40;FUNCIONAL;;Martes;;Jueves;;;;9:30.am-9:30.am;11:00.am-11:00.am;;;No aplica;ActivaMente;LUISA GUEVARA;ACT-FUNCIONAL-C11-ACUAFIT-LUISA GUEVAR-G4
11;Barrio San Carlos;Urbana;CANCHA BALONCESTO SAN CARLOS;Calle 31A, Carreras 32B y 33;FUNCIONAL;;Martes;;Jueves;;;;7:20.am-7:20.am;8:20.am-8:20.am;;;No aplica;ActivaMente;LUISA GUEVARA;ACT-FUNCIONAL-C11-GIMNASIA AL PARQUE-LUISA GUEVARA-G1
11;José María Cordoba;Urbana;CANCHA JOSE MARIA CORDOBA;CRA 34  CLL 34;FUNCIONAL;;Martes;;Jueves;;;;6:20.am-6:20.am;7:20.am-7:20.am;;;No aplica;ActivaMente;LUISA GUEVARA;ACT-FUNCIONAL-C11-JARDIN DE VIDA-LUISA GUEVARA-G3
11;La Independencia;Urbana;Parque Recreativo la Independencia;CRA 41B # 30 - 00;FUNCIONAL;;Martes;;Jueves;;;;8:20.am-8:20.am;9:20.am-9:20.am;;;No aplica;ActivaMente;LUISA GUEVARA;ACT-FUNCIONAL-C11-SALUD Y SABOR-LUISA GUEVARA-G2
11;La Fortaleza;Urbana;CANCHA JOSE VICENTE CONCHA;C 32   K 29;FUNCIONAL;Lunes;;Miercoles;;;;;8:10.am-8:10.am;9:10.am-9:10.am;;;No aplica;ActivaMente;JUAN ROJAS;ACT-FUNCIONAL-C11-SIEMPRE UNNIDOS-JUAN ROJAS-G5
11;20 de Julio;Urbana;Parque Recreativo 20 De Julio;K 22A # 28 - 22;FUNCIONAL;;;Miercoles;;Viernes;;;8:30.am-8:30.am;9:30.am-9:30.am;;;No aplica;ActivaMente;YURANI CASTILLO;ACT.FUN.C.11.ALEGRES CAMINANTES.YURANI A CASTILLO D
11;Los Conquistadores;Urbana;POLIDEPORTIVO LOS CONQUISTADORES;TRANSVERSAL 29A ENTRE CALLES 35A Y 35D;FUNCIONAL;;Martes;;Jueves;;;;8:30.am-8:30.am;9:30.am-9:30.am;;;No aplica;ActivaMente;YURANI CASTILLO;ACT.FUN.C.11.CANAS Y GANAS.YURANI A CASTILLO D
11;Los Conquistadores;Urbana;POLIDEPORTIVO LOS CONQUISTADORES;TRANSVERSAL 29A ENTRE CALLES 35A Y 35D;PRUEBA DE RUMBA;Lunes;;Miercoles;;Viernes;;;8:10.pm-8:10.pm-8:10.pm;12:10.am-12:10.am-12:10.am;;;No aplica;ActivaMente;ESNEYDER CASTILLO;ACT.FUN.C.11.FORTALEZ PRIMAVERAL
11;San Benito;Urbana;CANCHA MULTIPLE SAN BENITO;CARRERA 27 #32-15;PRUEBA DE RUMBA;Lunes;;Miercoles;;Viernes;;;4:00.pm-4:00.pm-4:00.pm;8:00.pm-8:00.pm-8:00.pm;;;No aplica;ActivaMente;ESNEYDER CASTILLO;ACT.FUN.C.11.SAMBERUMA.ESNEYDER C.
11;La Esperanza;Urbana;POLIDEPORTIVO LA ESPERANZA;K 39 CON C 26;ACTIVIDAD FÍSICA Y RECREACIÓN ADAPTADA;;Martes;;;;;;9:00.am;10:00.am;;;No aplica;Cali Incluyente;ROBINSON TAMAYO;CI - ACTIVIDAD FISICA Y RECREACIÓN ADAPTADA - C11 - G01
11;León XIII;Urbana;Defensa Civil;Carrera 31a # 34b - 33;ACTIVIDAD FÍSICA Y RECREACIÓN ADAPTADA;;Martes;;;;;;10:00.am;11:00.am;;;No aplica;Cali Incluyente;ROBINSON TAMAYO;CI - ACTIVIDAD FISICA Y RECREACIÓN ADAPTADA - C11 - G02
11;Maracaibo;Urbana;CASETA COMUNAL MARACAIBO;Calle 27#40-26;ACTIVIDAD FÍSICA Y RECREACIÓN ADAPTADA;;;;;Viernes;;;9:30.am;10:30.am;;;No aplica;Cali Incluyente;ROBINSON TAMAYO;CI - ACTIVIDAD FISICA Y RECREACIÓN ADAPTADA - C11 - G03
11;Villa del Sur;Urbana;IE AGUSTIN NIETO CABALLERO MRS;CALLE 26C # 44 - 00;REDCREACCION;;Martes;;;;;;9:15.am;10:05.am;;;No aplica;Cali juega;VANESA ROQUEME;CJ-ADOYJUV-C11-IEANC-MRS-CAM
11;Villa del Sur;Urbana;IE AGUSTIN NIETO CABALLERO MRS;CALLE 26C # 44 - 00;REDCREACCION;;;;Jueves;;;;7:35.am;8:25.am;;;No aplica;Cali juega;MANUEL LOPEZ;CJ-ADOYJUV-C11-IEANC-MRS-DEC1
11;Villa del Sur;Urbana;IE AGUSTIN NIETO CABALLERO MRS;CALLE 26C # 44 - 00;REDCREACCION;;;;Jueves;;;;8:25.am;9:15.am;;;No aplica;Cali juega;MANUEL LOPEZ;CJ-ADOYJUV-C11-IEANC-MRS-DEC2
11;Villa del Sur;Urbana;IE AGUSTIN NIETO CABALLERO MRS;CALLE 26C # 44 - 00;REDCREACCION;;;Miercoles;;;;;9:15.am;10:05.am;;;No aplica;Cali juega;YERALDI MANZANO;CJ-ADOYJUV-C11-IEANC-MRS-NOV1
11;Villa del Sur;Urbana;IE AGUSTIN NIETO CABALLERO MRS;CALLE 26C # 44 - 00;REDCREACCION;;;Miercoles;;;;;7:35.am;8:25.am;;;No aplica;Cali juega;YERALDI MANZANO;CJ-ADOYJUV-C11-IEANC-MRS-OCT1
11;Villa del Sur;Urbana;IE AGUSTIN NIETO CABALLERO MRS;CALLE 26C # 44 - 00;REDCREACCION;;;Miercoles;;;;;8:25.am;9:15.am;;;No aplica;Cali juega;YERALDI MANZANO;CJ-ADOYJUV-C11-IEANC-MRS-OCT2
11;Villa del Sur;Urbana;IE AGUSTIN NIETO CABALLERO MRS;CALLE 26C # 44 - 00;REDCREACCION;;;;Jueves;;;;9:15.am;10:05.am;;;No aplica;Cali juega;MANUEL LOPEZ;CJ-ADOYJUV-C11-IEANC-MRS-ONC1
11;Villa del Sur;Urbana;IE AGUSTIN NIETO CABALLERO MRS;CALLE 26C # 44 - 00;REDCREACCION;;Martes;;;;;;7:35.am;8:25.am;;;No aplica;Cali juega;VANESA ROQUEME;CJ-ADOYJUV-C11-IEANC-MRS-SEX1
11;Villa del Sur;Urbana;IE AGUSTIN NIETO CABALLERO MRS;CALLE 26C # 44 - 00;REDCREACCION;;Martes;;;;;;8:25.am;9:15.am;;;No aplica;Cali juega;VANESA ROQUEME;CJ-ADOYJUV-C11-IEANC-MRS-SEX2
11;Villa del Sur;Urbana;UTS TITIRIBÍ;C 27 # 42B-15;JUEGO EN ACCION PARA UNA INFANCIA MEJOR;;;;;Viernes;;;9:30.am;10:20.am;;;No aplica;Cali juega;EVELYN COLLAZOS;CJ-PI-C10-UTSTITI-ANY
11;Villa del Sur;Urbana;UTS TITIRIBÍ;C 27 # 42B-15;JUEGO EN ACCION PARA UNA INFANCIA MEJOR;;;;Jueves;;;;9:30.am;10:20.am;;;No aplica;Cali juega;LORENA RENGIFO;CJ-PI-C10-UTSTITI-DAL
11;Villa del Sur;Urbana;UTS TITIRIBÍ;C 27 # 42B-15;JUEGO EN ACCION PARA UNA INFANCIA MEJOR;;;;Jueves;;;;10:20.am;11:10.am;;;No aplica;Cali juega;EVELYN COLLAZOS;CJ-PI-C10-UTSTITI-DIYCL
11;Villa del Sur;Urbana;UTS TITIRIBÍ;C 27 # 42B-15;JUEGO EN ACCION PARA UNA INFANCIA MEJOR;;;Miercoles;;;;;8:40.am;9:30.am;;;No aplica;Cali juega;LORENA RENGIFO;CJ-PI-C10-UTSTITI-GIN
11;Villa del Sur;Urbana;UTS TITIRIBÍ;C 27 # 42B-15;JUEGO EN ACCION PARA UNA INFANCIA MEJOR;;;;;Viernes;;;8:40.am;9:30.am;;;No aplica;Cali juega;EVELYN COLLAZOS;CJ-PI-C10-UTSTITI-JESS
11;Villa del Sur;Urbana;UTS TITIRIBÍ;C 27 # 42B-15;JUEGO EN ACCION PARA UNA INFANCIA MEJOR;;;Miercoles;;;;;10:20.am;11:10.am;;;No aplica;Cali juega;LORENA RENGIFO;CJ-PI-C10-UTSTITI-LEYYACK
11;Villa del Sur;Urbana;UTS TITIRIBÍ;C 27 # 42B-15;JUEGO EN ACCION PARA UNA INFANCIA MEJOR;;;Miercoles;;;;;9:30.am;10:20.am;;;No aplica;Cali juega;LORENA RENGIFO;CJ-PI-C10-UTSTITI-LIL
11;Villa del Sur;Urbana;UTS TITIRIBÍ;C 27 # 42B-15;JUEGO EN ACCION PARA UNA INFANCIA MEJOR;;;;;Viernes;;;10:20.am;11:10.am;;;No aplica;Cali juega;EVELYN COLLAZOS;CJ-PI-C10-UTSTITI-ROSYDA
11;Villa del Sur;Urbana;UTS TITIRIBÍ;C 27 # 42B-15;JUEGO EN ACCION PARA UNA INFANCIA MEJOR;;;;Jueves;;;;8:40.am;9:30.am;;;No aplica;Cali juega;LORENA RENGIFO;CJ-PI-C10-UTSTITI-RUT
11;La Gran Colombia;Urbana;CDI MADRE ALBERTA;Dg 30 # 32B - 49;JUEGO EN ACCION PARA UNA INFANCIA MEJOR;;;Miercoles;;;;;10:10.am;11:50.am;;;No aplica;Cali juega;JENIFER cortez;CJ-PI-C11-CDIMA-4CD
11;La Gran Colombia;Urbana;CDI MADRE ALBERTA;Dg 30 # 32B - 49;JUEGO EN ACCION PARA UNA INFANCIA MEJOR;;;;Jueves;;;;9:30.am;10:10.am;;;No aplica;Cali juega;JENIFER cortez;CJ-PI-C11-CDIMA-4EF
11;La Gran Colombia;Urbana;CDI MADRE ALBERTA;Dg 30 # 32B - 49;JUEGO EN ACCION PARA UNA INFANCIA MEJOR;;Martes;;;;;;10:10.am;11:50.am;;;No aplica;Cali juega;KATHERIN MAZO;CJ-PI-C11-CDIMA-5CD
11;La Gran Colombia;Urbana;CDI MADRE ALBERTA;Dg 30 # 32B - 49;JUEGO EN ACCION PARA UNA INFANCIA MEJOR;;Martes;;;;;;9:30.am;10:10.am;;;No aplica;Cali juega;KATHERIN MAZO;CJ-PI-C11-CDIMA-5EF
11;El Recuerdo;Urbana;SALON COMUNAL EL RECUERDO;CRA 28 #30-03;acondicionamiento fisico;Lunes;;Miercoles;;Viernes;;;7:00.pm-7:00.pm-7:00.pm;8:00.pm-8:00.pm-8:00.pm;;;No aplica;Carreras y Caminatas;JOSE OBREGON;CYC-ACONDICIONAMIENTO FISICO-C11-JOSE MARIA OBREGON-G01
11;Ciudad Modelo;Urbana;CANCHA CIUDAD MODELO;CARRRERA 41 A  CALLE 31 B;acondicionamiento fisico;;Martes;;Jueves;;;;8:00.pm-8:00.pm;9:00.pm-9:00.pm;;;No aplica;Carreras y Caminatas;JOSE OBREGON;CYC-ACONDICIONAMIENTO FISICO-C11-JOSE MARIA OBREGON-G02
11;El Jardín;Urbana;CANCHA COLEGIO FRANCISCO DE PAULA;CLL 27 #31-18;acondicionamiento fisico;Lunes;;Miercoles;;Viernes;;;7:00.am-7:00.am-7:00.am;8:00.am-8:00.am-8:00.am;;;No aplica;Carreras y Caminatas;JOSE OBREGON;CYC-ACONDICIONAMIENTO FISICO-C11-JOSE MARIA OBREGON-G03
11;Barrio San Carlos;Urbana;CANCHA MICRO SAN CARLOS;CLL 31A #CRA32B-33;acondicionamiento fisico;;Martes;;Jueves;;;;6:30.am-6:30.am;7:30.am-7:30.am;;;No aplica;Carreras y Caminatas;JOSE OBREGON;CYC-ACONDICIONAMIENTO FISICO-C11-JOSE MARIA OBREGON-G04
11;Aguablanca;Urbana;I.E DIEZ DE  MAYO- REPÚBLICA DE ITALIA;1526;RECREO DEPORTIVO;;Martes;;;;;;6:30AM;7:30pm;;;No aplica;Deporte Escolar;JEAN GONZALEZ;1947
11;Aguablanca;Urbana;I.E DIEZ DE  MAYO- REPÚBLICA DE ITALIA;1527;RECREO DEPORTIVO;;Martes;;;;;;7:30PM;8:30am;;;No aplica;Deporte Escolar;JEAN GONZALEZ;1948
11;Aguablanca;Urbana;I.E DIEZ DE  MAYO- REPÚBLICA DE ITALIA;1528;RECREO DEPORTIVO;;Martes;;;;;;2:30PM;3:30pm;;;No aplica;Deporte Escolar;JEAN GONZALEZ;1949
11;Aguablanca;Urbana;I.E DIEZ DE  MAYO- REPÚBLICA DE ITALIA;1529;RECREO DEPORTIVO;;Martes;;;;;;3:30PM;4:30pm;;;No aplica;Deporte Escolar;JEAN GONZALEZ;1950
11;Aguablanca;Urbana;I.E DIEZ DE  MAYO- REPÚBLICA DE ITALIA;1530;RECREO DEPORTIVO;;Martes;;;;;;4:30PM;5:30pm;;;No aplica;Deporte Escolar;JEAN GONZALEZ;1951
11;Aguablanca;Urbana;I.E DIEZ DE  MAYO- REPÚBLICA DE ITALIA;1531;RECREO DEPORTIVO;;;Miercoles;;;;;6:30AM;7:30am;;;No aplica;Deporte Escolar;JEAN GONZALEZ;1952
11;Aguablanca;Urbana;I.E DIEZ DE  MAYO- REPÚBLICA DE ITALIA;1532;RECREO DEPORTIVO;;;Miercoles;;;;;8:30AM;9:30am;;;No aplica;Deporte Escolar;JEAN GONZALEZ;1953
11;Aguablanca;Urbana;I.E DIEZ DE  MAYO- REPÚBLICA DE ITALIA;1533;RECREO DEPORTIVO;;;Miercoles;;;;;7:30AM;8:30am;;;No aplica;Deporte Escolar;JEAN GONZALEZ;1954
11;Aguablanca;Urbana;I.E DIEZ DE  MAYO- REPÚBLICA DE ITALIA;1534;RECREO DEPORTIVO;;;;;Viernes;;;6:30AM;7:30am;;;No aplica;Deporte Escolar;JEAN GONZALEZ;1955
11;Aguablanca;Urbana;I.E DIEZ DE  MAYO- REPÚBLICA DE ITALIA;1535;RECREO DEPORTIVO;;;;;Viernes;;;7:30AM;8:30am;;;No aplica;Deporte Escolar;JEAN GONZALEZ;1956
11;San Benito;Urbana;I.E CIUDAD MODELO- PRINCIPAL;1667;RECREO DEPORTIVO;;Martes;;;;;;8:00AM;9:00am;;;No aplica;Deporte Escolar;CARLOS GALEANO;2088
11;San Benito;Urbana;I.E CIUDAD MODELO- PRINCIPAL;1668;RECREO DEPORTIVO;;Martes;;;;;;9:00AM;10:00am;;;No aplica;Deporte Escolar;CARLOS GALEANO;2089
11;San Benito;Urbana;I.E CIUDAD MODELO- PRINCIPAL;1669;RECREO DEPORTIVO;;;Miercoles;;;;;8:00AM;9:00am;;;No aplica;Deporte Escolar;CARLOS GALEANO;2090
11;San Benito;Urbana;I.E CIUDAD MODELO- PRINCIPAL;1670;RECREO DEPORTIVO;;;Miercoles;;;;;9:00AM;10:00am;;;No aplica;Deporte Escolar;CARLOS GALEANO;2091
11;San Benito;Urbana;I.E CIUDAD MODELO- PRINCIPAL;1671;RECREO DEPORTIVO;;;;Jueves;;;;7:00AM;8:00am;;;No aplica;Deporte Escolar;CARLOS GALEANO;2092
11;San Benito;Urbana;I.E CIUDAD MODELO- PRINCIPAL;1672;RECREO DEPORTIVO;;;;Jueves;;;;8:00PM;9:00am;;;No aplica;Deporte Escolar;CARLOS GALEANO;2093
11;San Benito;Urbana;I.E CIUDAD MODELO- PRINCIPAL;1673;RECREO DEPORTIVO;;;;;Viernes;;;8:00AM;9:00am;;;No aplica;Deporte Escolar;CARLOS GALEANO;2094
11;San Benito;Urbana;I.E CIUDAD MODELO- PRINCIPAL;1674;RECREO DEPORTIVO;;;;;Viernes;;;9:00AM;10:00am;;;No aplica;Deporte Escolar;CARLOS GALEANO;2095
11;Prados de Oriente;Urbana;I.E CIUDAD DE CALI- GENERAL ALFREDO VASQUEZ  COBO;1945;RECREO DEPORTIVO;;;;Jueves;;;;7:00AM;8:40am;;;No aplica;Deporte Escolar;SEBASTIAN BURBANO;2366
11;Villa del Sur;Urbana;Unidad Recreativa Villa del Sur;Calle 26b # Cra 43;NATACIÓN CONVENCIONAL;Lunes;Martes;Miercoles;Jueves;Viernes;;;4:00.pm-4:00.pm-4:00.pm-4:00.pm-4:00.pm;6:00.pm-6:00.pm-6:00.pm-6:00.pm-6:00.pm;;;No aplica;Desafio Elite;MARIA SANTAMARIA;CE-NATACION CARRERAS-C11-MONICA SANTAMARIA-G02
11;La Esperanza;Urbana;Polideportivo La Esperanza;C 26C # 37 21;FUTBOL SALA;;Martes;;Jueves;;;;8:00:00; 09:30:00;;153;Irradiacion;Deporvida;JUAN david CRUZ DIAZ;-
11;La Esperanza;Urbana;Polideportivo La Esperanza;C 26C # 37 21;FUTBOL SALA;;Martes;;Jueves;;;;9:30:00; 11:00:00;;154;Base;Deporvida;JUAN david CRUZ DIAZ;-
11;San Benito;Urbana;PARQUE RECREATIVO SAN BENITO;K 27 # 32 15;FUTBOL SALA;;Martes;;;;;;15:00:00; 16:28:00;;24;Base;Deporvida;MICHAEL  MARTINEZ BARBOSA;-
11;San Benito;Urbana;PARQUE RECREATIVO SAN BENITO;K 27 # 32 15;FUTBOL SALA;;;;Jueves;;;;15:00:00; 16:29:00;;24;Base;Deporvida;MICHAEL  MARTINEZ BARBOSA;-
11;San Benito;Urbana;PARQUE RECREATIVO SAN BENITO;K 27 # 32 15;FUTBOL SALA;;Martes;;Jueves;;;;16:30:00; 18:00:00;;25;Irradiacion;Deporvida;MICHAEL  MARTINEZ BARBOSA;-
11;San Benito;Urbana;PARQUE RECREATIVO SAN BENITO;K 27 # 32 15;FUTBOL SALA;;;;;Viernes;;;15:00:00; 16:30:00;;26;Fundamentacion;Deporvida;MICHAEL  MARTINEZ BARBOSA;-
11;San Benito;Urbana;PARQUE RECREATIVO SAN BENITO;K 27 # 32 15;FUTBOL SALA;;;Miercoles;;;;;16:30:00; 18:00:00;;26;Fundamentacion;Deporvida;MICHAEL  MARTINEZ BARBOSA;-
11;San Benito;Urbana;PARQUE RECREATIVO SAN BENITO;K 27 # 32 15;FUTBOL SALA;;;;;Viernes;;;16:32:00; 18:00:00;;328;Apropiacion;Deporvida;MICHAEL  MARTINEZ BARBOSA;-
11;Los Conquistadores;Urbana;PARQUE RECREATIVO CIUDADELA SAN MARCOS;K 26G 3 # 90 00;BALONCESTO;;;Miercoles;;Viernes;;;16:00:00; 17:00:00;;99;Irradiacion;Deporvida;FLOR  MELLIZO REBOLLEDO;-
11;Los Conquistadores;Urbana;PARQUE RECREATIVO CIUDADELA SAN MARCOS;K 26G 3 # 90 00;BALONCESTO;;;Miercoles;;Viernes;;;18:00:00; 19:30:00;;102;Fundamentacion;Deporvida;FLOR  MELLIZO REBOLLEDO;-
11;20 de Julio;Urbana;CANCHA DE FUTBOL LA LEONERA;null;FUTBOL;Lunes;;Miercoles;;Viernes;;;15:30:00; 16:30:00;;87;Irradiacion;Deporvida;JOSE MARIO MARQUEZ VERGEZ;La Leonera
11;20 de Julio;Urbana;CANCHA DE FUTBOL LA LEONERA;null;FUTBOL;Lunes;;Miercoles;;Viernes;;;16:30:00; 18:30:00;;89;Fundamentacion;Deporvida;JOSE MARIO MARQUEZ VERGEZ;La Leonera
11;20 de Julio;Urbana;CANCHA FUTBOL ATENAS;null;FUTBOL;Lunes;;Miercoles;;Viernes;;;15:30:00; 16:30:00;;91;Fundamentacion;Deporvida;MOISES  IMBACHI YANTEN;Los Andes
11;20 de Julio;Urbana;CANCHA FUTBOL ATENAS;null;FUTBOL;Lunes;;Miercoles;;Viernes;;;16:30:00; 18:30:00;;93;Fundamentacion;Deporvida;MOISES  IMBACHI YANTEN;Los Andes
11;20 de Julio;Urbana;CANCHA FUTBOL ATENAS;null;FUTBOL;Lunes;;Miercoles;;Viernes;;;18:30:00; 20:00:00;;95;Apropiacion;Deporvida;MOISES  IMBACHI YANTEN;Los Andes
11;20 de Julio;Urbana;CANCHA MULTIPLE EL SALADITO;null;FUTBOL SALA;Lunes;;Miercoles;;;;;16:00:00; 17:30:00;;101;Fundamentacion;Deporvida;NICOLAS ANTONIO MUÃ‘OZ CARVAJAL;El Saladito
11;20 de Julio;Urbana;CANCHA MULTIPLE EL SALADITO;null;FUTBOL SALA;Lunes;;Miercoles;;;;;17:30:00; 19:00:00;;103;Apropiacion;Deporvida;NICOLAS ANTONIO MUÃ‘OZ CARVAJAL;El Saladito
11;20 de Julio;Urbana;Cancha Multiple Institucion Educativa Pichinde;null;FUTBOL SALA;;Martes;;Jueves;;;;8:30:00; 10:00:00;;104;Irradiacion;Deporvida;SANTIAGO  MOSQUERA HENAO;Pichinde
11;20 de Julio;Urbana;Cancha Multiple Institucion Educativa Pichinde;null;FUTBOL SALA;;Martes;;Jueves;;;;10:00:00; 11:30:00;;105;Irradiacion;Deporvida;SANTIAGO  MOSQUERA HENAO;Pichinde
11;20 de Julio;Urbana;CANCHA MULTIPLE EL SALADITO;null;FUTBOL SALA;Lunes;;Miercoles;;;;;15:00:00; 16:00:00;;186;Base;Deporvida;NICOLAS ANTONIO MUÃ‘OZ CARVAJAL;El Saladito
11;20 de Julio;Urbana;INSTITUCION EDUCATIVA LA LEONERA;null;FUTBOL SALA;;;;Jueves;;;;7:00:00; 08:30:00;;241;Base;Deporvida;JESUS stiven BRICEÃ±O VELASCO;La Leonera
11;20 de Julio;Urbana;INSTITUCION EDUCATIVA LA LEONERA;null;FUTBOL SALA;;;Miercoles;;;;;7:30:00; 09:00:00;;241;Base;Deporvida;JESUS stiven BRICEÃ±O VELASCO;La Leonera
11;20 de Julio;Urbana;INSTITUCION EDUCATIVA LA LEONERA;null;FUTBOL SALA;;;;;Viernes;;;7:30:00; 09:00:00;;243;Irradiacion;Deporvida;JESUS stiven BRICEÃ±O VELASCO;La Leonera
11;20 de Julio;Urbana;INSTITUCION EDUCATIVA LA LEONERA;null;FUTBOL SALA;;;Miercoles;;;;;9:00:00; 10:30:00;;243;Irradiacion;Deporvida;JESUS stiven BRICEÃ±O VELASCO;La Leonera
11;20 de Julio;Urbana;INSTITUCION EDUCATIVA LA LEONERA;null;FUTBOL SALA;;Martes;;;;;;7:30:00; 09:00:00;;245;Irradiacion;Deporvida;JESUS stiven BRICEÃ±O VELASCO;La Leonera
11;20 de Julio;Urbana;INSTITUCION EDUCATIVA LA LEONERA;null;FUTBOL SALA;;;;;Viernes;;;9:00:00; 10:30:00;;245;Irradiacion;Deporvida;JESUS stiven BRICEÃ±O VELASCO;La Leonera
11;20 de Julio;Urbana;CANCHA DE FUTBOL GOLONDRINAS (CN);null;FUTBOL;;Martes;;Jueves;;;;15:00:00; 17:00:00;;308;Fundamentacion;Deporvida;LUIS ERNESTO PALOMEQUE PALOMEQUE;Golondrinas
11;20 de Julio;Urbana;COLEGIO SAAVEDRA GALINDO LA PAZ;null;FUTBOL SALA;;;Miercoles;Jueves;Viernes;;;7:00:00; 08:00:00;;314;Irradiacion;Deporvida;ESTEBANE Esteban FERNaNDEZ ALVAREZ;La Paz
11;20 de Julio;Urbana;COLEGIO SAAVEDRA GALINDO LA PAZ;null;FUTBOL SALA;;;Miercoles;Jueves;Viernes;;;8:00:00; 09:00:00;;430;Base;Deporvida;ESTEBANE Esteban FERNaNDEZ ALVAREZ;La Paz
11;20 de Julio;Urbana;Polideportivo El Plan- La Buitrera;null;FUTBOL;Lunes;;Miercoles;;Viernes;;;16:00:00; 17:30:00;;200;Fundamentacion;Deporvida;OSCAR Mauricio TELLO GRANJA;La Buitrera
11;20 de Julio;Urbana;Polideportivo El Plan- La Buitrera;null;FUTBOL;Lunes;;;Jueves;;;;16:30:00; 18:00:00;;262;Base;Deporvida;YULENY  ESPINOSA DAVID;La Buitrera
11;20 de Julio;Urbana;Polideportivo El Plan- La Buitrera;null;FUTBOL;;;Miercoles;;Viernes;;;16:30:00; 18:00:00;;263;Fundamentacion;Deporvida;YULENY  ESPINOSA DAVID;La Buitrera
11;20 de Julio;Urbana;INSTITUCION EDUCATIVA OSCAR ESCARPETA;null;FUTBOL SALA;;Martes;;Jueves;;;;16:00:00; 17:30:00;;236;Fundamentacion;Deporvida;OSCAR Mauricio TELLO GRANJA;El Hormiguero
11;El Jardin;Urbana;CANCHA DE FUTBOL 11 CALIMAN (LAS ORQUIDEAS);KR 28-4  CL 107B;RUGBY;;;;;Viernes;;;19:00:00; 20:30:00;;338;Fundamentacion;Deporvida;ALEJANDRO  RAMIREZ ARCOS;-
12;Nueva Floresta;Urbana;UNIDAD RECREATIVA LA TORTUGA;CLL 44 # 24C - 03;FUNCIONAL;;;Miercoles;;;;;9:30.am;11:00.am;;;No aplica;ActivaMente;LUISA GUEVARA;ACT-FUNCIONAL-C11-ESTRELLAS ACUATICA-LUISA GUEVARA-G5
12;Nueva Floresta;Urbana;UNIDAD RECREATIVA LA TORTUGA;CLL 44 # 24C - 03;FUNCIONAL;;Martes;Miercoles;;;;;8:00.am-8:00.am;9:00.am-9:00.am;;;No aplica;ActivaMente;JAIR MOSQUERA;ACT-FUNCIONAL-C12-CONVIVIR MEJOR-JAIR MOSQUERA-G3
12;Barrio Alfonso Barberena A.;Urbana;Parque Recreativo Alfonso Barberena;CRA 25 # 33C - 00;FUNCIONAL;;Martes;;;;;;7:00.am;8:00.am;;;No aplica;ActivaMente;JAIR MOSQUERA;ACT-FUNCIONAL-C12-MANANTIAL-JAIR MOSQUERA-G6
12;Nueva Floresta;Urbana;CANCHA SINTETICA - NUEVA FLORESTA;Cra 25B # 58 - 08;FUNCIONAL;Lunes;;;;;;;7:00.am;8:00.am;;;No aplica;ActivaMente;JAIR MOSQUERA;ACT-FUNCIONAL-C12-NUEVA ESPERANZA-JAIR MOSQUERA-G1
12;El Rodeo;Urbana;SEDE COMUNAL EL RODEO;CLL 36 # 24D - 95;FUNCIONAL;;;;;Viernes;;;8:00.am;9:00.am;;;No aplica;ActivaMente;JAIR MOSQUERA;ACT-FUNCIONAL-C12-QUIERO VIVIR MÁS-JAIR MOSQUERA-G5
12;Asturias;Urbana;CANCHA MULTIPLE ASTURIAS;CRA 24B # 44 - 00;FUNCIONAL;;;Miercoles;;;;;7:00.am;8:00.am;;;No aplica;ActivaMente;JAIR MOSQUERA;ACT-FUNCIONAL-C12-SENDEROS DE AMOR-JAIR MOSQUERA-G2
12;Doce de Octubre;Urbana;UNIDAD RECREATIVA 12 DE OCTUBRE;CRA 28F # 50 - 00;FUNCIONAL;;;;Jueves;;;;7:00.am;8:00.am;;;No aplica;ActivaMente;JAIR MOSQUERA;ACT-FUNCIONAL-C12-VIDA SANA-JAIR MOSQUERA-G4
12;Fenalco Kennedy;Urbana;cancha multiple fenalco kennedy;Calle 49 # 25-48;FUNCIONAL;;;;Jueves;;;;7:00.am;8:00.am;;;No aplica;ActivaMente;DIANA ARBOLEDA;ACT-FUNCIONAL-C13-NUNCA ES TARDE-DIANA ARBOLEDA-G10
12;Barrio Alfonso Barberena A.;Urbana;PARQUE RECREATIVO ALFONSO BARBERENA;K25 # 33C-00;ACTIVIDAD FÍSICA Y RECREACIÓN ADAPTADA;;;;Jueves;;;;8:30.am;9:45.am;;;No aplica;Cali Incluyente;JOSE LOPEZ;CI - ACTIVIDAD FISICA Y RECREACIÓN ADAPTADA - C12 - G01
12;Asturias;Urbana;CANCHA MULTIPLE LAS ASTURIAS;Cra 24 B # 43-65;BALONCESTO EN SILLA DE RUEDAS;Lunes;;Miercoles;;Viernes;;;5:00.pm-5:00.pm-4:00.pm;7:00.pm-7:00.pm-6:00.pm;;;No aplica;Cali Incluyente;LUIS LOPEZ;CI - INICIACION BALONCESTO SILLA DE RUEDAS - C12 - G01
12;Doce de Octubre;Urbana;INSTITUCION TECNICA COMERCIAL JUAN XXIII;Calle 46 No. 28 F – 31;REDCREACCION;;Martes;;;;;;4:55.am;8:50.am;;;No aplica;Cali juega;XIMENA LOAIZA;CJ-ADOYJUV-C12-IEJXXIII-CC-OCT2
12;Doce de Octubre;Urbana;INSTITUCION TECNICA COMERCIAL JUAN XXIII;Calle 46 No. 28 F – 31;REDCREACCION;;Martes;;;;;;4:00.am;4:55.am;;;No aplica;Cali juega;XIMENA LOAIZA;CJ-ADOYJUV-C12-IEJXXIII-CC-SEPT1
12;Doce de Octubre;Urbana;INSTITUCION TECNICA COMERCIAL JUAN XXIII;Calle 46 No. 28 F – 31;REDCREACCION;;Martes;;;;;;8:50.am;12:30.pm;;;No aplica;Cali juega;XIMENA LOAIZA;CJ-ADOYJUV-C12-IEJXXIII-CC-SEX1
12;Doce de Octubre;Urbana;INSTITUCION TECNICA COMERCIAL JUAN XXIII;Calle 46 No. 28 F – 31;REDCREACCION;;;Miercoles;;;;;9:45.am;10:40.am;;;No aplica;Cali juega;JOHANN RAMÍREZ;CJ-ADOYJUV-C12-IEJXXIII-NJP-NOV2
12;Doce de Octubre;Urbana;INSTITUCION TECNICA COMERCIAL JUAN XXIII;Calle 46 No. 28 F – 31;REDCREACCION;;;Miercoles;;;;;10:40.am;11:35.am;;;No aplica;Cali juega;JOHANN RAMÍREZ;CJ-ADOYJUV-C12-IEJXXIII-NJP-NOV3
12;Doce de Octubre;Urbana;INSTITUCION TECNICA COMERCIAL JUAN XXIII;Calle 46 No. 28 F – 31;REDCREACCION;;Martes;;;;;;11:35.am;12:30.pm;;;No aplica;Cali juega;NAYEILY LASSO;CJ-ADOYJUV-C12-IEJXXIII-NJP-SEPT1
12;Doce de Octubre;Urbana;INSTITUCION TECNICA COMERCIAL JUAN XXIII;Calle 46 No. 28 F – 31;REDCREACCION;;Martes;;;;;;10:40.am;11:35.am;;;No aplica;Cali juega;NAYEILY LASSO;CJ-ADOYJUV-C12-IEJXXIII-NJP-SEPT2
12;Doce de Octubre;Urbana;INSTITUCION TECNICA COMERCIAL JUAN XXIII;Calle 46 No. 28 F – 31;REDCREACCION;;;Miercoles;;;;;11:35.am;12:30.pm;;;No aplica;Cali juega;JOHANN RAMÍREZ;CJ-ADOYJUV-C12-IEJXXIII-NJP-SEX1
12;Doce de Octubre;Urbana;INSTITUCION TECNICA COMERCIAL JUAN XXIII;Calle 46 No. 28 F – 31;REDCREACCION;;Martes;;;;;;9:45.am;10:50.am;;;No aplica;Cali juega;NAYEILY LASSO;CJ-ADOYJUV-C12-IEJXXIII-NJP-SEX2
12;Fenalco Kennedy;Urbana;CANCHA MULTIPLE KENEDY;cra 49 con calle 52 ESQUINA;acondicionamiento fisico;Lunes;Martes;;;;;;7:00.am-7:00.am;8:00.am-8:00.am;;;No aplica;Carreras y Caminatas;JHON VILLA;CYC-ACONDICIONAMIENTO FISICO-C12-JHON LEIDER VILLA-G01
12;Villanueva;Urbana;I. E EVA RIASCOS PLATA- HERNANDO CAICEDO;1590;RECREO DEPORTIVO;;Martes;;;;;;10:40AM;11:20am;;;No aplica;Deporte Escolar;PAULA VASQUEZ;2011
12;Villanueva;Urbana;I. E EVA RIASCOS PLATA- HERNANDO CAICEDO;1591;RECREO DEPORTIVO;;;;Jueves;;;;8:00AM;9:00am;;;No aplica;Deporte Escolar;PAULA VASQUEZ;2012
12;Villanueva;Urbana;I. E EVA RIASCOS PLATA- HERNANDO CAICEDO;1592;RECREO DEPORTIVO;;;;;Viernes;;;8:00AM;9:00am;;;No aplica;Deporte Escolar;PAULA VASQUEZ;2013
12;Villanueva;Urbana;I. E EVA RIASCOS PLATA- HERNANDO CAICEDO;1593;RECREO DEPORTIVO;;;Miercoles;;;;;10:40AM;11:30am;;;No aplica;Deporte Escolar;PAULA VASQUEZ;2014
12;Villanueva;Urbana;I. E EVA RIASCOS PLATA- HERNANDO CAICEDO;1594;RECREO DEPORTIVO;;;;Jueves;;;;11:30AM;12:20pm;;;No aplica;Deporte Escolar;PAULA VASQUEZ;2015
12;Villanueva;Urbana;I. E EVA RIASCOS PLATA- HERNANDO CAICEDO;1595;RECREO DEPORTIVO;;Martes;;;;;;8:00AM;9:00am;;;No aplica;Deporte Escolar;PAULA VASQUEZ;2016
12;Villanueva;Urbana;I. E EVA RIASCOS PLATA- HERNANDO CAICEDO;1596;RECREO DEPORTIVO;;;;;Viernes;;;10:30AM;11:30am;;;No aplica;Deporte Escolar;PAULA VASQUEZ;2017
12;Fenalco Kennedy;Urbana;Cancha sintética  Fenalco Kennedy;CLL 49 # 25-42;FÚTBOL 7 PC;;;Miercoles;;Viernes;;;9:00.am-9:00.am;11:00.am-11:00.am;;;No aplica;Desafio Elite;DANIEL SALAZAR;CE-FÚTBOL 7PC-C17-DANIEL SALAZAR-G01
12;Nueva Floresta;Urbana;Lote - Iglesia Virgen de Guadalupe;Carrera 26 · 52-60;SESIONES LUDICOPEDAGOGICAS;;;;;Viernes;;;3:00.pm;4:30.pm;;;No aplica;Poblacion y Etnias;JHON SOLANO;PYE - VICTIMAS-C12 - WOUNAAN NIÑOS - JHON SOLANO
12;Nueva Floresta;Urbana;Lote - Iglesia Virgen de Guadalupe;Carrera 26 · 52-60;SESIONES LUDICOPEDAGOGICAS;;;;;Viernes;;;4:30.pm;6:00.pm;;;No aplica;Poblacion y Etnias;JHON SOLANO;PYE- VICTIMAS - C12 - WOUNAAN ADULTOS - JHON SOLANO
12;Villanueva;Urbana;CENTRO DE FORMACION JUVENIL BUEN PASTOR;CALLE 31 A # 27B - 34;SESIONES LUDICOPEDAGOGICAS;;Martes;;;;;;2:00.pm;3:00.pm;;;No aplica;Poblacion y Etnias;YORK MOSQUERA;PYE-INTRAMURAL-C12- BUEN PASTOR-YORK ENRIQUE MOSQUERA-G01
12;Villanueva;Urbana;CENTRO DE FORMACION JUVENIL BUEN PASTOR;CALLE 31 A # 27B - 34;SESIONES LUDICOPEDAGOGICAS;;Martes;;;;;;3:00.pm;4:00.pm;;;No aplica;Poblacion y Etnias;YORK MOSQUERA;PYE-INTRAMURAL-C12- BUEN PASTOR-YORK ENRIQUE MOSQUERA-G02
12;Villanueva;Urbana;CARCEL VILLA HERMOSA - PATIO 8;K 26U # 73 113;SESIONES LUDICOPEDAGOGICAS;;;;;Viernes;;;9:00.am;10:00.am;;;No aplica;Poblacion y Etnias;DIEGO HURTADO;PYE-INTRAMURAL-C12- CARCEL VILLA HERMOSA P-8 DIEGO HURTADO-G05
12;Villanueva;Urbana;CARCEL VILLA HERMOSA - PATIO 8;K 26U # 73 113;SESIONES LUDICOPEDAGOGICAS;;;;;Viernes;;;10:00.am;11:00.am;;;No aplica;Poblacion y Etnias;DIEGO HURTADO;PYE-INTRAMURAL-C12- VILLA HERMOSA P-8 DIEGO HURTADO-G06
12;Villanueva;Urbana;CARCEL VILLA HERMOSA - PATIO 7;T 25N #31-115;SESIONES LUDICOPEDAGOGICAS;;;Miercoles;;;;;10:00.am;11:00.am;;;No aplica;Poblacion y Etnias;DIEGO HURTADO;PYE-INTRAMURAL-C12-CARCEL VILLA HERMOSA P-7 DIEGO HURTADO-G02
12;Villanueva;Urbana;CARCEL VILLA HERMOSA - PATIO 7;T 25N #31-115;SESIONES LUDICOPEDAGOGICAS;;;Miercoles;;;;;9:00.am;10:00.am;;;No aplica;Poblacion y Etnias;DIEGO HURTADO;PYE-INTRAMURAL-C12-CARCEL VILLAHERMOSA- P-7DIEGO HURTADO-G01
12;Nueva Floresta;Urbana;Lote - Iglesia Virgen de Guadalupe;Carrera 26 · 52-60;SESIONES LUDICOPEDAGOGICAS;;;;;;Sabado;;2:30.pm;4:00.pm;;;No aplica;Poblacion y Etnias;JOSE RESTREPO;PYE-VICTIMAS - C12  - WOUNAAN NIÑOS-G04
12;Nueva Floresta;Urbana;Lote - Iglesia Virgen de Guadalupe;Carrera 26 · 52-60;SESIONES LUDICOPEDAGOGICAS;;;;;;Sabado;;4:00.pm;5:30.pm;;;No aplica;Poblacion y Etnias;JOSE RESTREPO;PYE-VICTIMAS-C12- WOUNAAN ADULTOS-G05
12;Doce de Octubre;Urbana;Unidad Recreativa  12 De Octubre;K 28F # 50 00;FUTBOL;;Martes;;Jueves;;;;14:00:00; 15:30:00;;21;Irradiacion;Deporvida;HECTOR ANDRES TORRES MORAN;-
12;Doce de Octubre;Urbana;Unidad Recreativa  12 De Octubre;K 28F # 50 00;FUTBOL;;;Miercoles;;Viernes;;;9:00:00; 10:30:00;;22;Irradiacion;Deporvida;HECTOR ANDRES TORRES MORAN;-
12;Doce de Octubre;Urbana;Unidad Recreativa  12 De Octubre;K 28F # 50 00;FUTBOL;;;Miercoles;;Viernes;;;14:00:00; 15:30:00;;23;Irradiacion;Deporvida;HECTOR ANDRES TORRES MORAN;-
12;Fenalco Kennedy;Urbana;CANCHA MULTIPLE FENALCO KENEDY;C 29 # 25 70;BALONCESTO;Lunes;Martes;;Jueves;;;;14:30:00; 16:00:00;;425;Base;Deporvida;ALEXANDER  RODRIGUEZ SANDOVAL;-
12;Fenalco Kennedy;Urbana;CANCHA MULTIPLE FENALCO KENEDY;C 29 # 25 70;BALONCESTO;Lunes;Martes;;Jueves;;;;16:00:00; 17:30:00;;426;Fundamentacion;Deporvida;ALEXANDER  RODRIGUEZ SANDOVAL;-
12;Nueva Floresta;Urbana;Unidad Recreativa La Tortuga ;C 44 # 24C 03;VOLEIBOL;;;Miercoles;;Viernes;;;15:00:00; 17:00:00;;382;Base;Deporvida;LEANDRO  BUSTAMANTE CORTES;-
12;Doce de Octubre;Urbana;Unidad Recreativa  12 De Octubre;K 28F # 50 00;ATLETISMO;;;;;Viernes;;;14:00:00; 15:30:00;;14;Irradiacion;Deporvida;ALBA NELLY LEUDO MINOTA;-
12;Doce de Octubre;Urbana;Unidad Recreativa  12 De Octubre;K 28F # 50 00;ATLETISMO;;Martes;;Jueves;;;;15:00:00; 16:30:00;;14;Irradiacion;Deporvida;ALBA NELLY LEUDO MINOTA;-
12;Doce de Octubre;Urbana;Unidad Recreativa  12 De Octubre;K 28F # 50 00;ATLETISMO;;;Miercoles;;;;;19:00:00; 15:30:00;;14;Irradiacion;Deporvida;ALBA NELLY LEUDO MINOTA;-
12;Doce de Octubre;Urbana;Unidad Recreativa  12 De Octubre;K 28F # 50 00;ATLETISMO;;;Miercoles;;Viernes;;;8:30:00; 10:30:00;;15;Irradiacion;Deporvida;ALBA NELLY LEUDO MINOTA;-
12;Doce de Octubre;Urbana;Unidad Recreativa  12 De Octubre;K 28F # 50 00;ATLETISMO;;;Miercoles;;Viernes;;;14:00:00; 15:30:00;;16;Irradiacion;Deporvida;ALBA NELLY LEUDO MINOTA;-
12;Doce de Octubre;Urbana;BIBLIOTECA ALVARO MUTIS;K 28F # 46 50;AJEDREZ;;Martes;;;;;;6:30:00; 10:30:00;;374;Irradiacion;Deporvida;CARLOS ALBERTO LENIS BURBANO;-
13;Ulpiano Lloreda;Urbana;Polideportivo Ulpiano Lloreda;K 24 # 72 - 00;FUNCIONAL;Lunes;;Miercoles;;Viernes;;;8:00.am-8:00.am-8:00.am;9:00.am-9:00.am-9:00.am;;;No aplica;ActivaMente;ANGELA PUENTES;ACT -FUNCIONAL-C14-MENTE ACTIVA-ANGELA PUENTES-G01
13;Ricardo Balcazar;Urbana;polideportivo  Ricardo Balcázar;K 26L # Dg 71C-00;FUNCIONAL;;;Miercoles;Jueves;;;;7:00.am-7:00.am;8:00.am-8:00.am;;;No aplica;ActivaMente;ANGELA PUENTES;ACT-FUN-C13-ETERNA PRIMAVERA-ANGELA PUENTES-G07
13;El Poblado II;Urbana;Cancha de Baloncesto B/El Poblado II;CALLE 72 W CON 281;FUNCIONAL;Lunes;;;;;;;6:00.pm;8:00.pm;;;No aplica;ActivaMente;ALFONSO GONZALEZ;ACT-FUNCIONAL-13-LAZOS DE ESPERANZA-G03
13;Ricardo Balcazar;Urbana;polideportivo  Ricardo Balcázar;K 26L # Dg 71C-00;FUNCIONAL;;;Miercoles;Jueves;;;;7:00.am-7:00.am;8:00.am-8:00.am;;;No aplica;ActivaMente;ANGELA PUENTES;ACT-FUNCIONAL-C13- GALAXIAS-ANGELA PUENTES-G05
13;El Diamante;Urbana;FUNDACION LAS GAVIOTAS;CALLE 42 # 33B – 36;FUNCIONAL;;Martes;;Jueves;;;;6:00.am-6:00.am;7:00.am-7:00.am;;;No aplica;ActivaMente;LUIS ORTIZ;ACT-FUNCIONAL-C13- LAS GAVIOTAS-LUIS ORTIZ-G4
13;Los Comuneros II Etapa;Urbana;Centro Multiple Comuneros  2;CRA 28A # 72T - 00;FUNCIONAL;;Martes;Miercoles;;;;;7:00.am-7:00.am;8:00.am-8:00.am;;;No aplica;ActivaMente;LUIS ORTIZ;ACT-FUNCIONAL-C13- LOS POSITIVOS-FERNANDO ORTIZ-G3
13;Los Robles;Urbana;CANCHA MULTIPLE LOS ROBLES;C 72T # 28E - 2;FUNCIONAL;;Martes;;;;;;7:00.am;8:00.am;;;No aplica;ActivaMente;DIANA ARBOLEDA;ACT-FUNCIONAL-C13- NUEVO RESPLANDOR-NURVO RENACER-DIANA ARBOLEDA-G03
13;El Poblado II;Urbana;EL POBLADO II;CARRERA 28E2 CALLE 72 V 00;FUNCIONAL;Lunes;;Miercoles;Jueves;Viernes;;;8:00.pm-8:00.pm-8:00.pm-8:00.pm;9:00.pm-9:00.pm-9:00.pm-9:00.pm;;;No aplica;ActivaMente;HENRY ROMERO;ACT-FUNCIONAL-C13-ACTIVIDAD FÍSICA Y SALUD-HENRY ROMERO-G5
13;El Poblado II;Urbana;EL POBLADO II;CARRERA 28E2 CALLE 72 V 00;FUNCIONAL;Lunes;;Miercoles;Jueves;Viernes;;;7:00.pm-7:00.pm-7:00.pm-7:00.pm;8:00.pm-8:00.pm-8:00.pm-8:00.pm;;;No aplica;ActivaMente;HENRY ROMERO;ACT-FUNCIONAL-C13-ACTIVIDAD FUNCIONAL ACTIVA-HENRY ROMERO-G4
13;El Diamante;Urbana;UNIDAD RECREATIVA EL DIAMANTE  (CRP);CRA 31 # 40 - 12;FUNCIONAL;Lunes;;;;;;;7:00.am;8:00.am;;;No aplica;ActivaMente;DIANA ARBOLEDA;ACT-FUNCIONAL-C13-AMOR Y AMISTAD-HUELLAS DORADAS-CLUB NUEVA VIDA-DIANA ARBOLEDA-G01
13;Villa del Lago;Urbana;ROTONDA VILLA DEL LAGO;DIAGONAL 70A1 CARRERA 26;FUNCIONAL;;Martes;;Jueves;;;;7:00.am-7:00.am;8:00.am-8:00.am;;;No aplica;ActivaMente;ANGELA PUENTES;ACT-FUNCIONAL-C13-BIENVENIDOS AL SEÑOR-ANGELA PUENTES-G03
13;El Poblado;Urbana;Fundación Carvajal El Poblado;Carrera 28f # 72L- 79;FUNCIONAL;;;Miercoles;;;;;7:00.am;8:00.am;;;No aplica;ActivaMente;DIANA ARBOLEDA;ACT-FUNCIONAL-C13-CHISPITAS DE AMOR-DIANA ARBOÑEDA-G9
13;El Poblado II;Urbana;CANCHA MULTIPLE LONGITUDINAL POBLADO 2 SECTOR SSENA;CARRERA 28E3 CALLE 72W;FUNCIONAL;;;;;Viernes;;;7:15.am;8:15.am;;;No aplica;ActivaMente;HENRY ROMERO;ACT-FUNCIONAL-C13-ESPERANZA-HENRY ROMERO-G3
13;El Poblado II;Urbana;FUNDAUTONOMA;K 28B # 72Y 09;FUNCIONAL;Lunes;;;;;;;8:10.am;9:10.am;;;No aplica;ActivaMente;DIANA ARBOLEDA;ACT-FUNCIONAL-C13-FUNDA AUTONOMA-BELLEZA TROPICAL-DIANA ARBOLDA-G02
13;Los Lagos;Urbana;CANCHA MULTIPLE LOS LAGOS 1;CRA 26Q # 72W;FUNCIONAL;Lunes;;;;Viernes;;;8:00.am-8:00.am;9:00.am-9:00.am;;;No aplica;ActivaMente;LUIS ORTIZ;ACT-FUNCIONAL-C13-LOS LAGOS-LUIS ORTIZ-G5
13;El Poblado II;Urbana;CANCHA MULTIPLE LONGITUDINAL POBLADO 2 SECTOR SENA;CRA 28E1 # 72W - 00;FUNCIONAL;Lunes;Martes;Miercoles;;;;;7:00.am-7:00.am-7:00.am;8:00.am-8:00.am-8:00.am;;;No aplica;ActivaMente;HENRY ROMERO;ACT-FUNCIONAL-C13-MÁS QUE VECEDORES-HENRY ROMERO-G1
13;El Poblado;Urbana;UNIDAD RECREATIVA EL POBLADO;CLL 43A CON CRA 29C;FUNCIONAL;Lunes;Martes;Miercoles;Jueves;;;;7:00.am-7:00.am-7:00.am-7:00.am;8:00.am-8:00.am-8:00.am-8:00.am;;;No aplica;ActivaMente;LUIS ORTIZ;ACT-FUNCIONAL-C13-POBLADO1-LUIS ORTIZ-G6
13;El Vergel;Urbana;CASETA COMUNAL EL VERGEL;K 33 # 46A - 26;FUNCIONAL;;;Miercoles;;;;;7:00.am;8:00.am;;;No aplica;ActivaMente;DIANA ARBOLEDA;ACT-FUNCIONAL-C13-SALUD Y VIDA-DIANA ARBOLEDA-G9
13;Villa del Lago;Urbana;ROTONDA VILLA DEL LAGO;DIAGONAL 70A1 CARRERA 26;FUNCIONAL;;Martes;;Jueves;;;;7:00.am-7:00.am;8:00.am-8:00.am;;;No aplica;ActivaMente;ANGELA PUENTES;ACT-FUNCIONAL-C13-SEMILLAS DE ESPERANZA-ANGELA PUENTES-G02
13;Ricardo Balcazar;Urbana;POLIDEPORTIVO RICARDO BALCAZAR;Cra 26 i Diagonal 70;FUNCIONAL;;;Miercoles;Jueves;;;;7:00.pm-7:00.am;8:00.am-8:00.am;;;No aplica;ActivaMente;ANGELA PUENTES;ACT-FUNCIONAL-C13-SIEMPRE AMIGOS-ANGELA PUENTES-G06
13;Villa del Lago;Urbana;ROTONDA VILLA DEL LAGO;DIAGONAL 70A1 CARRERA 26;FUNCIONAL;;Martes;;Jueves;;;;7:00.am-7:00.am;8:00.am-8:00.am;;;No aplica;ActivaMente;ANGELA PUENTES;ACT-FUNCIONAL-C13-VIDA ACTIVA-ANGELA PUENTES-G04
13;El Diamante;Urbana;UNIDAD RECREATIVA EL DIAMANTE  (CRP);CRA 31 # 40 - 12;FUNCIONAL;;Martes;;;Viernes;;;8:30.am-8:30.am;9:30.am-9:30.am;;;No aplica;ActivaMente;ALEXANDER BRAVO;ACT-NUEVA ESPERANZA-FUN-11-ALEXANDER BRAVO-5
13;Los Comuneros II Etapa;Urbana;Centro Multiple Comuneros  2;CRA 28A # 72T - 00;FUNCIONAL;Lunes;;;;;;;7:00.am;8:00.am;;;No aplica;ActivaMente;LUIS ORTIZ;ACT.C13.LUISFERNANDO.O.G01 ARTE DE VIVIR
13;El Diamante;Urbana;UNIDAD RECREATIVA EL DIAMANTE  (CRP);CRA 31 # 40 - 12;FUNCIONAL;;Martes;;Jueves;;;;10:00.am-10:00.am;11:00.am-11:00.am;;;No aplica;ActivaMente;LUIS ORTIZ;ACT.C13.LUISFERNANDO.O.G02 RENACER SPORTS
13;El Vergel;Urbana;CANCHA CALIPSO 2;C 28E - 26;PRUEBA DE RUMBA;;Martes;;Jueves;;;;8:10.pm-8:10.pm;12:10.am-12:10.am;;;No aplica;ActivaMente;ESNEYDER CASTILLO;ACT.FUN.C.13.CALIPSO AERORUMBA.ESNEYDER
13;Charco Azul;Urbana;BIOSALUDABLES  CHARCO AZUL;C 70B1  # 22B - 00;FUNCIONAL;Lunes;;;;;;;9:30.am;10:30.am;;;No aplica;ActivaMente;MIGUEL CARDENAS;ACT.FUN.C.13.DELEGACIÓN CALEÑA
13;Yira Castro;Urbana;CANCHA MULTIPLE YIRA CASTRO;K 28D # 72F1 - 00;FUNCIONAL;;Martes;;Jueves;;;;4:00.am-7:00.am;8:00.am-8:00.am;;;No aplica;ActivaMente;MIGUEL CARDENAS;ACT.FUN.C.13.DESPERTAR CON DIOS
13;Marroquín III;Urbana;SEDE COMUNAL MARROQUIN III;Carrera 26 g No. 72 s1 - 88;FUNCIONAL;;;;Jueves;Viernes;;;8:30.am-8:30.am;9:30.am-9:30.am;;;No aplica;ActivaMente;MIGUEL CARDENAS;ACT.FUN.C.13.NUEVA ILUSIÓN
13;El Poblado II;Urbana;CANCHA MULTIPLE LONGITUDINAL POBLADO 2 SECTOR SENAA;CALLE 72 W CON 28E1;FUNCIONAL;Lunes;Martes;Miercoles;;;;;8:00.am-8:00.am-8:00.am;9:00.am-9:00.am-9:00.am;;;No aplica;ActivaMente;HENRY ROMERO;ACT.FUNCIONAL-C13-GUERRERAS-HENRY ROMER-G2
13;Los Comuneros II Etapa;Urbana;FULIM - FUNDACION PARA LIMITADOS MULTIPLES - LOS COMUNEROS II;C 72R # 28B1-10;ACTIVIDAD FÍSICA Y RECREACIÓN ADAPTADA;Lunes;;Miercoles;;;;;8:00.am-8:00.am;9:30.am-9:30.am;;;No aplica;Cali Incluyente;ERIKA RODRIGUEZ;CI - ACTIVIDAD FISICA Y RECREACION  ADAPTADA - C13 - G03
13;Los Comuneros II Etapa;Urbana;Polideportivo Comuneros II;Calle 72 T # 28a-51;ACTIVIDAD FÍSICA Y RECREACIÓN ADAPTADA;;;Miercoles;;;;;3:00.pm;4:10.pm;;;No aplica;Cali Incluyente;VALENTINA ARDILA;CI - ACTIVIDAD FISICA Y RECREACIÓN ADAPTADA - C13 - G01
13;El Diamante;Urbana;UNIDAD RECREATIVA EL DIAMANTE  (CRP);K 31 # 40 - 12;ACTIVIDAD FÍSICA Y RECREACIÓN ADAPTADA;;;;;Viernes;;;8:30.am;9:30.am;;;No aplica;Cali Incluyente;JOSE LOPEZ;CI - ACTIVIDAD FISICA Y RECREACIÓN ADAPTADA - C13 - G02
13;Los Lagos;Urbana;Fundación El Sembrador;Carrera 26i3#72w184;ACTIVIDAD FÍSICA Y RECREACIÓN ADAPTADA;Lunes;;Miercoles;;;;;9:30.am-9:30.am;10:30.am-10:30.am;;;No aplica;Cali Incluyente;ERIKA RODRIGUEZ;CI - ACTIVIDAD FISICA Y RECREACIÓN ADAPTADA - C13 - G04
13;Ricardo Balcazar;Urbana;ASODISVALLE - RICARDO BALCAZAR;DG 71 # 26i - 69;FUTBOL ADAPTADO;Lunes;;;;;;;9:00.am;10:00.am;;;No aplica;Cali Incluyente;ROBINSON TAMAYO;CI - FUTBOL ADAPTADO - C13 - G03
13;El Diamante;Urbana;UNIDAD RECREATIVA EL DIAMANTE  (CRP);K 31 # 40 - 12;FUTBOL ADAPTADO;;;;;Viernes;;;9:30.am;10:30.am;;;No aplica;Cali Incluyente;JOSE LOPEZ;CI - INICIACION FUTBOL ADAPTADO - C13 - G01
13;Los Comuneros II Etapa;Urbana;CANCHA DE FUTBOL LA CERO- COMUNEROS 2;Cra 28a con 72 esquina;FUTBOL ADAPTADO;;;Miercoles;;;;;7:00.pm;9:00.pm;;;No aplica;Cali Incluyente;ERIKA RODRIGUEZ;CI - INICIACION FUTBOL ADAPTADO - C13 - G02
13;El Poblado II;Urbana;IE SANTA ROSA;Cl. 72x #28-3-35;REDCREACCION;;;Miercoles;;;;;1:20.pm;2:20.pm;;;No aplica;Cali juega;NAYEILY LASSO;CJ-ADOYJUV-C16-IESR-SDC-NOV1
13;El Poblado II;Urbana;IE SANTA ROSA;Cl. 72x #28-3-35;REDCREACCION;;;;Jueves;;;;1:20.pm;2:20.pm;;;No aplica;Cali juega;NAYEILY LASSO;CJ-ADOYJUV-C16-IESR-SDC-NOV2
13;El Poblado II;Urbana;IE SANTA ROSA;Cl. 72x #28-3-35;REDCREACCION;;Martes;;;;;;1:20.pm;2:20.pm;;;No aplica;Cali juega;NAYEILY LASSO;CJ-ADOYJUV-C16-IESR-SDC-OCT1
13;El Poblado II;Urbana;IE SANTA ROSA;Cl. 72x #28-3-35;REDCREACCION;;Martes;;;;;;2:20.pm;3:20.pm;;;No aplica;Cali juega;NAYEILY LASSO;CJ-ADOYJUV-C16-IESR-SDC-OCT2
13;El Poblado II;Urbana;IE SANTA ROSA;Cl. 72x #28-3-35;REDCREACCION;;;;Jueves;;;;10:50.pm;11:40.am;;;No aplica;Cali juega;NAYEILY LASSO;CJ-ADOYJUV-C16-IESR-SDC-SEPT1
13;El Poblado II;Urbana;IE SANTA ROSA;Cl. 72x #28-3-35;REDCREACCION;;;;Jueves;;;;10:50.am;11:50.am;;;No aplica;Cali juega;NAYEILY LASSO;CJ-ADOYJUV-C16-IESR-SDC-SEPT2
13;El Poblado II;Urbana;IE SANTA ROSA;Cl. 72x #28-3-35;REDCREACCION;;;;;;;;;;;;No aplica;Cali juega;NAYEILY LASSO;CJ-ADOYJUV-C16-IESR-SDC-SEPT3
13;El Poblado II;Urbana;IE SANTA ROSA;Cl. 72x #28-3-35;REDCREACCION;;;Miercoles;;;;;10:50.am;11:40.am;;;No aplica;Cali juega;NAYEILY LASSO;CJ-ADOYJUV-C16-IESR-SDC-SEPT4
13;El Poblado II;Urbana;IE SANTA ROSA;Cl. 72x #28-3-35;REDCREACCION;;Martes;;;;;;3:30.pm;4:21.pm;;;No aplica;Cali juega;JOHANN RAMÍREZ;CJ-ADOYJUV-C16-IESR-SDC-SEX1
13;El Poblado II;Urbana;IE SANTA ROSA;Cl. 72x #28-3-35;REDCREACCION;;Martes;;;;;;4:20.pm;5:10.pm;;;No aplica;Cali juega;JOHANN RAMÍREZ;CJ-ADOYJUV-C16-IESR-SDC-SEX2
13;El Poblado II;Urbana;IE SANTA ROSA;Cl. 72x #28-3-35;REDCREACCION;;;Miercoles;;;;;2:10.pm;3:10.pm;;;No aplica;Cali juega;JOHANN RAMÍREZ;CJ-ADOYJUV-C16-IESR-SDC-SEX3
13;El Poblado II;Urbana;IE SANTA ROSA;Cl. 72x #28-3-35;REDCREACCION;;;Miercoles;;;;;12:35.pm;1:20.pm;;;No aplica;Cali juega;JOHANN RAMÍREZ;CJ-ADOYJUV-C16-IESR-SDC-SEX4
13;El Poblado II;Urbana;IE SANTA ROSA;Cl. 72x #28-3-35;REDCREACCION;;Martes;;;;;;5:10.pm;6:00.pm;;;No aplica;Cali juega;JOHANN RAMÍREZ;CJ-ADOYJUV-C16-IESR-SDC-SEX5
13;El Poblado II;Urbana;IE SANTA ROSA;Cl. 72x #28-3-35;REDCREACCION;;;;Jueves;;;;2:10.pm;3:00.pm;;;No aplica;Cali juega;JOHANN RAMÍREZ;CJ-ADOYJUV-C16-IESR-SDC-SEX6
13;El Poblado;Urbana;HI LOS NIÑOS DEL FUTURO;Carrera 28H con calle 72P -29;JUEGO EN ACCION PARA UNA INFANCIA MEJOR;;;Miercoles;;;;;8:45.am;9:45.am;;;No aplica;Cali juega;NICOLE MANZANO;CJ-PI-C13-HILNDF-GEIYII
13;El Poblado;Urbana;HI LOS NIÑOS DEL FUTURO;Carrera 28H con calle 72P -29;JUEGO EN ACCION PARA UNA INFANCIA MEJOR;;;;Jueves;;;;8:45.am;9:45.am;;;No aplica;Cali juega;NICOLE MANZANO;CJ-PI-C13-HILNDF-JUAP
13;Calypso;Urbana;Cancha  Multiple Calypso;Cra 28E entre 72F3 Y 72 F4;acondicionamiento fisico;Lunes;;;;;;;6:50.am;7:50.am;;;No aplica;Carreras y Caminatas;GUSTAVO SANTANA;CYC-ACONDICIONAMIENTO FISICO-C13-GUSTAVO SANTANA G01
13;El Diamante;Urbana;Polideportivo el Diamante;KRA 31# 40-4;acondicionamiento fisico;;;;Jueves;;;;6:50.am;7:50.am;;;No aplica;Carreras y Caminatas;GUSTAVO SANTANA;CYC-ACONDICIONAMIENTO FISICO-C13-GUSTAVO SANTANA-G02
13;Ulpiano Lloreda;Urbana;Cancha Ulpiano Lloreda;CLL 72 CON CRA 24;acondicionamiento fisico;;;;Jueves;;;;8:15.pm;9:15.pm;;;No aplica;Carreras y Caminatas;NESTOR REINA;CYC-ACONDICIONAMIENTO FISICO-C13-NESTOR REINA-G04
13;Villa del Lago;Urbana;Eco parque villa del lago;DIAGONAL 10 A 1 CON CRA 26C;acondicionamiento fisico;;;Miercoles;;;;;7:00.pm;8:00.pm;;;No aplica;Carreras y Caminatas;NESTOR REINA;CYC-ACONDICIONAMIENTO FISICO-C13-NESTOR REINA-G05
13;El Diamante;Urbana;Polideportivo el Diamante;KRA 31# 40-4;acondicionamiento fisico;Lunes;;;Jueves;;;;6:50.am-6:50.am;7:50.am-7:50.am;;;No aplica;Carreras y Caminatas;JOHN MINA;CYC-POLIDEPORTIVO DIAMANTE-C13-GUSTAVO SANTANA-G01
13;Marroquín III;Urbana;I.E JESUS VILLAFAÑE FRANCO- JESUS VILLAFAÑE PRINCIPAL;1482;RECREO DEPORTIVO;;Martes;;;;;;8:00AM;9:00am;;;No aplica;Deporte Escolar;DIANA MURILLO;1903
13;Marroquín III;Urbana;I.E JESUS VILLAFAÑE FRANCO- JESUS VILLAFAÑE PRINCIPAL;1483;RECREO DEPORTIVO;;Martes;;;;;;9:00AM;10:00pm;;;No aplica;Deporte Escolar;DIANA MURILLO;1904
13;Marroquín III;Urbana;I.E JESUS VILLAFAÑE FRANCO- JESUS VILLAFAÑE PRINCIPAL;1484;RECREO DEPORTIVO;;Martes;;;;;;9:00AM;10:00pm;;;No aplica;Deporte Escolar;DIANA MURILLO;1905
13;Marroquín III;Urbana;I.E JESUS VILLAFAÑE FRANCO- JESUS VILLAFAÑE PRINCIPAL;1485;RECREO DEPORTIVO;;Martes;;;;;;10:00AM;11:00am;;;No aplica;Deporte Escolar;DIANA MURILLO;1906
13;Marroquín III;Urbana;I.E JESUS VILLAFAÑE FRANCO- JESUS VILLAFAÑE PRINCIPAL;1486;RECREO DEPORTIVO;;Martes;;;;;;8:00AM;9:00am;;;No aplica;Deporte Escolar;DIANA MURILLO;1907
13;Marroquín III;Urbana;I.E JESUS VILLAFAÑE FRANCO- JESUS VILLAFAÑE PRINCIPAL;1487;RECREO DEPORTIVO;;;Miercoles;;;;;8:00AM;9:00am;;;No aplica;Deporte Escolar;DIANA MURILLO;1908
13;Marroquín III;Urbana;I.E JESUS VILLAFAÑE FRANCO- JESUS VILLAFAÑE PRINCIPAL;1488;RECREO DEPORTIVO;;;Miercoles;;;;;9:00AM;10:00am;;;No aplica;Deporte Escolar;DIANA MURILLO;1909
13;Marroquín III;Urbana;I.E JESUS VILLAFAÑE FRANCO- JESUS VILLAFAÑE PRINCIPAL;1489;RECREO DEPORTIVO;;;Miercoles;;;;;10:00AM;11:00am;;;No aplica;Deporte Escolar;DIANA MURILLO;1910
13;Marroquín III;Urbana;I.E JESUS VILLAFAÑE FRANCO- JESUS VILLAFAÑE PRINCIPAL;1490;RECREO DEPORTIVO;;;;Jueves;;;;7:00AM;8:00pm;;;No aplica;Deporte Escolar;DIANA MURILLO;1911
13;Marroquín III;Urbana;I.E JESUS VILLAFAÑE FRANCO- JESUS VILLAFAÑE PRINCIPAL;1491;RECREO DEPORTIVO;;;;Jueves;;;;7:00AM;8:00pm;;;No aplica;Deporte Escolar;DIANA MURILLO;1912
13;Marroquín III;Urbana;I.E JESUS VILLAFAÑE FRANCO- JESUS VILLAFAÑE PRINCIPAL;1492;RECREO DEPORTIVO;;;;Jueves;;;;8:30AM;9:30am;;;No aplica;Deporte Escolar;DIANA MURILLO;1913
13;Marroquín III;Urbana;I.E JESUS VILLAFAÑE FRANCO- JESUS VILLAFAÑE PRINCIPAL;1493;RECREO DEPORTIVO;;;;;Viernes;;;7:00AM;8:00am;;;No aplica;Deporte Escolar;DIANA MURILLO;1914
13;Marroquín III;Urbana;I.E JESUS VILLAFAÑE FRANCO- JESUS VILLAFAÑE PRINCIPAL;1494;RECREO DEPORTIVO;;;;;Viernes;;;8:00AM;9:00am;;;No aplica;Deporte Escolar;DIANA MURILLO;1915
13;El Diamante;Urbana;I.E EL DIAMANTE- JUAN PABLO II;1556;RECREO DEPORTIVO;Lunes;;;;;;;4:00PM;4:55pm;;;No aplica;Deporte Escolar; ;1977
13;El Diamante;Urbana;I.E EL DIAMANTE- JUAN PABLO II;1557;RECREO DEPORTIVO;Lunes;;;;;;;4:00PM;4:55pm;;;No aplica;Deporte Escolar;JHON ESPINOSA;1978
13;El Diamante;Urbana;I.E EL DIAMANTE- JUAN PABLO II;1558;RECREO DEPORTIVO;Lunes;;;;;;;5:00PM;5:45pm;;;No aplica;Deporte Escolar;JHON ESPINOSA;1979
13;El Diamante;Urbana;I.E EL DIAMANTE- JUAN PABLO II;1559;RECREO DEPORTIVO;;Martes;;;;;;4:00PM;4:55pm;;;No aplica;Deporte Escolar;JHON ESPINOSA;1980
13;El Diamante;Urbana;I.E EL DIAMANTE- JUAN PABLO II;1560;RECREO DEPORTIVO;;Martes;;;;;;5:00PM;5:45pm;;;No aplica;Deporte Escolar;JHON ESPINOSA;1981
13;El Diamante;Urbana;I.E EL DIAMANTE- JUAN PABLO II;1561;RECREO DEPORTIVO;;;Miercoles;;;;;2:20PM;3:00pm;;;No aplica;Deporte Escolar;JHON ESPINOSA;1982
13;El Diamante;Urbana;I.E EL DIAMANTE- JUAN PABLO II;1562;RECREO DEPORTIVO;;;Miercoles;;;;;3:00PM;3:40pm;;;No aplica;Deporte Escolar;JHON ESPINOSA;1983
13;El Diamante;Urbana;I.E EL DIAMANTE- JUAN PABLO II;1563;RECREO DEPORTIVO;;;Miercoles;;;;;4:00PM;4:55pm;;;No aplica;Deporte Escolar;JHON ESPINOSA;1984
13;El Diamante;Urbana;I.E EL DIAMANTE- JUAN PABLO II;1564;RECREO DEPORTIVO;;;Miercoles;;;;;5:00PM;5:45pm;;;No aplica;Deporte Escolar;JHON ESPINOSA;1985
13;El Diamante;Urbana;I.E EL DIAMANTE- JUAN PABLO II;1565;RECREO DEPORTIVO;;;;;Viernes;;;4:00PM;4:55pm;;;No aplica;Deporte Escolar;JHON ESPINOSA;1986
13;El Diamante;Urbana;I.E EL DIAMANTE- JUAN PABLO II;1566;RECREO DEPORTIVO;;;;;Viernes;;;5:00PM;5:45pm;;;No aplica;Deporte Escolar;JHON ESPINOSA;1987
13;El Diamante;Urbana;I.E EL DIAMANTE- JUAN PABLO II;1577;RECREO DEPORTIVO;;Martes;;;;;;7:00AM;8:50am;;;No aplica;Deporte Escolar;JAIRO OSPINA;1998
13;El Diamante;Urbana;I.E EL DIAMANTE- JUAN PABLO II;1578;RECREO DEPORTIVO;;Martes;;;;;;8:50AM;9:45am;;;No aplica;Deporte Escolar;JAIRO OSPINA;1999
13;El Diamante;Urbana;I.E EL DIAMANTE- JUAN PABLO II;1579;RECREO DEPORTIVO;;Martes;;;;;;10:15AM;12:00pm;;;No aplica;Deporte Escolar;JAIRO OSPINA;2000
13;El Diamante;Urbana;I.E EL DIAMANTE- JUAN PABLO II;1580;RECREO DEPORTIVO;;;Miercoles;;;;;7:00AM;7:55am;;;No aplica;Deporte Escolar;JAIRO OSPINA;2001
13;El Diamante;Urbana;I.E EL DIAMANTE- JUAN PABLO II;1581;RECREO DEPORTIVO;;;Miercoles;;;;;7:00AM;7:55am;;;No aplica;Deporte Escolar;JAIRO OSPINA;2002
13;El Diamante;Urbana;I.E EL DIAMANTE- JUAN PABLO II;1582;RECREO DEPORTIVO;;;Miercoles;;;;;7:55AM;9:45am;;;No aplica;Deporte Escolar;JAIRO OSPINA;2003
13;El Diamante;Urbana;I.E EL DIAMANTE- JUAN PABLO II;1583;RECREO DEPORTIVO;;;;Jueves;;;;7:00AM;8:50am;;;No aplica;Deporte Escolar;JAIRO OSPINA;2004
13;El Diamante;Urbana;I.E EL DIAMANTE- JUAN PABLO II;1584;RECREO DEPORTIVO;;;;Jueves;;;;8:50AM;9:45am;;;No aplica;Deporte Escolar;JAIRO OSPINA;2005
13;El Diamante;Urbana;I.E EL DIAMANTE- JUAN PABLO II;1585;RECREO DEPORTIVO;;;;Jueves;;;;10:15AM;12:00pm;;;No aplica;Deporte Escolar;JAIRO OSPINA;2006
13;El Diamante;Urbana;I.E EL DIAMANTE- JUAN PABLO II;1586;RECREO DEPORTIVO;;;;;Viernes;;;7:00AM;7:55am;;;No aplica;Deporte Escolar;JAIRO OSPINA;2007
13;El Diamante;Urbana;I.E EL DIAMANTE- JUAN PABLO II;1587;RECREO DEPORTIVO;;;;;Viernes;;;7:00AM;7:55am;;;No aplica;Deporte Escolar;JAIRO OSPINA;2008
13;El Diamante;Urbana;I.E EL DIAMANTE- JUAN PABLO II;1588;RECREO DEPORTIVO;;;;;Viernes;;;7:55AM;9:45am;;;No aplica;Deporte Escolar;JAIRO OSPINA;2009
13;El Diamante;Urbana;I.E EL DIAMANTE- JUAN PABLO II;1589;RECREO DEPORTIVO;;;;;Viernes;;;10:15AM;12:00pm;;;No aplica;Deporte Escolar;JAIRO OSPINA;2010
13;El Diamante;Urbana;I.E EL DIAMANTE- EL SEÑOR DE LOS MILAGROS;1621;RECREO DEPORTIVO;;Martes;;;;;;7:30AM;8:30am;;;No aplica;Deporte Escolar;JOSE GOMEZ;2042
13;El Diamante;Urbana;I.E EL DIAMANTE- EL SEÑOR DE LOS MILAGROS;1622;RECREO DEPORTIVO;;Martes;;;;;;8:30AM;9:30am;;;No aplica;Deporte Escolar;JOSE GOMEZ;2043
13;El Diamante;Urbana;I.E EL DIAMANTE- EL SEÑOR DE LOS MILAGROS;1623;RECREO DEPORTIVO;;Martes;;;;;;10:00AM;11:00am;;;No aplica;Deporte Escolar;JOSE GOMEZ;2044
13;El Diamante;Urbana;I.E EL DIAMANTE- EL SEÑOR DE LOS MILAGROS;1624;RECREO DEPORTIVO;;Martes;;;;;;11:00AM;12:00pm;;;No aplica;Deporte Escolar;JOSE GOMEZ;2045
13;El Diamante;Urbana;I.E EL DIAMANTE- EL SEÑOR DE LOS MILAGROS;1625;RECREO DEPORTIVO;;;Miercoles;;;;;7:30AM;8:30am;;;No aplica;Deporte Escolar;JOSE GOMEZ;2046
13;El Diamante;Urbana;I.E EL DIAMANTE- EL SEÑOR DE LOS MILAGROS;1626;RECREO DEPORTIVO;;;Miercoles;;;;;8:30AM;9:30am;;;No aplica;Deporte Escolar;JOSE GOMEZ;2047
13;El Diamante;Urbana;I.E EL DIAMANTE- EL SEÑOR DE LOS MILAGROS;1627;RECREO DEPORTIVO;;;Miercoles;;;;;10:00AM;11:00am;;;No aplica;Deporte Escolar;JOSE GOMEZ;2048
13;El Diamante;Urbana;I.E EL DIAMANTE- EL SEÑOR DE LOS MILAGROS;1628;RECREO DEPORTIVO;;;Miercoles;;;;;11:00AM;12:00pm;;;No aplica;Deporte Escolar;JOSE GOMEZ;2049
13;El Diamante;Urbana;I.E EL DIAMANTE- EL SEÑOR DE LOS MILAGROS;1629;RECREO DEPORTIVO;;;;Jueves;;;;7:30AM;8:30am;;;No aplica;Deporte Escolar;JOSE GOMEZ;2050
13;El Diamante;Urbana;I.E EL DIAMANTE- EL SEÑOR DE LOS MILAGROS;1630;RECREO DEPORTIVO;;;;Jueves;;;;8:30AM;9:30am;;;No aplica;Deporte Escolar;JOSE GOMEZ;2051
13;El Diamante;Urbana;I.E EL DIAMANTE- EL SEÑOR DE LOS MILAGROS;1631;RECREO DEPORTIVO;;;;Jueves;;;;10:00AM;11:00am;;;No aplica;Deporte Escolar;JOSE GOMEZ;2052
13;El Diamante;Urbana;I.E EL DIAMANTE- EL SEÑOR DE LOS MILAGROS;1632;RECREO DEPORTIVO;;;;Jueves;;;;11:00AM;12:00pm;;;No aplica;Deporte Escolar;JOSE GOMEZ;2053
13;El Diamante;Urbana;Centro de Capacitación Don Bosco;K 31 No 39-42;SESIONES LUDICOPEDAGOGICAS;;;;Jueves;;;;9:30.am;4:30.am;;;No aplica;Poblacion y Etnias;JACKY SILVA;PYE-CENTRO CAPACITACIÓN DON BOSCO-MAÑANA
13;Calypso;Urbana;PARQUE RECREATIVO CALIPSO 1;carrera 28E con Cll 72 y 72A;SESIONES LUDICOPEDAGOGICAS;;;;Jueves;;;;6:00.pm;8:00.pm;;;No aplica;Poblacion y Etnias;MELISA TREJO;PYE-LGTBIQ+-COLECTIVOS-C13-BLACKWOLVES-MELISSA TREJOS-G02
13;Omar Torrijos;Urbana;ASOECOLOGICO;Carrera 26u calle 72 w;SESIONES LUDICOPEDAGOGICAS;;;Miercoles;;;;;2:00.pm;3:30.pm;;;No aplica;Poblacion y Etnias;CAROLINA CALVACHE;PYE-RECICLADORES-C13-PUNTO ECOLOGICO-CAROLINA CALVACHE GUEVARA-G03
13;El Diamante;Urbana;Centro de Capacitación Don Bosco;K 31 No 39-42;SESIONES LUDICOPEDAGOGICAS;;;;Jueves;;;;9:30.am;10:30.pm;;;No aplica;Poblacion y Etnias;CARLOS ZAPATA;PYE-T.D.E-CENTRO CAPACITACIÓN DON BOSCO
13;El Diamante;Urbana;Centro de Capacitación Don Bosco;K 31 No 39-42;SESIONES LUDICOPEDAGOGICAS;;;;Jueves;;;;9:30.am;10:30.am;;;No aplica;Poblacion y Etnias;CARLOS ZAPATA;PYE-T.D.E.-CENTRO CAPACITACIÓN DON BOSCO-DIA
13;Marroquín III;Urbana;Cancha Múltiple Boulevard de Oriente;Carrera 26 P Con Transversal 73 A;SESIONES LUDICOPEDAGOGICAS;;;;Jueves;;;;6:00.pm;7:30.pm;;;No aplica;Poblacion y Etnias;HOLMES FIGUEROA;PYE-VICTIMAS C15 - BULEVARD DEL ORIENTE - HOLMES FIGUEROA
13;El Poblado;Urbana;"colegio academico el Poblado (3er piso). Terraza ""patio de descanso""";K 28F # 72 08;PORRISMO;;Martes;;Jueves;;;;18:30:00; 20:00:00;;58;Irradiacion;Deporvida;DIEGO  ROSERO ARBOLEDA;-
13;El Poblado;Urbana;"colegio academico el Poblado (3er piso). Terraza ""patio de descanso""";K 28F # 72 08;PORRISMO;;;;Jueves;;;;14:00:00; 16:00:00;;473;Base;Deporvida;DIEGO  ROSERO ARBOLEDA;-
13;Los Lagos;Urbana;Polideportivo La Paz;K 26L # 72P 00;FUTBOL;;Martes;;Jueves;;;;7:30:00; 09:00:00;;1;Fundamentacion;Deporvida;OSCAR Aaron LUCUMI RODALLEGA;-
13;Villablanca;Urbana;CANCHA DE FUTBOL VILLA BLANCA;K 26L # 72F 00;FUTBOL;;;Miercoles;;Viernes;;;16:30:00; 18:00:00;;5;Irradiacion;Deporvida;ANDRES ESNEIDER VIAFARA VIAFARA;-
13;Villablanca;Urbana;Colegio humberto jordan mazuera;D 72F # 28A 05;FUTBOL;Lunes;;;Jueves;;;;16:30:00; 18:00:00;;6;Base;Deporvida;ANDRES ESNEIDER VIAFARA VIAFARA;-
13;El Diamante;Urbana;Unidad Recreativa El Diamante;K 31 # 40 12;FUTBOL;;Martes;;;Viernes;;;16:00:00; 17:30:00;;151;Irradiacion;Deporvida;CHRISTIAN andres CAMBINO CORDOBA;-
13;El Diamante;Urbana;Unidad Recreativa El Diamante;K 31 # 40 12;FUTBOL;;;Miercoles;;Viernes;;;14:30:00; 16:00:00;;152;Fundamentacion;Deporvida;CHRISTIAN andres CAMBINO CORDOBA;-
13;Ulpiano Lloreda;Urbana;Polideportivo Ulpiano Lloreda;K 23B # 72 00;FUTBOL;Lunes;Martes;;;;;;18:30:00; 20:30:00;;179;Fundamentacion;Deporvida;BRANDON STIVEN QUINTERO SALDARRIAGA;-
13;Ulpiano Lloreda;Urbana;Polideportivo Ulpiano Lloreda;K 23B # 72 00;FUTBOL;;;;Jueves;Viernes;;;18:30:00; 20:30:00;;180;Irradiacion;Deporvida;BRANDON STIVEN QUINTERO SALDARRIAGA;-
13;El Diamante;Urbana;Unidad Recreativa El Diamante;K 31 # 40 12;FUTBOL;;;Miercoles;;Viernes;;;14:00:00; 15:30:00;;368;Irradiacion;Deporvida;ARMANDO  MURILLO ;-
13;Lleras Restrepo;Urbana;CANCHA SINTETICA LLERAS RESTREPO;C 71 # 26E 25;FUTBOL;Lunes;;Miercoles;;;;;18:30:00; 20:00:00;;369;Fundamentacion;Deporvida;ARMANDO  MURILLO ;-
13;Los Lagos;Urbana;Polideportivo La Paz;K 26L # 72P 00;FUTBOL;;;Miercoles;;Viernes;;;7:30:00; 09:00:00;;370;Irradiacion;Deporvida;OSCAR Aaron LUCUMI RODALLEGA;-
13;El Poblado II;Urbana;CANCHA MULTIPLE EL POBLADO II;K 28E # 72V 00;BALONCESTO;;Martes;;Jueves;;;;7:00:00; 08:30:00;;7;Irradiacion;Deporvida;SIXTA ANGELA RIVAS TOTENA;-
13;Calypso;Urbana;CANCHA SINTETICA CALIPSO III;T 28E # 72H 00;BALONCESTO;;Martes;;Jueves;;;;14:30:00; 16:00:00;;8;Irradiacion;Deporvida;SIXTA ANGELA RIVAS TOTENA;-
13;Calypso;Urbana;CANCHA DE BALONCESTO CALIPSO III;K 28D 3 # 72F 3 00;BALONCESTO;;Martes;;Jueves;;;;16:00:00; 17:30:00;;9;Fundamentacion;Deporvida;SIXTA ANGELA RIVAS TOTENA;-
13;Los Comuneros II Etapa;Urbana;CENTRO MULTIPLE COMUNEROS II;K 28A # 72T 00;BALONCESTO;;Martes;;Jueves;;;;8:30:00; 10:20:00;;10;Irradiacion;Deporvida;HARLIN ANTONIO GARCIA CASTAÃ‘EDA;-
13;Los Comuneros II Etapa;Urbana;CENTRO MULTIPLE COMUNEROS II;K 28A # 72T 00;BALONCESTO;Lunes;;Miercoles;;Viernes;;;16:00:00; 17:30:00;;10;Irradiacion;Deporvida;HARLIN ANTONIO GARCIA CASTAÃ‘EDA;-
13;Los Comuneros II Etapa;Urbana;CENTRO MULTIPLE COMUNEROS II;K 28A # 72T 00;BALONCESTO;;Martes;;Jueves;;;;16:00:00; 17:30:00;;11;Irradiacion;Deporvida;HARLIN ANTONIO GARCIA CASTAÃ‘EDA;-
13;El Poblado II;Urbana;CANCHA MULTIPLE LONG. POBLADO II SECTOR SENA;K 28E 1 # 72W 00;FUTBOL SALA;;Martes;;Jueves;;;;17:30:00; 19:00:00;;157;Irradiacion;Deporvida;JOSE ALFREDO BENITEZ CORTES;-
13;El Poblado II;Urbana;CANCHA MULTIPLE LONG. POBLADO II SECTOR SENA;K 28E 1 # 72W 00;FUTBOL SALA;;Martes;;Jueves;;;;20:00:00; 21:30:00;;158;Fundamentacion;Deporvida;JOSE ALFREDO BENITEZ CORTES;-
13;El Poblado II;Urbana;CANCHA MULTIPLE LONG. POBLADO II SECTOR SENA;K 28E 1 # 72W 00;FUTBOL SALA;;;Miercoles;;;;;20:00:00; 21:30:00;;471;Irradiacion;Deporvida;JOSE ALFREDO BENITEZ CORTES;-
13;El Diamante;Urbana;CANCHA MULTIPLE DON BOSCO;null;VOLEIBOL;Lunes;;;;Viernes;;;13:30:00; 15:30:00;;2;Fundamentacion;Deporvida;YEFER alberto CAÃ±IZALEZ MURILLO;-
13;Calypso;Urbana;CANCHA SINTETICA CALIPSO III;T 28E # 72H 00;JUZGAMIENTO (FUTBOL);;;Miercoles;;;;;14:30:00; 16:00:00;;405;Apropiacion;Deporvida;SEBASTIAN  DURANGO DUQUE;-
13;Marroquin III;Urbana;Polideportivo cauquita marroquin 2;D 26K # 83 55;FUTBOL;;;Miercoles;Jueves;;;;16:00:00; 17:30:00;;107;Irradiacion;Deporvida;LADY Joana MOSQUERA MINA;-
13;Marroquin III;Urbana;Polideportivo cauquita marroquin 2;D 26K # 83 55;BALONCESTO;;;Miercoles;;Viernes;;;14:00:00; 15:30:00;;97;Irradiacion;Deporvida;FLOR  MELLIZO REBOLLEDO;-
13;El Poblado;Urbana;CANCHA SINTETICA LAS GEMELAS EL POBLADO I;K 28H # 72K 00;FUTBOL;;;Miercoles;;Viernes;;;16:00:00; 17:30:00;;391;Base;Deporvida;OSCAR  RIVAS CAICEDO;-
13;El Poblado;Urbana;CANCHA SINTETICA LAS GEMELAS EL POBLADO I;K 28H # 72K 00;FUTBOL;;Martes;;Jueves;;;;16:00:00; 17:30:00;;392;Fundamentacion;Deporvida;OSCAR  RIVAS CAICEDO;-
13;El Poblado;Urbana;CANCHA SINTETICA LAS GEMELAS EL POBLADO I;K 28H # 72K 00;FUTBOL;;Martes;;Jueves;;;;8:00:00; 09:30:00;;393;Base;Deporvida;OSCAR  RIVAS CAICEDO;-
13;El Poblado;Urbana;CANCHA SINTETICA LAS GEMELAS EL POBLADO I;K 28H # 72K 00;FUTBOL;;Martes;;;;;;9:00:00; 10:30:00;;395;Irradiacion;Deporvida;ROBERTO CARLO PENA GRUESO;-
13;El Poblado;Urbana;CANCHA SINTETICA LAS GEMELAS EL POBLADO I;K 28H # 72K 00;FUTBOL;;;;Jueves;;;;9:00:00; 22:30:00;;395;Irradiacion;Deporvida;ROBERTO CARLO PENA GRUESO;-
13;Los Comuneros II Etapa;Urbana;CANCHA LA PAZ PONDAJE;K 28 # 72M 1;RUGBY;Lunes;;;;;;;16:00:00; 18:00:00;;354;Irradiacion;Deporvida;JOHN SEBASTIAN VALENCIA MORALES;-
13;Los Lagos;Urbana;Colegio Tecnico Juvenil del Valle;K 26H 3 # 72 57;AJEDREZ;;;;;Viernes;;;14:40:00; 15:40:00;;429;Base;Deporvida;ANDREY alexander PALACIOS BASTIDAS;-
13;Los Lagos;Urbana;COLEGIO PANAMERICANO;C 72U # 26H 3 15;AJEDREZ;;;;;Viernes;;;9:00:00; 10:00:00;;461;Base;Deporvida;ANDREY alexander PALACIOS BASTIDAS;-
13;Ricardo Balcazar;Urbana;PISTA DE PATINAJE RICARDO BALCAZAR;DIAGONAL 70 # 26K - 00;BMX FREESTYLE;;;Miercoles;;Viernes;;;5:00.pm-5:00.pm;6:30.pm-6:30.pm;;;No aplica;Vertigo;MIGUEL RIVERA;VT-BMX FREESTYLE -C13- MATEO RIVERA- PISTA PATINAJE RICARDO BALCAZAR- G03
13;Ricardo Balcazar;Urbana;PISTA DE PATINAJE RICARDO BALCAZAR;DIAGONAL 70 # 26K - 00;BMX FREESTYLE;;;Miercoles;;Viernes;;;6:30.pm-6:30.pm;8:00.pm-8:00.pm;;;No aplica;Vertigo;MIGUEL RIVERA;VT-BMX FREESTYLE-C14-MIGUEL RIVERA-G03
13;Calypso;Urbana;CANCHA CALYPSO;K 27 CON SIMON BOLIVAR;MOTO STUNT;Lunes;;Miercoles;;;;;8:00.pm-8:00.pm;10:00.pm-10:00.pm;;;No aplica;Vertigo;EDER RAMIREZ;VT-MOTO STUNT-C13-EDER RAMIREZ-CALIPSO -G01
14;Manuela Beltran;Urbana;POLIDEPORTIVO CIUDADELA INVICALI;CRA 26B 21 CALLE 119 A;FUNCIONAL;;;Miercoles;;Viernes;;;7:00.am-8:15.am;8:00.am-9:15.am;;;No aplica;ActivaMente;CARMEN GAMBOA;ACT-C-14-CARMEN G-G3-GRUPO SOMOS AMIGOS
14;Puerta del Sol;Urbana;Cancha Futbol  11 Puertas Del Sol I;K 26C  # 80 - 00;FUNCIONAL;;Martes;;Jueves;Viernes;;;7:00.am-7:00.am-7:00.am;8:00.am-8:00.am-8:00.am;;;No aplica;ActivaMente;CARMEN GAMBOA;ACT-C-14-CARMEN G-G4-GRUPO ALTERNATIVA DE VIDA
14;Las Orquídeas;Urbana;Parque Recreacional Y Cultural Las Orquideas(El Pozo);K 27D # 114 - 00;FUNCIONAL;Lunes;;Miercoles;;;;;6:30.am-6:30.am;7:30.am-7:30.am;;;No aplica;ActivaMente;RODOLFO VALENCIA;ACT-C-14-RODOLFO V-G1-GRUPO NUNCA ES TARDE
14;Las Orquídeas;Urbana;POLIDEPORTIVO LAS ORQUIDEAS;K 27D # 109 - 00;FUNCIONAL;Lunes;;Miercoles;;;;;7:30.am-7:30.am;8:30.pm-8:30.am;;;No aplica;ActivaMente;RODOLFO VALENCIA;ACT-C-14-RODOLFO V-G2- SALUD Y VIDA DE AMOR
14;Las Orquídeas;Urbana;POLIDEPORTIVO LAS ORQUIDEAS;K 27D # 109 - 00;FUNCIONAL;Lunes;;Miercoles;;;;;8:30.am-8:30.am;9:30.am-9:30.am;;;No aplica;ActivaMente;RODOLFO VALENCIA;ACT-C-14-RODOLFO V-G3- ORQUIDEAS REAL
14;Las Orquídeas;Urbana;POLIDEPORTIVO LAS ORQUIDEAS;K 27D # 109 - 00;FUNCIONAL;Lunes;;Miercoles;;;;;8:00.am-8:00.am;9:00.am-9:00.am;;;No aplica;ActivaMente;RODOLFO VALENCIA;ACT-C-14-RODOLFO V-G4- RECORDAR ES VIVIR
14;Alfonso Bonilla Aragón;Urbana;CANCHA DE FUTBOL CANEY;CRA 26S  # 75 - 77;FUNCIONAL;Lunes;;;;;;;8:30.am;9:30.am;;;No aplica;ActivaMente;JOSE GUTIERREZ;ACT-C-17-JOSE G-G8-GRUPO CANEY
14;Alfonso Bonilla Aragón;Urbana;CANCHA MULTIPLE  (EL CAI);K 28  # 102 -00;FUNCIONAL;;;Miercoles;;Viernes;;;7:00.am-7:00.am;8:00.am-8:00.am;;;No aplica;ActivaMente;JUAN GIRALDO;ACT-C-17-JUAN G-G3- FANCASU
14;Alirio Mora Beltran;Urbana;Fundación Hogar del Anciano Cristo Señor de la Vida;Cra 26 H2  # 73B - 11;FUNCIONAL;;;Miercoles;;Viernes;;;10:00.am-10:00.am;11:00.am-11:00.am;;;No aplica;ActivaMente;LIZETH HERNANDEZ;ACT-C14-LIZETH.H-G03-CRISTO SEÑOR DE LA VIDA
14;Puerta del Sol;Urbana;PLAZOLETA PUERTAS DEL SOL I, FRENTE A LA ESTACION DE POLICIA;CARRERA 26c, CALLE 84;FUNCIONAL;;;;Jueves;;;;8:30.am;9:30.am;;;No aplica;ActivaMente;LIZETH HERNANDEZ;ACT-C14-LIZETH.H-G04-AGUILAS DORADAS
14;Manuela Beltran;Urbana;Polideportivo Manuela  Beltran;C 116 CON K 26Q - 17;FUNCIONAL;;;;Jueves;;;;7:00.am;8:00.am;;;No aplica;ActivaMente;ANGELICA PALACIOS;ACT-FUN-C14-AMIGOS DE CORAZON-ANGELICA P- G6
14;Manuela Beltran;Urbana;Polideportivo Manuela  Beltran;C 116 CON K 26Q - 17;FUNCIONAL;;;;;Viernes;;;7:00.am;8:00.am;;;No aplica;ActivaMente;ANGELICA PALACIOS;ACT-FUN-C14-BELLO AMANECER-ANGELICA P-G7
14;Manuela Beltran;Urbana;PARQUE RECREATIVO NUESTRA SEÑORA DE AGUABLANCA;Carrera 26 i  # 110 - 00;FUNCIONAL;;Martes;;;;;;7:00.am;8:00.am;;;No aplica;ActivaMente;ANGELICA PALACIOS;ACT-FUN-C14-BELLO DESPESTAR-ANGELICA P-G4
14;Alfonso Bonilla Aragón;Urbana;PARQUE RECREATIVO LA CANDELARIA;K 27B  # 789 - 00;FUNCIONAL;Lunes;;;;;;;8:10.pm;9:10.am;;;No aplica;ActivaMente;CLARA PEDROZA;ACT-FUN-C14-CLARA P-G2-AMANECER CON DIOS
14;Alfonso Bonilla Aragón;Urbana;Polideportivo Gabirela Mistral;Carrera 27d con calle 94;FUNCIONAL;;Martes;;Jueves;;;;8:10.am-8:10.am;9:10.am-9:10.am;;;No aplica;ActivaMente;CLARA PEDROZA;ACT-FUN-C14-CLARA P-G3-CAMINADO CON CRISTO
14;Los Naranjos I;Urbana;POLIDEPORTIVO LOS NARANJOS I;K 26G3 # 77 - 00;FUNCIONAL;;Martes;;Jueves;;;;7:00.am-7:00.am;8:00.am-8:00.am;;;No aplica;ActivaMente;CLARA PEDROZA;ACT-FUN-C14-CLARA P-G4-BELLO ENVEJECER
14;Alfonso Bonilla Aragón;Urbana;CANCHA DE FUTBOL SECTOR EL CANEY;CRA 26S Y 26U CLL 75 Y 77;FUNCIONAL;;;Miercoles;;Viernes;;;8:20.am-8:20.pm;10:00.am-10:00.am;;;No aplica;ActivaMente;CLARA PEDROZA;ACT-FUN-C14-CLARA P-G6-EL BUEN CIUDADANO
14;Alfonso Bonilla Aragón;Urbana;Cancha de futbol la Libertad;K 27B  # 86 - 90;FUNCIONAL;;;;;Viernes;;;7:00.am;8:00.am;;;No aplica;ActivaMente;CLARA PEDROZA;ACT-FUN-C14-CLARA P-G7-JARDÍN DE AMOR
14;José M. Marroquin I Etapa;Urbana;Cancha Multiple Y Pista De Patinaje - Marroquin I;Transversal 103 # 26P1 - 00;FUNCIONAL;;;Miercoles;;;;;6:50.am;7:50.am;;;No aplica;ActivaMente;CLARA PEDROZA;ACT-FUN-C14-CLARA PG5-JUAN PABLO II
14;Alfonso Bonilla Aragón;Urbana;Polideportivo Gabirela Mistral;Carrera 27d con calle 94;FUNCIONAL;Lunes;;Miercoles;;Viernes;;;7:00.pm-7:00.pm-7:00.pm;8:00.pm-8:00.pm-8:00.pm;;;No aplica;ActivaMente;JOHANNA DOMINGUEZ;ACT-FUN-C14-JOHANNA D-G1-PRINCESAS NOVITEÑAS 2
14;Puerta del Sol;Urbana;PLAZOLETA PUERTAS DEL SOL I, FRENTE A LA ESTACION DE POLICIA;CARRERA 26c, CALLE 84;FUNCIONAL;;Martes;;Jueves;;;;7:00.am-7:00.am;8:00.am-8:00.am;;;No aplica;ActivaMente;JOHANNA DOMINGUEZ;ACT-FUN-C14-JOHANNA D-G3-PRINCIPES Y PRINCESAS 6
14;José M. Marroquin II Etapa;Urbana;BOULEVARD DEL ORIENTE. P. JAGUAR;Transversal 103 con Carrera 26 P Jaguar;FUNCIONAL;;Martes;;Jueves;;;;7:30.pm-7:30.pm;8:30.pm-8:30.pm;;;No aplica;ActivaMente;JOHANNA DOMINGUEZ;ACT-FUN-C14-JOHANNA D-G4-PRINCIPES Y PRINCESAS 7
14;Manuela Beltran;Urbana;PARQUE RECREATIVO NUESTRA SEÑORA DE AGUABLANCA;Carrera 26 i  # 110 - 00;FUNCIONAL;;Martes;;;;;;7:00.am;8:00.am;;;No aplica;ActivaMente;ANGELICA PALACIOS;ACT-FUN-C14-MIS MEJORES AÑOS-ANGELICA P-G5
14;Manuela Beltran;Urbana;PARQUE RECREATIVO NUESTRA SEÑORA DE AGUABLANCA;Carrera 26 i  # 110 - 00;FUNCIONAL;;Martes;;;;;;7:00.am;8:00.am;;;No aplica;ActivaMente;ANGELICA PALACIOS;ACT-FUN-C14-MUJERES DE GLORIA HOMBRES DE HONOR-ANGELICA P-G3
14;Puerta del Sol;Urbana;PLAZOLETA PUERTAS DEL SOL I, FRENTE A LA ESTACION DE POLICIA;CARRERA 26c, CALLE 84;FUNCIONAL;Lunes;;Miercoles;;Viernes;;;7:00.am-7:00.am-7:00.am;8:00.am-8:00.am-8:00.am;;;No aplica;ActivaMente;ANGELICA PALACIOS;ACT-FUN-C14-NOVITEÑAS 6-ANGELICA P-G1
14;Alfonso Bonilla Aragón;Urbana;BULEVAR DE ORIENTE;CALLE 73;FUNCIONAL;;;;Jueves;Viernes;;;7:30.am-7:30.am;8:30.am-8:30.am;;;No aplica;ActivaMente;ARLEY LUCUMI;ACT-FUNCIONAL-C14-BULEVAR-ARLEY LUCUMI-G03
14;José M. Marroquin II Etapa;Urbana;BULEVAR DE ORIENTE;Cl. 80 #26p-4;FUNCIONAL;;Martes;Miercoles;;;;;7:00.am-7:00.am;8:00.am-8:00.am;;;No aplica;ActivaMente;ARLEY LUCUMI;ACT-FUNCIONAL-C14-MANANTIAL-ARLEY LOCUMI
14;Alfonso Bonilla Aragón;Urbana;BOULEVAR DEL ORIENTE. CALLE 73;CALLE 73 DIAGONAL 26M-53;FUNCIONAL;;;;;Viernes;;;7:00.am;8:00.am;;;No aplica;ActivaMente;ARLEY LUCUMI;ACT-FUNCIONAL-C14-NUEVA TIERRA-ARLEY LUCUMI-G05
14;Alfonso Bonilla Aragón;Urbana;CANCHA CHANEY;K 26U  C 76;FUNCIONAL;;;;Jueves;;;;7:00.am;8:00.am;;;No aplica;ActivaMente;ARLEY LUCUMI;ACT-FUNCIONAL-C14-NUEVA VIDA-ARLEY LUCUMI-G04
14;Puerta del Sol;Urbana;Caseta comunal B/ Puertas del Sol;C 84 # 26C - 00;FUNCIONAL;Lunes;;;;Viernes;;;8:15.am-8:15.am;9:15.am-9:15.am;;;No aplica;ActivaMente;ARLEY LUCUMI;ACT-FUNCIONAL-C14-TERCERA OPORTUNIDAD-ARLEY LUCOMI-G01
14;Alfonso Bonilla Aragón;Urbana;CANCHA MULTIPLE  (EL CAI);K 28  # 102 -00;FUNCIONAL;Lunes;;Miercoles;;;;;7:00.am-7:00.am;8:00.am-8:00.am;;;No aplica;ActivaMente;HECTOR BOLAÑOS;ACT-FUNCIONAL-C6-LINDOS CORAZONES-G05
14;Alfonso Bonilla Aragón;Urbana;POLIDEPORTIVO GABRIELA MISTRAL;Carrera 27D  # 95 - 97;FUNCIONAL;Lunes;;Miercoles;;Viernes;;;7:00.am-7:00.am-7:00.am;8:00.am-8:00.am-8:00.am;;;No aplica;ActivaMente;ROBERT QUIÑONEZ;ACT. FUN. C14. NOVITEÑAS 2.JOHANNA DOMÍNGUEZ
14;Alfonso Bonilla Aragón;Urbana;Polideportivo Gabirela Mistral;Carrera 27d con calle 94;FUNCIONAL;Lunes;;Miercoles;;Viernes;;;7:00.am-7:00.am-7:00.am;8:00.am-8:00.am-8:00.am;;;No aplica;ActivaMente;ROBERT QUIÑONEZ;ACT. FUN. C14. NOVITEÑAS 4.JOHANNA DOMÍNGUEZ
14;José M. Marroquin I Etapa;Urbana;Cancha Multiple Y Pista De Patinaje - Marroquin I;Transversal 103 # 26P1 - 00;FUNCIONAL;Lunes;;;Jueves;;;;7:00.am-7:00.am;8:00.am-8:00.am;;;No aplica;ActivaMente;LIZETH HERNANDEZ;ACT.C14.LIZETH.H.G02 - PRINCIPES Y PRINCESAS NOVITEÑAS 3
14;Alfonso Bonilla Aragón;Urbana;CANCHA MULTIPLE  (EL CAI);K 28  # 102 -00;FUNCIONAL;Lunes;;;;;;;7:00.am;8:00.am;;;No aplica;ActivaMente;MIGUEL CARDENAS;ACT.FUN.C.13.FLOR DE LA CANELA
14;Los Naranjos I;Urbana;PARQUE LOS NARANJOS 1;Carrera 26g1 # 77-22;FUNCIONAL;;;Miercoles;;;;;7:00.am;8:00.am;;;No aplica;ActivaMente;CARLOS LARA;ACT.FUN.C.14.AZUCAR
14;Alfonso Bonilla Aragón;Urbana;BOULEVAR DEL ORIENTE. CALLE 73;CALLE 73 DIAGONAL 26M-53;FUNCIONAL;Lunes;Martes;;;;;;7:00.am-7:00.am;8:00.am-8:00.am;;;No aplica;ActivaMente;CARLOS LARA;ACT.FUN.C.14.CANITAS FELICES
14;Alfonso Bonilla Aragón;Urbana;CANCHA MULTIPLE BONILLA ARAGON;C 80 CON 28D;FUNCIONAL;;Martes;;;;;;8:00.am;9:00.am;;;No aplica;ActivaMente;CARLOS LARA;ACT.FUN.C.14.JUAN PABLO II
14;José M. Marroquin II Etapa;Urbana;Polideportivo Marroquin II;Transversal 87 # 26I2 - 00;FUNCIONAL;Lunes;;;;Viernes;;;8:00.am-7:00.am;9:00.am-8:00.am;;;No aplica;ActivaMente;CARLOS LARA;ACT.FUN.C.14.LA GUADALUPANAS
14;Alfonso Bonilla Aragón;Urbana;CANCHA MULTIPLE  (EL CAI);K 28  # 102 -00;FUNCIONAL;;Martes;;Jueves;;;;7:45.am-7:45.am;8:45.am-8:45.am;;;No aplica;ActivaMente;RAFAEL RUIZ;GO3-RAFAEL RUIZ-GRUPO LILICANTO1-C17-FUNC
14;Alfonso Bonilla Aragón;Urbana;CANCHA MULTIPLE  (EL CAI);K 28  # 102 -00;FUNCIONAL;;;;Jueves;;;;9:45.am;10:45.am;;;No aplica;ActivaMente;RAFAEL RUIZ;GO4-RAFAEL RUIZ-GRUPO LILICANTO2-C17-FUNC
14;José M. Marroquin I Etapa;Urbana;CANCHA LOS MANGOS;transversal 101 con DG 26p y 26p1;acondicionamiento fisico;;;Miercoles;;Viernes;;;7:00.am-7:00.am;8:00.am-8:00.am;;;No aplica;Carreras y Caminatas;JHON VILLA;CLINICA VERSALLES
14;Alfonso Bonilla Aragón;Urbana;I. E CIUDADELA NUEVO LATIR- CIUDADELA EDUCATIVA ISAIAS DUARTE CANCINO;1424;RECREO DEPORTIVO;;;Miercoles;;;;;7:40AM;8:40am;;;No aplica;Deporte Escolar;DIEGO IDROBO;1845
14;Alfonso Bonilla Aragón;Urbana;I. E CIUDADELA NUEVO LATIR- CIUDADELA EDUCATIVA ISAIAS DUARTE CANCINO;1425;RECREO DEPORTIVO;;;;Jueves;;;;7:40AM;8:40am;;;No aplica;Deporte Escolar;JIMMY SANCHEZ;1846
14;Alfonso Bonilla Aragón;Urbana;I. E CIUDADELA NUEVO LATIR- CIUDADELA EDUCATIVA ISAIAS DUARTE CANCINO;1426;RECREO DEPORTIVO;;Martes;;;;;;9:10AM;10:10am;;;No aplica;Deporte Escolar;DIEGO IDROBO;1847
14;Alfonso Bonilla Aragón;Urbana;I. E CIUDADELA NUEVO LATIR- CIUDADELA EDUCATIVA ISAIAS DUARTE CANCINO;1427;RECREO DEPORTIVO;;Martes;;;;;;9:10AM;10:10am;;;No aplica;Deporte Escolar;DIEGO IDROBO;1848
14;Alfonso Bonilla Aragón;Urbana;I. E CIUDADELA NUEVO LATIR- CIUDADELA EDUCATIVA ISAIAS DUARTE CANCINO;1428;RECREO DEPORTIVO;;;;Jueves;;;;9:10AM;10:10am;;;No aplica;Deporte Escolar;DIEGO IDROBO;1849
14;Alfonso Bonilla Aragón;Urbana;I. E CIUDADELA NUEVO LATIR- CIUDADELA EDUCATIVA ISAIAS DUARTE CANCINO;1429;RECREO DEPORTIVO;;;;;Viernes;;;9:10AM;10:10am;;;No aplica;Deporte Escolar;DIEGO IDROBO;1850
14;Alfonso Bonilla Aragón;Urbana;I. E CIUDADELA NUEVO LATIR- CIUDADELA EDUCATIVA ISAIAS DUARTE CANCINO;1430;RECREO DEPORTIVO;;Martes;;;;;;10:45AM;11:45am;;;No aplica;Deporte Escolar;DIEGO IDROBO;1851
14;Alfonso Bonilla Aragón;Urbana;I. E CIUDADELA NUEVO LATIR- CIUDADELA EDUCATIVA ISAIAS DUARTE CANCINO;1431;RECREO DEPORTIVO;;;Miercoles;;;;;10:45AM;11:45am;;;No aplica;Deporte Escolar;DIEGO IDROBO;1852
14;Alfonso Bonilla Aragón;Urbana;I. E CIUDADELA NUEVO LATIR- CIUDADELA EDUCATIVA ISAIAS DUARTE CANCINO;1432;RECREO DEPORTIVO;;;;Jueves;;;;10:45AM;11:45am;;;No aplica;Deporte Escolar;DIEGO IDROBO;1853
14;Alfonso Bonilla Aragón;Urbana;I. E CIUDADELA NUEVO LATIR- CIUDADELA EDUCATIVA ISAIAS DUARTE CANCINO;1433;RECREO DEPORTIVO;;;;;Viernes;;;10:45AM;11:45am;;;No aplica;Deporte Escolar;DIEGO IDROBO;1854
14;José M. Marroquin II Etapa;Urbana;I.E MONSEÑOR RAMON ARCILA- RAUL SILVA HOLGUIN;1434;RECREO DEPORTIVO;;Martes;;;;;;8:00AM;9:00am;;;No aplica;Deporte Escolar;MARÍA VILLAFAÑE;1855
14;José M. Marroquin II Etapa;Urbana;I.E MONSEÑOR RAMON ARCILA- RAUL SILVA HOLGUIN;1435;RECREO DEPORTIVO;;;Miercoles;;;;;9:00AM;9:50am;;;No aplica;Deporte Escolar;MARÍA VILLAFAÑE;1856
14;José M. Marroquin II Etapa;Urbana;I.E MONSEÑOR RAMON ARCILA- RAUL SILVA HOLGUIN;1436;RECREO DEPORTIVO;;Martes;;;;;;10:35AM;11:45am;;;No aplica;Deporte Escolar;MARÍA VILLAFAÑE;1857
14;José M. Marroquin II Etapa;Urbana;I.E MONSEÑOR RAMON ARCILA- RAUL SILVA HOLGUIN;1437;RECREO DEPORTIVO;;;Miercoles;;;;;8:00AM;9:00am;;;No aplica;Deporte Escolar;MARÍA VILLAFAÑE;1858
14;Alfonso Bonilla Aragón;Urbana;I. E CIUDADELA NUEVO LATIR- SEDE PRINCIPAL CIUDADELA NUEVO LATIR;1438;RECREO DEPORTIVO;;Martes;;;;;;9:20AM;10:15am;;;No aplica;Deporte Escolar;JOSÉ MONTENEGRO;1859
14;Alfonso Bonilla Aragón;Urbana;I. E CIUDADELA NUEVO LATIR- SEDE PRINCIPAL CIUDADELA NUEVO LATIR;1439;RECREO DEPORTIVO;;Martes;;;;;;10:15AM;11:10am;;;No aplica;Deporte Escolar;JOSÉ MONTENEGRO;1860
14;Alfonso Bonilla Aragón;Urbana;I. E CIUDADELA NUEVO LATIR- SEDE PRINCIPAL CIUDADELA NUEVO LATIR;1440;RECREO DEPORTIVO;;Martes;;;;;;10:15AM;11:10am;;;No aplica;Deporte Escolar;JOSÉ MONTENEGRO;1861
14;Alfonso Bonilla Aragón;Urbana;I. E CIUDADELA NUEVO LATIR- SEDE PRINCIPAL CIUDADELA NUEVO LATIR;1441;RECREO DEPORTIVO;;Martes;;;;;;11:10AM;12:00pm;;;No aplica;Deporte Escolar;JOSÉ MONTENEGRO;1862
14;Alfonso Bonilla Aragón;Urbana;I. E CIUDADELA NUEVO LATIR- SEDE PRINCIPAL CIUDADELA NUEVO LATIR;1442;RECREO DEPORTIVO;;;Miercoles;;;;;9:20AM;10:15am;;;No aplica;Deporte Escolar;JOSÉ MONTENEGRO;1863
14;Alfonso Bonilla Aragón;Urbana;I. E CIUDADELA NUEVO LATIR- SEDE PRINCIPAL CIUDADELA NUEVO LATIR;1443;RECREO DEPORTIVO;;;Miercoles;;;;;10:15AM;11:10am;;;No aplica;Deporte Escolar;JOSÉ MONTENEGRO;1864
14;Alfonso Bonilla Aragón;Urbana;I. E CIUDADELA NUEVO LATIR- SEDE PRINCIPAL CIUDADELA NUEVO LATIR;1444;RECREO DEPORTIVO;;;Miercoles;;;;;11:10AM;12:00pm;;;No aplica;Deporte Escolar;JOSÉ MONTENEGRO;1865
14;Alfonso Bonilla Aragón;Urbana;I. E CIUDADELA NUEVO LATIR- SEDE PRINCIPAL CIUDADELA NUEVO LATIR;1445;RECREO DEPORTIVO;;;;Jueves;;;;9:20AM;10:15am;;;No aplica;Deporte Escolar;JOSÉ MONTENEGRO;1866
14;Alfonso Bonilla Aragón;Urbana;I. E CIUDADELA NUEVO LATIR- SEDE PRINCIPAL CIUDADELA NUEVO LATIR;1446;RECREO DEPORTIVO;;;;Jueves;;;;10:15AM;11:10am;;;No aplica;Deporte Escolar;JOSÉ MONTENEGRO;1867
14;Alfonso Bonilla Aragón;Urbana;I. E CIUDADELA NUEVO LATIR- SEDE PRINCIPAL CIUDADELA NUEVO LATIR;1447;RECREO DEPORTIVO;;;;Jueves;;;;11:10AM;12:00pm;;;No aplica;Deporte Escolar;JOSÉ MONTENEGRO;1868
14;Alfonso Bonilla Aragón;Urbana;I. E CIUDADELA NUEVO LATIR- SEDE PRINCIPAL CIUDADELA NUEVO LATIR;1448;RECREO DEPORTIVO;;;;Jueves;;;;11:10AM;12:00pm;;;No aplica;Deporte Escolar;JOSÉ MONTENEGRO;1869
14;Alfonso Bonilla Aragón;Urbana;I. E CIUDADELA NUEVO LATIR- SEDE PRINCIPAL CIUDADELA NUEVO LATIR;1449;RECREO DEPORTIVO;Lunes;;;;;;;7:55PM;9:55pm;;;No aplica;Deporte Escolar;DEIMER VASQUEZ;1870
14;Alfonso Bonilla Aragón;Urbana;I. E CIUDADELA NUEVO LATIR- SEDE PRINCIPAL CIUDADELA NUEVO LATIR;1450;RECREO DEPORTIVO;Lunes;;;;;;;10:00AM;11:00am;;;No aplica;Deporte Escolar;DEIMER VASQUEZ;1871
14;Alfonso Bonilla Aragón;Urbana;I. E CIUDADELA NUEVO LATIR- SEDE PRINCIPAL CIUDADELA NUEVO LATIR;1451;RECREO DEPORTIVO;Lunes;;;;;;;11:00AM;12:00pm;;;No aplica;Deporte Escolar;DEIMER VASQUEZ;1872
14;Alfonso Bonilla Aragón;Urbana;I. E CIUDADELA NUEVO LATIR- SEDE PRINCIPAL CIUDADELA NUEVO LATIR;1452;RECREO DEPORTIVO;;Martes;;;;;;7:00PM;8:00pm;;;No aplica;Deporte Escolar;DEIMER VASQUEZ;1873
14;Alfonso Bonilla Aragón;Urbana;I. E CIUDADELA NUEVO LATIR- SEDE PRINCIPAL CIUDADELA NUEVO LATIR;1453;RECREO DEPORTIVO;;Martes;;;;;;8:05PM;9:15pm;;;No aplica;Deporte Escolar;DEIMER VASQUEZ;1874
14;Alfonso Bonilla Aragón;Urbana;I. E CIUDADELA NUEVO LATIR- SEDE PRINCIPAL CIUDADELA NUEVO LATIR;1454;RECREO DEPORTIVO;;Martes;;;;;;9:20AM;11:10am;;;No aplica;Deporte Escolar;DEIMER VASQUEZ;1875
14;Alfonso Bonilla Aragón;Urbana;I. E CIUDADELA NUEVO LATIR- SEDE PRINCIPAL CIUDADELA NUEVO LATIR;1455;RECREO DEPORTIVO;;;Miercoles;;;;;7:00AM;8:00am;;;No aplica;Deporte Escolar;DEIMER VASQUEZ;1876
14;Alfonso Bonilla Aragón;Urbana;I. E CIUDADELA NUEVO LATIR- SEDE PRINCIPAL CIUDADELA NUEVO LATIR;1456;RECREO DEPORTIVO;;;Miercoles;;;;;8:00AM;9:00am;;;No aplica;Deporte Escolar;DEIMER VASQUEZ;1877
14;Alfonso Bonilla Aragón;Urbana;I. E CIUDADELA NUEVO LATIR- SEDE PRINCIPAL CIUDADELA NUEVO LATIR;1457;RECREO DEPORTIVO;;;Miercoles;;;;;9:20AM;10:20am;;;No aplica;Deporte Escolar;DEIMER VASQUEZ;1878
14;Alfonso Bonilla Aragón;Urbana;I. E CIUDADELA NUEVO LATIR- SEDE PRINCIPAL CIUDADELA NUEVO LATIR;1458;RECREO DEPORTIVO;;;Miercoles;;;;;11:00AM;12:00pm;;;No aplica;Deporte Escolar;DEIMER VASQUEZ;1879
14;Alfonso Bonilla Aragón;Urbana;I. E CIUDADELA NUEVO LATIR- SEDE PRINCIPAL CIUDADELA NUEVO LATIR;1459;RECREO DEPORTIVO;;;Miercoles;;;;;11:00AM;12:00pm;;;No aplica;Deporte Escolar;DEIMER VASQUEZ;1880
14;Alfonso Bonilla Aragón;Urbana;I. E CIUDADELA NUEVO LATIR- CDI ISAÍAS DUARTE CANCINO(LUDOTECAS);1460;RECREO DEPORTIVO;;Martes;;;;;;9:10AM;10:10pm;;;No aplica;Deporte Escolar;MARIA NATERA;1881
14;Alfonso Bonilla Aragón;Urbana;I. E CIUDADELA NUEVO LATIR- CDI ISAÍAS DUARTE CANCINO(LUDOTECAS);1461;RECREO DEPORTIVO;;;Miercoles;;;;;9:10AM;10:10pm;;;No aplica;Deporte Escolar;MARIA NATERA;1882
14;Alfonso Bonilla Aragón;Urbana;I. E CIUDADELA NUEVO LATIR- CDI ISAÍAS DUARTE CANCINO(LUDOTECAS);1462;RECREO DEPORTIVO;;;;Jueves;;;;9:10AM;10:10pm;;;No aplica;Deporte Escolar;MARIA NATERA;1883
14;Alfonso Bonilla Aragón;Urbana;I. E CIUDADELA NUEVO LATIR- CDI ISAÍAS DUARTE CANCINO(LUDOTECAS);1463;RECREO DEPORTIVO;;;;;Viernes;;;9:10AM;10:10am;;;No aplica;Deporte Escolar;MARIA NATERA;1884
14;Alfonso Bonilla Aragón;Urbana;I. E CIUDADELA NUEVO LATIR- CDI ISAÍAS DUARTE CANCINO(LUDOTECAS);1464;RECREO DEPORTIVO;;Martes;;;;;;10:45AM;11:45pm;;;No aplica;Deporte Escolar;MARIA NATERA;1885
14;Alfonso Bonilla Aragón;Urbana;I. E CIUDADELA NUEVO LATIR- CDI ISAÍAS DUARTE CANCINO(LUDOTECAS);1465;RECREO DEPORTIVO;;;Miercoles;;;;;10:45AM;11:45pm;;;No aplica;Deporte Escolar;MARIA NATERA;1886
14;Alfonso Bonilla Aragón;Urbana;I. E CIUDADELA NUEVO LATIR- CDI ISAÍAS DUARTE CANCINO(LUDOTECAS);1466;RECREO DEPORTIVO;;;;Jueves;;;;10:45PM;11:45am;;;No aplica;Deporte Escolar;MARIA NATERA;1887
14;Alfonso Bonilla Aragón;Urbana;I. E CIUDADELA NUEVO LATIR- CDI ISAÍAS DUARTE CANCINO(LUDOTECAS);1467;RECREO DEPORTIVO;;;;;Viernes;;;10:45AM;11:45am;;;No aplica;Deporte Escolar;MARIA NATERA;1888
14;Alfonso Bonilla Aragón;Urbana;I. E CIUDADELA NUEVO LATIR- CDI ISAÍAS DUARTE CANCINO(LUDOTECAS);1468;RECREO DEPORTIVO;;;;Jueves;;;;11:45AM;12:30am;;;No aplica;Deporte Escolar;MARIA NATERA;1889
14;Alfonso Bonilla Aragón;Urbana;I. E CIUDADELA NUEVO LATIR- CDI ISAÍAS DUARTE CANCINO(LUDOTECAS);1469;RECREO DEPORTIVO;;;;;Viernes;;;11:45AM;12:30am;;;No aplica;Deporte Escolar;MARIA NATERA;1890
14;Alfonso Bonilla Aragón;Urbana;I. E CIUDADELA NUEVO LATIR- CIUDADELA EDUCATIVA ISAIAS DUARTE CANCINO;1503;RECREO DEPORTIVO;;;;Jueves;;;;10:45AM;11:45am;;;No aplica;Deporte Escolar;DIEGO IDROBO;1924
14;Alfonso Bonilla Aragón;Urbana;I. E CIUDADELA NUEVO LATIR- CIUDADELA EDUCATIVA ISAIAS DUARTE CANCINO;1504;RECREO DEPORTIVO;;Martes;;;;;;10:45AM;11:45am;;;No aplica;Deporte Escolar;DIEGO IDROBO;1925
14;Alfonso Bonilla Aragón;Urbana;I. E CIUDADELA NUEVO LATIR- SEDE PRINCIPAL CIUDADELA NUEVO LATIR;1517;RECREO DEPORTIVO;;;;;Viernes;;;9:20AM;10:15pm;;;No aplica;Deporte Escolar;JOSÉ MONTENEGRO;1938
14;José M. Marroquin II Etapa;Urbana;I.E MONSEÑOR RAMON ARCILA- RAUL SILVA HOLGUIN;1518;RECREO DEPORTIVO;;;Miercoles;;;;;9:50AM;10:50am;;;No aplica;Deporte Escolar;MARÍA VILLAFAÑE;1939
14;José M. Marroquin II Etapa;Urbana;I.E MONSEÑOR RAMON ARCILA- RAUL SILVA HOLGUIN;1519;RECREO DEPORTIVO;;;Miercoles;;;;;10:50AM;11:50am;;;No aplica;Deporte Escolar;MARÍA VILLAFAÑE;1940
14;José M. Marroquin II Etapa;Urbana;I.E MONSEÑOR RAMON ARCILA- RAUL SILVA HOLGUIN;1520;RECREO DEPORTIVO;;;;Jueves;;;;8:30AM;9:30am;;;No aplica;Deporte Escolar;MARÍA VILLAFAÑE;1941
14;José M. Marroquin II Etapa;Urbana;I.E MONSEÑOR RAMON ARCILA- RAUL SILVA HOLGUIN;1521;RECREO DEPORTIVO;;;;Jueves;;;;9:50AM;10:50am;;;No aplica;Deporte Escolar;MARÍA VILLAFAÑE;1942
14;José M. Marroquin II Etapa;Urbana;I.E MONSEÑOR RAMON ARCILA- RAUL SILVA HOLGUIN;1522;RECREO DEPORTIVO;;;;Jueves;;;;10:50AM;11:50am;;;No aplica;Deporte Escolar;MARÍA VILLAFAÑE;1943
14;José M. Marroquin II Etapa;Urbana;I.E MONSEÑOR RAMON ARCILA- RAUL SILVA HOLGUIN;1523;RECREO DEPORTIVO;;;;;Viernes;;;8:30AM;9:30am;;;No aplica;Deporte Escolar;MARÍA VILLAFAÑE;1944
14;José M. Marroquin II Etapa;Urbana;I.E MONSEÑOR RAMON ARCILA- RAUL SILVA HOLGUIN;1524;RECREO DEPORTIVO;;;;;Viernes;;;9:50AM;10:50am;;;No aplica;Deporte Escolar;MARÍA VILLAFAÑE;1945
14;José M. Marroquin II Etapa;Urbana;I.E MONSEÑOR RAMON ARCILA- RAUL SILVA HOLGUIN;1525;RECREO DEPORTIVO;;;;;Viernes;;;10:50AM;11:50am;;;No aplica;Deporte Escolar;MARÍA VILLAFAÑE;1946
14;Alfonso Bonilla Aragón;Urbana;Colegio Nuevo Latir ;C 76  # 28-20;LEVANTAMIENTO PESAS;Lunes;Martes;Miercoles;Jueves;Viernes;;;2:30.pm-2:30.pm-2:30.pm-2:30.pm-2:30.pm;4:30.pm-4:30.pm-4:30.pm-4:30.pm-4:30.pm;;;No aplica;Desafio Elite;DIEGO ROMERO;CE-LEVANTAMIENTO DE PESAS-C14-DIEGO FERNANDO ROMERO-G02
14;Puerta del Sol;Urbana;PARQUE SAN MARCOS;CALLE 84 # 26G3-11;SESIONES LUDICOPEDAGOGICAS;;;;Jueves;;;;5:00.pm;6:30.pm;;;No aplica;Poblacion y Etnias;THANIA MURILLO;PYE - VICTIMAS - C14 - G02 - THANIA MURILLO
14;Puerta del Sol;Urbana;FUNDACION REVIDA;DIAGONAL 109 # 26G3 - 11;SESIONES LUDICOPEDAGOGICAS;;;;;;Sabado;;8:00.am;9:30.am;;;No aplica;Poblacion y Etnias;THANIA MURILLO;PYE - VICTIMAS G3- REVIDA NIÑOS - THANIA MURILLO
14;Alirio Mora Beltran;Urbana;Institución Educativa La Anunciación;Carrera 26 # 74-00;SESIONES LUDICOPEDAGOGICAS;;;;Jueves;;;;7:00.am;9:00.am;;;No aplica;Poblacion y Etnias;JOHN OBANDO;PYE-AFROS.SESIÓN LÚDICA - ANUNCIACIÓN
14;Alirio Mora Beltran;Urbana;Institución Educativa La Anunciación;Carrera 26 # 74-00;SESIONES LUDICOPEDAGOGICAS;;;Miercoles;;;;;9:30.am;12:00.pm;;;No aplica;Poblacion y Etnias;EKENER VIVAS;PYE-AFROS.SESIÓN LÚDICA - ANUNCIACION - PUERTAS DEL SOL
14;Alirio Mora Beltran;Urbana;Institución Educativa La Anunciación;Carrera 26 # 74-00;SESIONES LUDICOPEDAGOGICAS;;;;;Viernes;;;2:00.pm;5:00.pm;;;No aplica;Poblacion y Etnias;EKENER VIVAS;PYE-AFROS.SESIÓN LÚDICA - ANUNCIACION LOS NARANJOS
14;Alirio Mora Beltran;Urbana;Institución Educativa La Anunciación;Carrera 26 # 74-00;SESIONES LUDICOPEDAGOGICAS;;Martes;;;;;;9:00.am;12:00.pm;;;No aplica;Poblacion y Etnias;MARIA SALAZAR;PYE-AFROS.SESIÓN LÚDICA ANUNCIACIÓN - MARROQUIN II
14;Puerta del Sol;Urbana;casa palenque arrullos del canalete;carrera 26c1 # 94-58;SESIONES LUDICOPEDAGOGICAS;;;;;Viernes;;;9:00.am;10:30.am;;;No aplica;Poblacion y Etnias;KENIAL CORDOBA;PYE-AFROS.SESIÓN LÚDICA ARRULLOS DEL CANALETE
14;Puerta del Sol;Urbana;CASA PALENQUE SEMILLAS ANCESTRALES;Calle 88 # 26 g 23;SESIONES LUDICOPEDAGOGICAS;;;Miercoles;;;;;9:00.am;10:30.am;;;No aplica;Poblacion y Etnias;KENIAL CORDOBA;PYE-AFROS.SESIÓN LÚDICA CASA PALENQUE SEMILLITAS ANCESTRALES.
14;Alfonso Bonilla Aragón;Urbana;CASA PALENQUE CASA SOL NACIENTE;calle 84# 26- P 81;SESIONES LUDICOPEDAGOGICAS;;;;;Viernes;;;9:00.am;10:00.am;;;No aplica;Poblacion y Etnias;JOHN OBANDO;PYE-AFROS.SESIÓN LÚDICA CASA PALENQUE SOL NACIENTE
14;Alirio Mora Beltran;Urbana;CASA PALENQUE GUILLERMINA Y CANDELARIO;CL 80 # 26 C 20;SESIONES LUDICOPEDAGOGICAS;;;;Jueves;;;;9:00.am;10:00.am;;;No aplica;Poblacion y Etnias;JOHN OBANDO;PYE-AFROS.SESIÓN LÚDICA GUILLERMINA Y CANDELARIO
14;Alirio Mora Beltran;Urbana;casa palenque mar pacifico;carrera 26c # 77-61;SESIONES LUDICOPEDAGOGICAS;Lunes;;;;;;;9:00.am;10:30.am;;;No aplica;Poblacion y Etnias;KENIAL CORDOBA;PYE-AFROS.SESIÓN LÚDICA MAR PACIFICO
14;Puerta del Sol;Urbana;casa palenque raices del tamana;carrera 26g1 # 89-24;SESIONES LUDICOPEDAGOGICAS;;;;Jueves;;;;9:00.am;10:30.am;;;No aplica;Poblacion y Etnias;KENIAL CORDOBA;PYE-AFROS.SESIÓN LÚDICA RAICES DEL TAMANA
14;Los Naranjos I;Urbana;casa palenque el turin del pacifico;calle 80D # 26c-73;SESIONES LUDICOPEDAGOGICAS;;Martes;;;;;;9:00.am;10:30.am;;;No aplica;Poblacion y Etnias;KENIAL CORDOBA;PYE-AFROS.SESIÓN LÚDICA TURIN DEL PACIFICO
14;Puerta del Sol;Urbana;FUNREAMCALI (Fundacion de recuperadores ambientales de Cali);Calle 80 b # 26 - 65;SESIONES LUDICOPEDAGOGICAS;;Martes;;;;;;5:00.pm;7:00.pm;;;No aplica;Poblacion y Etnias;GUIDO CUELLAR;PYE-RECICLADORES-14-FUNREMCALI- GUIDO MAURCIO CUELLAR-G2
14;Puerta del Sol;Urbana;FUNDACION DE RECICLADORES DE CALIRECICLA;Calle 80 b # 26 - 65;SESIONES LUDICOPEDAGOGICAS;Lunes;;;;;;;5:00.pm;7:00.pm;;;No aplica;Poblacion y Etnias;GUIDO CUELLAR;PYE-RECICLADORES-21-CALIRECICLA- GUIDO MAURCIO CUELLAR-G1
14;Puerta del Sol;Urbana;PARQUE SAN MARCOS;CALLE 84 # 26G3-11;SESIONES LUDICOPEDAGOGICAS;;;;;Viernes;;;5:00.pm;6:30.am;;;No aplica;Poblacion y Etnias;THANIA MURILLO;PYE-VICTIMAS - C14 - SAN MARCOS - THANIA MURILLO
14;Puerta del Sol;Urbana;FUNDACION REVIDA;DIAGONAL 109 # 26G3 - 11;SESIONES LUDICOPEDAGOGICAS;;;;;;Sabado;;9:30.am;11:00.am;;;No aplica;Poblacion y Etnias;THANIA MURILLO;PYE-VICTIMAS- C14 -REVIDA ADULTOS - G04 - THANIA MURILLO
14;Las Orquídeas;Urbana;Parque las Orquideas;K 27F # 114-63;SESIONES LUDICOPEDAGOGICAS;;;Miercoles;;;;;4:30.pm;6:00.pm;;;No aplica;Poblacion y Etnias;JOSE RESTREPO;PYE-VICTIMAS- C14-ORQUIDEAS-ANTONIO RESTREPO-G02
14;Puerta del Sol;Urbana;FUNDACION ASOFAD;CARRERA 26B3 CON CALLE 112;SESIONES LUDICOPEDAGOGICAS;;;;;;Sabado;;2:00.pm;3:30.pm;;;No aplica;Poblacion y Etnias;HOLMES FIGUEROA;PYE-VICTIMAS-C15- ASOFAD - HOLMES DE FIGUEROA
14;Alfonso Bonilla Aragon;Urbana;PARQUE RECREATIVO LA CANDELARIA;K 27B # 789 00;FUTBOL;;;Miercoles;;;;;14:00:00; 16:00:00;;156;Base;Deporvida;VALENTINA , GOMEZ GOMEZ;-
14;Alfonso Bonilla Aragon;Urbana;FUNDACION CRISTIANA DE JOVENES (ACJ);K 27 # 86 24;VOLEIBOL;;;;Jueves;;;;10:00:00; 11:50:00;;3;Base;Deporvida;YEFER alberto CAÃ±IZALEZ MURILLO;-
14;Alfonso Bonilla Aragon;Urbana;FUNDACION CRISTIANA DE JOVENES (ACJ);K 27 # 86 24;VOLEIBOL;;;;Jueves;;;;14:00:00; 16:00:00;;366;Base;Deporvida;YEFER alberto CAÃ±IZALEZ MURILLO;-
14;Manuela Beltran;Urbana;CANCHAS MULTIPLES MANUELA BELTRAN ( LAS GEMELAS);K 26J 2 # 106 00;FUTBOL;Lunes;;Miercoles;;;;;16:30:00; 18:00:00;;88;Fundamentacion;Deporvida;FATIMA MONTAÃ‘O;-
14;Manuela Beltran;Urbana;CANCHAS MULTIPLES MANUELA BELTRAN ( LAS GEMELAS);K 26J 2 # 106 00;FUTBOL;Lunes;;Miercoles;;;;;18:05:00; 19:30:00;;90;Fundamentacion;Deporvida;FATIMA MONTAÃ‘O;-
14;Las Orquideas;Urbana;PARQUE FANALCA LAS ORQUIDEAS;K 27F # 114 63;FUTBOL;;;Miercoles;;Viernes;;;17:00:00; 18:30:00;;109;Irradiacion;Deporvida;ALFREDO  CAICEDO CASTILLO;-
14;Las Orquideas;Urbana;PARQUE FANALCA LAS ORQUIDEAS;K 27F # 114 63;FUTBOL;;;Miercoles;;Viernes;;;20:00:00; 21:30:00;;110;Fundamentacion;Deporvida;ALFREDO  CAICEDO CASTILLO;-
14;Manuela Beltran;Urbana;CANCHA DE FUTBOL 11 MANUELA BELTRAN II (LA COMUNA);K 26I # 116 00;FUTBOL;Lunes;;Miercoles;;;;;14:00:00; 15:30:00;;147;Irradiacion;Deporvida;ARNOL JAVIER BANGUERO APONZA;-
14;Manuela Beltran;Urbana;CANCHA DE FUTBOL 11 MANUELA BELTRAN II (LA COMUNA);K 26I # 116 00;FUTBOL;Lunes;;Miercoles;;;;;15:30:00; 17:00:00;;280;Irradiacion;Deporvida;ARNOL JAVIER BANGUERO APONZA;-
14;Manuela Beltran;Urbana;CANCHAS MULTIPLES MANUELA BELTRAN ( LAS GEMELAS);K 26J 2 # 106 00;FUTBOL;;Martes;;Jueves;;;;18:00:00; 19:30:00;;437;Fundamentacion;Deporvida;FATIMA MONTAÃ‘O;-
14;Manuela Beltran;Urbana;CANCHA  MULTIPLE LA BENDICION;C 105 # 26H 1 106;FUTBOL;Lunes;;Miercoles;;Viernes;;;14:30:00; 16:00:00;;467;Irradiacion;Deporvida;ANDERSON geoverti GONZALEZ PEREZ;-
14;Los Naranjos I;Urbana;PARQUE RECREATIVO LOS NARANJOS 1;C 75 # 26G 3 00;BALONCESTO;;Martes;;Jueves;;;;18:00:00; 19:30:00;;92;Irradiacion;Deporvida;FLOR  MELLIZO REBOLLEDO;-
14;Puerta del Sol;Urbana;Polideportivo Villa San Marcos;K 26G 2 # 96 99;BALONCESTO;Lunes;;Miercoles;;;;;18:00:00; 19:30:00;;126;Irradiacion;Deporvida;YABLEYDY meliza MINA VIVEROS;-
14;Jose M. Marroquin I Etapa;Urbana;Polideportivo Marroquin I;T 87 # 26P 3 00;BALONCESTO;;Martes;;Jueves;;;;18:00:00; 19:30:00;;127;Base;Deporvida;YABLEYDY meliza MINA VIVEROS;-
14;Puerta del Sol;Urbana;Polideportivo Villa San Marcos;K 26G 2 # 96 99;BOXEO;Lunes;;Miercoles;;;;;19:00:00; 20:30:00;;56;Irradiacion;Deporvida;NELSON ANDRES ARCE CIFUENTES;-
14;Puerta del Sol;Urbana;Polideportivo Villa San Marcos;K 26G 2 # 96 99;BOXEO;;Martes;;Jueves;;;;19:00:00; 20:30:00;;59;Apropiacion;Deporvida;NELSON ANDRES ARCE CIFUENTES;-
14;Puerta del Sol;Urbana;Polideportivo Villa San Marcos;K 26G 2 # 96 99;BOXEO;;;;;;Sabado;;15:00:00; 16:30:00;;62;Fundamentacion;Deporvida;NELSON ANDRES ARCE CIFUENTES;-
14;Puerta del Sol;Urbana;Polideportivo Villa San Marcos;K 26G 2 # 96 99;BOXEO;;;;;Viernes;;;19:00:00; 20:30:00;;62;Fundamentacion;Deporvida;NELSON ANDRES ARCE CIFUENTES;-
14;Puerta del Sol;Urbana;CANCHA MULTIPLE SAN MARCOS;K 26C # 87 89;FUTBOL SALA;Lunes;;Miercoles;;;;;15:30:00; 17:00:00;;60;Fundamentacion;Deporvida;VICTOR Hugo BERMUDEZ CARABALI;-
14;Puerta del Sol;Urbana;CANCHA MULTIPLE SAN MARCOS;K 26C # 87 89;FUTBOL SALA;;;Miercoles;;Viernes;;;7:30:00; 09:00:00;;64;Irradiacion;Deporvida;VICTOR Hugo BERMUDEZ CARABALI;-
14;Puerta del Sol;Urbana;Polideportivo Puertas Del Sol IV;KR 26D  DG 108;FUTBOL SALA;;Martes;;Jueves;;;;14:00:00; 15:30:00;;67;Fundamentacion;Deporvida;VICTOR Hugo BERMUDEZ CARABALI;-
14;Alfonso Bonilla Aragon;Urbana;Polideportivo Pilar Tayrona;K 28D # 85 15;FUTBOL SALA;;Martes;;Jueves;;;;14:00:00; 15:30:00;;108;Base;Deporvida;LUIS Javier ESPINOSA MOSQUERA;-
14;Los Naranjos II;Urbana;PARQUE RECREATIVO LOS NARANJOS II;K 26D # 80E 00;FUTBOL SALA;;;Miercoles;Jueves;;;;9:00:00; 10:30:00;;111;Irradiacion;Deporvida;ABRAHAM  RENTERIA CUESTA;-
14;Los Naranjos II;Urbana;PARQUE RECREATIVO LOS NARANJOS II;K 26D # 80E 00;FUTBOL SALA;;;Miercoles;Jueves;;;;14:00:00; 15:30:00;;112;Fundamentacion;Deporvida;TOMAS RUBEN CABEZAS SINISTERRA;-
14;Los Naranjos II;Urbana;PARQUE RECREATIVO LOS NARANJOS II;K 26D # 80E 00;FUTBOL SALA;;;Miercoles;Jueves;;;;9:00:00; 10:30:00;;113;Irradiacion;Deporvida;TOMAS RUBEN CABEZAS SINISTERRA;-
14;Alfonso Bonilla Aragon;Urbana;Polideportivo Pilar Tayrona;K 28D # 85 15;FUTBOL SALA;;Martes;;Jueves;;;;14:00:00; 15:30:00;;404;Irradiacion;Deporvida;LUIS Javier ESPINOSA MOSQUERA;-
14;Los Naranjos II;Urbana;COLISEO MULTIFUNCIONAL LOS NARANJOS II;T 103 # 80 84;FUTBOL SALA;;;Miercoles;Jueves;;;;15:30:00; 17:00:00;;438;Base;Deporvida;TOMAS RUBEN CABEZAS SINISTERRA;-
14;Alfonso Bonilla Aragon;Urbana;PARQUE RECREATIVO LA CANDELARIA;K 27B # 789 00;FUTBOL SALA;;;;Jueves;;;;9:00:00; 10:30:00;;442;Irradiacion;Deporvida;VALENTINA , GOMEZ GOMEZ;-
14;Alfonso Bonilla Aragon;Urbana;CANCHA MULTIPLE BONILLA NAAR;K 33 # 55A 00;FUTBOL SALA;;;Miercoles;;Viernes;;;7:30:00; 09:00:00;;459;Base;Deporvida;CRISTIAN orlando MARQUEZ CASTRILLON;-
14;Alfonso Bonilla Aragon;Urbana;CANCHA MULTIPLE BONILLA NAAR;K 33 # 55A 00;FUTBOL SALA;;;Miercoles;;Viernes;;;9:00:00; 10:30:00;;460;Base;Deporvida;CRISTIAN orlando MARQUEZ CASTRILLON;-
14;Manuela Beltran;Urbana;CANCHA  MULTIPLE LA BENDICION;C 105 # 26H 1 106;FUTBOL;Lunes;;Miercoles;;Viernes;;;16:00:00; 17:30:00;;225;Fundamentacion;Deporvida;ANDERSON geoverti GONZALEZ PEREZ;-
14;José M. Marroquin II Etapa;Urbana;SKATE PLAZA BULEVAR DEL ORIENTE;Cl. 80 #26p-4;ROLLER FREESTYLE;;;Miercoles;;Viernes;;;6:30.pm-6:30.pm;8:00.pm-8:00.pm;;;No aplica;Vertigo;CARLOS FEIJOO;VT-ROLLER FREESTYLE SKATEPARK-C15-CARLOS FEIJOO- BULEVAR DE ORIENTE-G03
14;José M. Marroquin II Etapa;Urbana;SKATE PLAZA BULEVAR DEL ORIENTE;Cl. 80 #26p-4;SKATEBOARDING;;Martes;;Jueves;;;;5:00.pm-5:00.pm;6:30.pm-6:30.pm;;;No aplica;Vertigo;MICHEL PERRY;VT-SKATEBOARDING-C15-MICHEL PERRY-G02
14;José M. Marroquin I Etapa;Urbana;GYM PUBLICO BULEVAR DE ORIENTE;103 con calle 96 hasta la calle 73 con transversal 73;STREET WORKOUT;;;;Jueves;Viernes;;;7:30.pm-7:30.pm;9:00.pm-9:00.pm;;;No aplica;Vertigo;JUAN TAVERA;VT-STREET WORKOUT-C15-JUAN TAVERA-BULEVAR DE ORIENTE-G01
15;Ciudad Cordoba;Urbana;POLIDEPORTIVO CIUDAD CORDOBA SEC 3A Y 3B;C 50  # 41E3 - 00;FUNCIONAL;Lunes;;Miercoles;;;;;7:00.am-7:00.am;8:00.am-8:00.am;;;No aplica;ActivaMente;JOHN QUIÑONEZ;ACT-C-15-JOHN Q-G1-GRUPO SUEÑOS FELICES
15;Llano Verde;Urbana;CANCHA DE FUTBOL LLANO VERDE LA PAZ;C 55C # 47 - 00;FUNCIONAL;;Martes;;;;;;7:00.am;8:00.am;;;No aplica;ActivaMente;JOHN QUIÑONEZ;ACT-C-15-JOHN Q-G2-GRUPO NIEVE DE LOS AÑOS
15;Llano Verde;Urbana;CANCHA SINTETICA DE FUTBOL LA PAZ DE LLANO VERDE;Calle 55C con Cra 49D;FUNCIONAL;;Martes;;;;;;7:00.am;8:00.am;;;No aplica;ActivaMente;JOHN QUIÑONEZ;ACT-C-15-JOHN Q-G3-GRUPO UNIDOS POR LA PAZ
15;Llano Verde;Urbana;CANCHA DE FUTBOL LLANO VERDE LA PAZ;C 55C # 47 - 00;FUNCIONAL;;Martes;;Jueves;;;;9:00.am-9:00.am;10:00.am-10:00.am;;;No aplica;ActivaMente;JOHN QUIÑONEZ;ACT-C-15-JOHN Q-G4-GRUPO FORTALEZA MAYOR
15;Vallado;Urbana;Unidad Recreativa El Vallado (Crp);K 41B # 54 - 55;FUNCIONAL;;Martes;Miercoles;;Viernes;;;9:00.am-9:00.am-9:00.am;10:00.am-10:00.am-10:00.am;;;No aplica;ActivaMente;JOHN QUIÑONEZ;ACT-C-15-JOHN Q-G5-GRUPO GRANDE EDADES
15;Llano Verde;Urbana;Parque Del Amor  Llano Verde;K 49I # 57 - 00;FUNCIONAL;;;Miercoles;Jueves;Viernes;;;7:00.am-7:00.am-7:00.am;8:00.am-8:00.am-8:00.am;;;No aplica;ActivaMente;JOHN QUIÑONEZ;ACT-C-15-JOHN Q-G6-GRUPO RENACER DE LLANO GRANDE
15;Ciudad Cordoba;Urbana;KIOSCO RESERVADOS DE CIUDAD CORDOBA;C 54C # 48 - 17;FUNCIONAL;;;Miercoles;;;;;7:00.am;8:00.am;;;No aplica;ActivaMente;MIGUEL CASTRILLON;ACT-C-15-MIGUEL C-G02- GRUPO PROYECCION DE 200
15;Ciudad Cordoba;Urbana;KIOSCO RESERVADOS DE CIUDAD CORDOBA;C 54C # 48 - 17;FUNCIONAL;;;Miercoles;;;;;7:00.am;8:00.am;;;No aplica;ActivaMente;MIGUEL CASTRILLON;ACT-C-15-MIGUEL C-G03- GRUPO FUERZAS DEL SOL
15;Vallado;Urbana;Unidad Recreativa El Vallado (Crp);K 41B # 54 - 55;FUNCIONAL;;;;Jueves;Viernes;;;8:30.am-8:30.am;9:30.am-9:30.am;;;No aplica;ActivaMente;RODOLFO VALENCIA;ACT-C-15-RODOLFO V-G5- FENIX
15;Vallado;Urbana;Unidad Recreativa El Vallado (Crp);K 41B # 54 - 55;FUNCIONAL;;;;Jueves;Viernes;;;8:30.am-8:30.am;9:30.am-9:30.am;;;No aplica;ActivaMente;RODOLFO VALENCIA;ACT-C-15-RODOLFO V-G6- TRIANGULOS DE GIRASOLES
15;Laureano Gómez;Urbana;UNIDAD RECREATIVA LAUREANO GOMEZ;CLL 50 # 30A - 52;FUNCIONAL;;Martes;;;;;;7:00.am;8:30.am;;;No aplica;ActivaMente;RODOLFO VALENCIA;ACT-C-15-RODOLFO V-G8- LA NUEVA ESPERANZA
15;Los Comuneros I Etapa;Urbana;Cancha Multiple Comuneros I Parque El Faro;K 28F # 74 - 00;FUNCIONAL;Lunes;;Miercoles;;;;;7:00.am-7:00.am;8:00.am-8:00.am;;;No aplica;ActivaMente;SANDRA QUINTERO;ACT-C-15-SANDRA Q-G1- LA GRAN FAMILIA
15;El Retiro;Urbana;Biblioteca Pública Municipal El Retiro;Cra. 39b #48a01;FUNCIONAL;Lunes;;;;;;;8:05.am;9:05.am;;;No aplica;ActivaMente;SANDRA QUINTERO;ACT-C-15-SANDRA Q-G2-GRUPO GARNIAS
15;Ciudad Cordoba;Urbana;POLIDEPORTIVO CIUDAD CORDOBA SEC 3A Y 3B;C 50  # 41E3 - 00;FUNCIONAL;;Martes;;;;;;7:00.am;8:00.am;;;No aplica;ActivaMente;SANDRA QUINTERO;ACT-C-15-SANDRA Q-G3-GRUPO RENACER A LA VIDA
15;Vallado;Urbana;Polideportivo Barrio El Vallado;C 51 # 41 - 14;FUNCIONAL;;Martes;;Jueves;;;;8:05.am-8:05.am;9:05.am-9:05.am;;;No aplica;ActivaMente;SANDRA QUINTERO;ACT-C-15-SANDRA Q-G4-GRUPO MI HERMOSO ATARDECER
15;Ciudad Cordoba;Urbana;CANCHA SINTETICA BAJO CIUDAD CORDOBA;K 41D # 54 - 00;FUNCIONAL;;;;Jueves;;;;7:00.am;8:00.am;;;No aplica;ActivaMente;SANDRA QUINTERO;ACT-C-15-SANDRA Q-G5-GRUPO ANGELITOS
15;El Morichal;Urbana;Parque Recreativo Morichal 3;C 55 # 43C - 00;FUNCIONAL;;;;;Viernes;;;7:00.am;8:00.am;;;No aplica;ActivaMente;SANDRA QUINTERO;ACT-C-15-SANDRA Q-G6-GRUPO LOS MAGNIFICOS
15;El Morichal;Urbana;Parque Recreativo Morichal 4;K 42C # 55 - 00;FUNCIONAL;;;;;Viernes;;;8:05.am;9:05.am;;;No aplica;ActivaMente;SANDRA QUINTERO;ACT-C-15-SANDRA Q-G7-GRUPO PASOS A SEGUIR
15;Mojica;Urbana;CANCHA PARQUE DE LA 91;CALLE 91 28E #30-04;FUNCIONAL;;Martes;;;Viernes;;;8:10.am-8:10.am;9:10.am-9:10.am;;;No aplica;ActivaMente;CARLOS LARA;ACT.FUN.C.14.ADULTOS LA 93
15;Vallado;Urbana;POLIDEPORTIVO VALLADO;Cl. 51, Cali, Valle del Cauca;ACTIVIDAD FÍSICA Y RECREACIÓN ADAPTADA;;;;;Viernes;;;3:00.pm;4:30.pm;;;No aplica;Cali Incluyente;VALENTINA ARDILA;CI - ACTIVIDAD FISICA Y RECREACIÓN ADAPTADA - C15 - G01
15;Ciudad Cordoba;Urbana;Polideportivo Ciudad Córdoba sector  III;Cra 42b con Cll 50;ACTIVIDAD FÍSICA Y RECREACIÓN ADAPTADA;;;;Jueves;;;;10:00.am;11:30.pm;;;No aplica;Cali Incluyente;JOSE LOPEZ;CI - ACTIVIDAD FISICA Y RECREACIÓN ADAPTADA - C15 - G02
15;Vallado;Urbana;UNIDAD RECREATIVA EL VALLADO;Cra 41B Cl 54 - 55;ACTIVIDAD FÍSICA Y RECREACIÓN ADAPTADA;;;Miercoles;;;;;4:30.pm;5:30.pm;;;No aplica;Cali Incluyente;VALENTINA ARDILA;CI - ACTIVIDAD FISICA Y RECREACIÓN ADAPTADA - C15 - G03
15;Los Comuneros I Etapa;Urbana;CARLOS HOLGUIN MALLARINO;Calle 55A #30b-50;REDCREACCION;;;;Jueves;;;;4:50.pm;8:40.pm;;;No aplica;Cali juega;MANUEL LOPEZ;CJ-ADOYJUV-C15-IECHM-CAO-CAM1
15;Los Comuneros I Etapa;Urbana;CARLOS HOLGUIN MALLARINO;Calle 55A #30b-50;REDCREACCION;;;;Jueves;;;;8:40.pm;12:30.am;;;No aplica;Cali juega;MANUEL LOPEZ;CJ-ADOYJUV-C15-IECHM-CAO-CAM2
15;Los Comuneros I Etapa;Urbana;CARLOS HOLGUIN MALLARINO;Calle 55A #30b-50;REDCREACCION;;Martes;;;;;;7:50.am;8:40.am;;;No aplica;Cali juega;MARIA MANZANO;CJ-ADOYJUV-C15-IECHM-CAO-OCT1
15;Los Comuneros I Etapa;Urbana;CARLOS HOLGUIN MALLARINO;Calle 55A #30b-50;REDCREACCION;;Martes;;;;;;10:05.am;10:55.am;;;No aplica;Cali juega;MARIA MANZANO;CJ-ADOYJUV-C15-IECHM-CAO-OCT2
15;Los Comuneros I Etapa;Urbana;CARLOS HOLGUIN MALLARINO;Calle 55A #30b-50;REDCREACCION;;Martes;;;;;;12:00.pm;12:50.pm;;;No aplica;Cali juega;MARIA MANZANO;CJ-ADOYJUV-C15-IECHM-CAO-OCT3
15;Los Comuneros I Etapa;Urbana;CARLOS HOLGUIN MALLARINO;Calle 55A #30b-50;REDCREACCION;;;Miercoles;;;;;8:40.am;9:35.am;;;No aplica;Cali juega;DIANA SERNA;CJ-ADOYJUV-C15-IECHM-CAO-ONC1
15;Los Comuneros I Etapa;Urbana;CARLOS HOLGUIN MALLARINO;Calle 55A #30b-50;REDCREACCION;;;Miercoles;;;;;6:50.am;7:40.am;;;No aplica;Cali juega;DIANA SERNA;CJ-ADOYJUV-C15-IECHM-CAO-ONC2
15;Los Comuneros I Etapa;Urbana;CARLOS HOLGUIN MALLARINO;Calle 55A #30b-50;REDCREACCION;;;Miercoles;;;;;7:50.am;8:40.am;;;No aplica;Cali juega;DIANA SERNA;CJ-ADOYJUV-C15-IECHM-CAO-SEX1
15;Llano Verde;Urbana;UTS CALIDA;Calle 57 # 47A - 01;JUEGO EN ACCION PARA UNA INFANCIA MEJOR;;Martes;;;;;;9:00.am;10:00.am;;;No aplica;Cali juega;JENIFER cortez;CJ-PI-C15-CD- PM
15;Llano Verde;Urbana;UTS CALIDA;Calle 57 # 47A - 01;JUEGO EN ACCION PARA UNA INFANCIA MEJOR;;Martes;;;;;;11:00.am;12:00.pm;;;No aplica;Cali juega;JENIFER cortez;CJ-PI-C15-CD-CDM
15;Llano Verde;Urbana;UTS CALIDA;Calle 57 # 47A - 01;JUEGO EN ACCION PARA UNA INFANCIA MEJOR;;;Miercoles;;;;;9:00.am;10:12.am;;;No aplica;Cali juega;JENIFER cortez;CJ-PI-C15-CD-EDM
15;Llano Verde;Urbana;UTS CALIDA;Calle 57 # 47A - 01;JUEGO EN ACCION PARA UNA INFANCIA MEJOR;;;;Jueves;;;;10:00.am;11:00.am;;;No aplica;Cali juega;KATHERIN MAZO;CJ-PI-C15-CD-GBYPC
15;Llano Verde;Urbana;UTS CALIDA;Calle 57 # 47A - 01;JUEGO EN ACCION PARA UNA INFANCIA MEJOR;;;;Jueves;;;;9:00.am;10:00.am;;;No aplica;Cali juega;KATHERIN MAZO;CJ-PI-C15-CD-MC
15;Llano Verde;Urbana;UTS CALIDA;Calle 57 # 47A - 01;JUEGO EN ACCION PARA UNA INFANCIA MEJOR;;;Miercoles;;;;;9:00.am;10:00.am;;;No aplica;Cali juega;JENIFER cortez;CJ-PI-C15-CD-NDS
15;Llano Verde;Urbana;UTS CALIDA;Calle 57 # 47A - 01;JUEGO EN ACCION PARA UNA INFANCIA MEJOR;;Martes;;;;;;9:00.am;10:00.am;;;No aplica;Cali juega;JENIFER cortez;CJ-PI-C15-CD-PC
15;Llano Verde;Urbana;UTS CALIDA;Calle 57 # 47A - 01;JUEGO EN ACCION PARA UNA INFANCIA MEJOR;;;Miercoles;;;;;11:00.am;12:00.pm;;;No aplica;Cali juega;KATHERIN MAZO;CJ-PI-C15-CD-SDYPS
15;Vallado;Urbana;UNIDAD RECREATIVA  EL VALLADO;K 41B # 54-55;acondicionamiento fisico;Lunes;;Miercoles;;;;;7:30.am-7:30.am;8:30.am-8:30.am;;;No aplica;Carreras y Caminatas;ALEJANDRO ORTIZ;CYC-ACONDICIONAMIENTO FISICO-C15-ALEJANDRO ORTIZ-G01
15;Ciudad Cordoba;Urbana;POLIDEPORTIVO CIUDAD CORDOBA;CARRERA. 41B Y 42B CON CALLE 50 Y 51;acondicionamiento fisico;;Martes;;;;;;7:00.am;8:00.am;;;No aplica;Carreras y Caminatas;ALEJANDRO ORTIZ;CYC-ACONDICIONAMIENTO FISICO-C15-ALEJANDRO ORTIZ-G02
15;Mojica;Urbana;CANCHA LAS GEMELAS;CALLE 75 # 28E 60;acondicionamiento fisico;Lunes;;Miercoles;;;;;7:00.am-7:00.am;8:00.am-8:00.am;;;No aplica;Carreras y Caminatas;JHON PELAEZ;CYC-ACONDICIONAMIENTO FISICO-C15-JHON ROBERT PELAEZ-G01
15;Mojica;Urbana;PARQUE RECREATIVO NACEDEROS;CALLE 85 # 28D4 30;acondicionamiento fisico;;Martes;Miercoles;;;;;7:00.am-7:00.am;8:00.am-8:00.am;;;No aplica;Carreras y Caminatas;JHON PELAEZ;CYC-ACONDICIONAMIENTO FISICO-C15-JHON ROBERT PELAEZ-G02
15;Mojica;Urbana;CANCHA LA MONTEBELO;CRA 28E CON CALLE 80;acondicionamiento fisico;;;;Jueves;;;;4:00.pm;5:00.pm;;;No aplica;Carreras y Caminatas;JHON PELAEZ;CYC-ACONDICIONAMIENTO FISICO-C15-JHON ROBERT PELAEZ-G03
15;Ciudad Cordoba;Urbana;Polideportivo Ciudad Cordoba;Entre Carrera 41E1 Y E3 con Calle entre 50 y 51;acondicionamiento fisico;;Martes;Miercoles;Jueves;;;;7:00.am-7:00.am-7:00.am;8:00.am-8:00.am-8:00.am;;;No aplica;Carreras y Caminatas;LUIS RIOS;CYC-ACONDICIONAMIENTO FISICO-C15-LUIS CARLOS-G01
15;Los Comuneros I Etapa;Urbana;I.E CARLOS HOLGUIN MALLARINO- MIGUEL DE POMBO;1897;RECREO DEPORTIVO;Lunes;;;;;;;2:30PM;3:30pm;;;No aplica;Deporte Escolar;ANDRES ORTIZ;2318
15;Los Comuneros I Etapa;Urbana;I.E CARLOS HOLGUIN MALLARINO- MIGUEL DE POMBO;1898;RECREO DEPORTIVO;;Martes;;;;;;2:00PM;3:30pm;;;No aplica;Deporte Escolar;ANDRES ORTIZ;2319
15;Los Comuneros I Etapa;Urbana;I.E CARLOS HOLGUIN MALLARINO- MIGUEL DE POMBO;1899;RECREO DEPORTIVO;Lunes;;;;;;;4:00PM;5:00pm;;;No aplica;Deporte Escolar;ANDRES ORTIZ;2320
15;Los Comuneros I Etapa;Urbana;I.E CARLOS HOLGUIN MALLARINO- MIGUEL DE POMBO;1900;RECREO DEPORTIVO;;Martes;;;;;;4:00PM;5:30pm;;;No aplica;Deporte Escolar;ANDRES ORTIZ;2321
15;Los Comuneros I Etapa;Urbana;I.E CARLOS HOLGUIN MALLARINO- MIGUEL DE POMBO;1901;RECREO DEPORTIVO;;;Miercoles;;;;;1:40PM;3:00pm;;;No aplica;Deporte Escolar;ANDRES ORTIZ;2322
15;Los Comuneros I Etapa;Urbana;I.E CARLOS HOLGUIN MALLARINO- MIGUEL DE POMBO;1902;RECREO DEPORTIVO;;;Miercoles;;;;;4:00PM;5:30pm;;;No aplica;Deporte Escolar;ANDRES ORTIZ;2323
15;Los Comuneros I Etapa;Urbana;I.E CARLOS HOLGUIN MALLARINO- MIGUEL DE POMBO;1903;RECREO DEPORTIVO;;;;Jueves;;;;2:30PM;3:30pm;;;No aplica;Deporte Escolar;ANDRES ORTIZ;2324
15;Los Comuneros I Etapa;Urbana;I.E CARLOS HOLGUIN MALLARINO- MIGUEL DE POMBO;1904;RECREO DEPORTIVO;;;;Jueves;;;;4:00PM;5:30pm;;;No aplica;Deporte Escolar;ANDRES ORTIZ;2325
15;Los Comuneros I Etapa;Urbana;I.E CARLOS HOLGUIN MALLARINO- MIGUEL DE POMBO;1905;RECREO DEPORTIVO;;;;;Viernes;;;2:30PM;3:30pm;;;No aplica;Deporte Escolar;ANDRES ORTIZ;2326
15;Los Comuneros I Etapa;Urbana;I.E CARLOS HOLGUIN MALLARINO- MIGUEL DE POMBO;1906;RECREO DEPORTIVO;;;;;Viernes;;;4:00PM;5:00pm;;;No aplica;Deporte Escolar;ANDRES ORTIZ;2327
15;Ciudad Cordoba;Urbana;COLISEO CUBIERTO CIUDAD CORDOBA;CALLE 50 #41 - 08;FUTBOL SALON  FEMENINO;;Martes;;Jueves;;;;7:00.pm-7:00.pm;9:00.pm-9:00.pm;;;No aplica;Desafio Elite;INGRID GOMEZ;CE-FUTBOL SALON-FEMENINO-C15-INGRID GOMEZ-G01
15;Llano Verde;Urbana;CANCHA DE LA PAZ;Carrera 49 Calle 55A;SESIONES LUDICOPEDAGOGICAS;;;;Jueves;;;;4:00.pm;5:30.pm;;;No aplica;Poblacion y Etnias;LIZ quiñones;PYE - VICTIMAS - C15 - SEMILLEROS DE PAZ ADULTOS - LIZ NATHALIA
15;Llano Verde;Urbana;CANCHA DE LA PAZ;Carrera 49 Calle 55A;SESIONES LUDICOPEDAGOGICAS;;;Miercoles;;;;;4:00.pm;5:30.pm;;;No aplica;Poblacion y Etnias;LIZ quiñones;PYE - VICTIMAS - C15 - SEMILLEROS DE PAZ NIÑOS - LIZ NATHALIA
15;Llano Verde;Urbana;PARQUE LAS GALLERAS;CALLE 56F1 # 49G-61;SESIONES LUDICOPEDAGOGICAS;Lunes;;;;;;;3:00.pm;4:30.pm;;;No aplica;Poblacion y Etnias;JHON SOLANO;PYE - VICTIMAS - C15 PARQUE LAS GALLERAS - JHON SOLANO
15;Llano Verde;Urbana;PARQUE LAS GALLERAS;CALLE 56F1 # 49G-61;SESIONES LUDICOPEDAGOGICAS;;;Miercoles;;;;;3:00.pm;4:30.pm;;;No aplica;Poblacion y Etnias;JHON SOLANO;PYE - VICTIMAS - C15 PARQUE LAS GALLERAS ADULTOS - JHON SOLANO
15;Llano Verde;Urbana;Parque del Amor Llano Verde;K 49I # 57 - 00;SESIONES LUDICOPEDAGOGICAS;;;;Jueves;;;;4:00.pm;6:30.pm;;;No aplica;Poblacion y Etnias;RUBIELA POTES;PYE - VICTIMAS - C15-PARQUE DEL AMOR - RUBIELA POTES
15;Llano Verde;Urbana;PARQUE LA VIRGEN;CARRERA 49B CON CALLE 56A;SESIONES LUDICOPEDAGOGICAS;;;Miercoles;;;;;3:00.pm;4:30.pm;;;No aplica;Poblacion y Etnias;LIZ quiñones;PYE - VICTIMAS -C15 - PARQUE DE LA VIRGEN NIÑOS - LIZ NATHALIA
15;Llano Verde;Urbana;PARQUE LA VIRGEN;CARRERA 49B CON CALLE 56A;SESIONES LUDICOPEDAGOGICAS;;;;;Viernes;;;3:00.pm;4:30.pm;;;No aplica;Poblacion y Etnias;LIZ quiñones;PYE - VICTIMAS -C15- PARQUE VIRGEN ADULTOS - LIZ NATHALIA
15;Los Comuneros I Etapa;Urbana;CASA PALENQUE MANANTIAL DEL PACÍFICO;CALLE 58 # 30A - 16;SESIONES LUDICOPEDAGOGICAS;;;;Jueves;;;;10:15.am;11:45.am;;;No aplica;Poblacion y Etnias;MARIA SALAZAR;PYE-AFROS.SESIÓN LÚDICA CASA PALENQUE MANANTIAL DEL PACIFICO
15;Los Comuneros I Etapa;Urbana;Casa Palenque Mis Raíces Ancestrales;Carrera 33 Calle 57 # 57-24;SESIONES LUDICOPEDAGOGICAS;;;Miercoles;;;;;9:20.am;10:20.am;;;No aplica;Poblacion y Etnias;MARIA SALAZAR;PYE-AFROS.SESIÓN LÚDICA CASA PALENQUE MIS RAICES ANCESTRALES
15;Los Comuneros I Etapa;Urbana;Casa Palenque Retoñitos del Pacifico;Carrera 30 # C 57-32;SESIONES LUDICOPEDAGOGICAS;;;Miercoles;;;;;10:30.am;11:30.am;;;No aplica;Poblacion y Etnias;MARIA SALAZAR;PYE-AFROS.SESIÓN LÚDICA CASA PALENQUE RETOÑITOS DEL PACIFICO
15;Mojica;Urbana;ASOCIACIÓN RECICLANDO BIEN REBIEN;Calle 83 # 28 D4 - 97;APOYO EVENTOS RECREATIVOS;Lunes;;;;;;;8:18.am;10:18.am;;;No aplica;Poblacion y Etnias;LEONARDO GIL;PYE-PRUEBA-C19-LEONARDO-G01
15;Mojica;Urbana;ECOINNOVANDO - CANCHA MOJICA;C 91 # 28D;SESIONES LUDICOPEDAGOGICAS;;;Miercoles;;;;;5:00.pm;7:00.pm;;;No aplica;Poblacion y Etnias;GUIDO CUELLAR;PYE-RECICLADORES-14-ECOLNNOVANDO- GUIDO MAURCIO CUELLAR-G3
15;Mojica;Urbana;ASOCIACIÓN RECICLANDO BIEN REBIEN;Calle 83 # 28 D4 - 97;SESIONES LUDICOPEDAGOGICAS;Lunes;;;Jueves;;;;7:30.am-7:30.am;9:00.am-9:00.am;;;No aplica;Poblacion y Etnias;LUZ ERLY - SIDERADMIN14 SIDER;PYE-SESIONESLUDICO-C08-JOHNMINA-G04
15;Los Comuneros I Etapa;Urbana;CASETA COMUNAL ASENTAMIENTO COMUNEROS;CARRERA 33 CALLE 100;SESIONES LUDICOPEDAGOGICAS;;;Miercoles;;;;;8:00.am;9:30.am;;;No aplica;Poblacion y Etnias;JULIO VIVEROS;PYE-VICTIMAS - C15-JULIO VIVEROS -COMUNEROS 1
15;Los Comuneros I Etapa;Urbana;CASETA COMUNAL ASENTAMIENTO COMUNEROS;CARRERA 33 CALLE 100;SESIONES LUDICOPEDAGOGICAS;Lunes;;;;;;;8:30.am;9:20.am;;;No aplica;Poblacion y Etnias;JULIO VIVEROS;PYE-VICTIMAS - C15-JULIO VIVEROS -COMUNEROS 1,
15;Mojica;Urbana;Cancha Brisas de palma Alta;Calle 96 # 28E 3-01;SESIONES LUDICOPEDAGOGICAS;;;Miercoles;;;;;3:30.pm;5:00.pm;;;No aplica;Poblacion y Etnias;HOLMES FIGUEROA;PYE-VICTIMAS -C15 - BRISAS DE PALMA ALTA - HOLMES FIGUEROA
15;Los Comuneros I Etapa;Urbana;PARQUE RECREATIVO EL PASCUALITO COMUNEROS 1;Calle 51A con Cra 29b;SESIONES LUDICOPEDAGOGICAS;;Martes;;;;;;7:00.pm;8:00.pm;;;No aplica;Poblacion y Etnias;JOSE MARIN;PYE-VICTIMAS- C15- PASCUALITO - JOSE LIBARDO
15;Vallado;Urbana;UNIDAD RECREATIVA  EL VALLADO;K 41B # 54-55;SESIONES LUDICOPEDAGOGICAS;;;;;Viernes;;;4:00.pm;5:30.pm;;;No aplica;Poblacion y Etnias;HOLMES FIGUEROA;PYE-VICTIMAS-C14 - POLIDEPORTIVO EL VALLADO - HOLMES FIGUEROA
15;Vallado;Urbana;Salón comunal Predhesca;Call 48 con cra 41d;SESIONES LUDICOPEDAGOGICAS;;;;;Viernes;;;2:00.pm;3:30.pm;;;No aplica;Poblacion y Etnias;JOSE MARIN;PYE-VICTIMAS-C15 - VALLLADO PREDHESCA- JOSE LIBARDO
15;Los Comuneros I Etapa;Urbana;PARQUE RECREATIVO EL PASCUALITO COMUNEROS 1;Calle 51A con Cra 29b;SESIONES LUDICOPEDAGOGICAS;Lunes;;;;;;;8:00.am;9:30.am;;;No aplica;Poblacion y Etnias;JOSE MARIN;PYE-VICTIMAS-C15-COMUNEROS 1- JOSE LIBARDO
15;Mojica;Urbana;Canchas la 91/ Salud y Vida;Calle 91 # 28E3-04;SESIONES LUDICOPEDAGOGICAS;;;Miercoles;;;;;7:00.am;8:30.am;;;No aplica;Poblacion y Etnias;JOSE MARIN;PYE-VICTIMAS-C15-PARQUE 91-JOSE LIBARDO
15;Llano Verde;Urbana;Parque del Amor Llano Verde;K 49I # 57 - 00;SESIONES LUDICOPEDAGOGICAS;;Martes;;;;;;4:00.pm;6:30.pm;;;No aplica;Poblacion y Etnias;RUBIELA POTES;PYE-VICTIMAS-C15-PARQUE DEL AMOR - RUBIELA POTES
15;Los Comuneros I Etapa;Urbana;PARQUE RECREATIVO EL PASCUALITO COMUNEROS 1;Calle 51A con Cra 29b;SESIONES LUDICOPEDAGOGICAS;;;;Jueves;;;;6:30.pm;8:00.pm;;;No aplica;Poblacion y Etnias;JOSE RESTREPO;PYE-VICTIMAS-C15-PASCUALITO - ANTONIO RESTREPO-G03
15;Vallado;Urbana;FUNDACÓN PREDHESCA;CRA 41D # 48 - 05;SESIONES LUDICOPEDAGOGICAS;;Martes;;;;;;10:00.am;11:30.am;;;No aplica;Poblacion y Etnias;JULIO VIVEROS;PYE-VICTIMAS-C15-PREDHESCA-JULIO VIVEROS
15;Ciudad Cordoba;Urbana;CANCHA MULTIPLE CIUDAD CORDOBA 1a;K 49C # 51;FUTBOL;;Martes;;;;;;9:00:00; 10:30:00;;250;Base;Deporvida;CRISTIAN orlando MARQUEZ CASTRILLON;-
15;Ciudad Cordoba;Urbana;CANCHA MULTIPLE CIUDAD CORDOBA 1a;K 49C # 51;FUTBOL;;;;Jueves;;;;9:00:00; 22:30:00;;250;Base;Deporvida;CRISTIAN orlando MARQUEZ CASTRILLON;-
15;Mojica;Urbana;CANCHA DE FUTBOL MONTEBELLO BARRIO MOJICA;K 28E 3 # 79 00;FUTBOL;Lunes;;;;Viernes;;;17:00:00; 18:30:00;;251;Fundamentacion;Deporvida;ROBERTO CARLO PENA GRUESO;-
15;Mojica;Urbana;CANCHA DE FUTBOL MONTEBELLO BARRIO MOJICA;K 28E 3 # 79 00;FUTBOL;Lunes;;;;Viernes;;;15:00:00; 17:00:00;;252;Irradiacion;Deporvida;ROBERTO CARLO PENA GRUESO;-
15;El Morichal;Urbana;PARQUE RECREATIVO MORICHAL 1;KR 44B CL 56E;FUTBOL;Lunes;;;Jueves;;;;19:00:00; 20:30:00;;276;Irradiacion;Deporvida;YESID  ZAPATA ZAPE;-
15;Vallado;Urbana;Polideportivo Barrio El Vallado;C 51 # 41 14;FUTBOL;Lunes;;;;Viernes;;;14:00:00; 15:30:00;;394;Base;Deporvida;CRISTIAN orlando MARQUEZ CASTRILLON;-
15;Ciudad Cordoba;Urbana;CANCHA MULTIPLE CIUDAD CORDOBA II;K 49A # 46 00;FUTBOL;;Martes;;Jueves;;;;8:00:00; 09:30:00;;407;Irradiacion;Deporvida;JUAN carlos GONZALEZ WALLENS;-
15;Ciudad Cordoba;Urbana;CANCHA MULTIPLE CIUDAD CORDOBA II;K 49A # 46 00;FUTBOL;;Martes;;Jueves;;;;9:30:00; 11:00:00;;408;Fundamentacion;Deporvida;JUAN carlos GONZALEZ WALLENS;-
15;Vallado;Urbana;PARQUE RECREATIVO LOS BOMBEROS EL VALLADO II;K 56 # 39F 00;FUTBOL;;;Miercoles;;Viernes;;;19:00:00; 21:00:00;;435;Fundamentacion;Deporvida;JUAN carlos GONZALEZ WALLENS;-
15;Ciudad Cordoba;Urbana;SKATEPARK CIUDAD CORDOBA;K 42B # 51 100;FUTBOL;;;Miercoles;;Viernes;;;7:00:00; 09:30:00;;476;Fundamentacion;Deporvida;JUAN carlos GONZALEZ WALLENS;-
15;Vallado;Urbana;PARQUE RECREATIVO LA AMISTAD EL VALLADO II;KR 38  CL 56;RUGBY;;Martes;;Jueves;;;;19:00:00; 20:30:00;;477;Fundamentacion;Deporvida;JEAN PIERRE TOBON CASTILLA;-
15;Ciudad Cordoba;Urbana;CANCHA MULTIPLE CIUDAD CORDOBA 1a;K 49C # 51;AJEDREZ;;Martes;;Jueves;;;;15:30:00; 17:00:00;;221;Base;Deporvida;GUALBERTO  CASTILLO CORTES;-
15;Ciudad Cordoba;Urbana;CANCHA MULTIPLE CIUDAD CORDOBA 1a;K 49C # 51;AJEDREZ;;;Miercoles;;Viernes;;;10:00:00; 11:30:00;;420;Base;Deporvida;GUALBERTO  CASTILLO CORTES;-
15;Ciudad Cordoba;Urbana;CANCHA MULTIPLE CIUDAD CORDOBA II;K 49A # 46 00;BALONCESTO;Lunes;;Miercoles;;;;;16:00:00; 17:30:00;;282;Base;Deporvida;WENDY paola ANGULO MARTINEZ;-
15;Ciudad Cordoba;Urbana;CANCHA MULTIPLE CIUDAD CORDOBA II;K 49A # 46 00;BALONCESTO;;Martes;Miercoles;;;;;8:30:00; 10:00:00;;283;Base;Deporvida;WENDY paola ANGULO MARTINEZ;-
15;Ciudad Cordoba;Urbana;CANCHA MULTIPLE CIUDAD CORDOBA 1a;K 49C # 51;BALONCESTO;;;;;Viernes;;;16:00:00; 17:30:00;;464;Fundamentacion;Deporvida;WENDY paola ANGULO MARTINEZ;-
15;Ciudad Cordoba;Urbana;CANCHA MULTIPLE CIUDAD CORDOBA 1a;K 49C # 51;BALONCESTO;;;Miercoles;;;;;17:30:00; 19:00:00;;464;Fundamentacion;Deporvida;WENDY paola ANGULO MARTINEZ;-
15;Ciudad Cordoba;Urbana;CANCHA MULTIPLE CIUDAD CORDOBA 1a;K 49C # 51;FUTBOL SALA;Lunes;;Miercoles;;;;;15:00:00; 16:30:00;;211;Base;Deporvida;JOHANY  CELORIO ARBOLEDA;-
15;Ciudad Cordoba;Urbana;Polideportivo Ciudad Cordoba Sec 3A Y 3B;C 50 # 41E 3;FUTBOL SALA;;Martes;;Jueves;;;;16:30:00; 18:00:00;;212;Base;Deporvida;JOHANY  CELORIO ARBOLEDA;-
15;Los Comuneros I Etapa;Urbana;PARQUE RECREATIVO EL PASCUALITO COMUNEROS I;K 29A # 51 00;FUTBOL SALA;;Martes;;Jueves;;;;15:00:00; 16:30:00;;213;Base;Deporvida;ASMED  CAICEDO ANGULO;-
15;Los Comuneros I Etapa;Urbana;PARQUE RECREATIVO EL PASCUALITO COMUNEROS I;K 29A # 51 00;FUTBOL SALA;Lunes;;Miercoles;;;;;17:30:00; 19:00:00;;214;Fundamentacion;Deporvida;ASMED  CAICEDO ANGULO;-
15;Mojica;Urbana;PARQUE RECREATIVO LA BOMBONERA MOJICA I;K 28D 2 # 81 00;FUTBOL SALA;Lunes;;;;Viernes;;;15:30:00; 17:00:00;;215;Irradiacion;Deporvida;YESID  ZAPATA ZAPE;-
15;Llano Verde;Urbana;PARQUE DEL AMOR LLANO VERDE;K 49I # 57 00;FUTBOL SALA;Lunes;;Miercoles;;;;;15:30:00; 16:30:00;;217;Base;Deporvida;SURYS DANIELA QUIÃ‘ONES ANTES;-
15;Llano Verde;Urbana;PARQUE DEL AMOR LLANO VERDE;K 49I # 57 00;FUTBOL SALA;;;Miercoles;;Viernes;;;16:30:00; 18:00:00;;218;Base;Deporvida;SURYS DANIELA QUIÃ‘ONES ANTES;-
15;Ciudad Cordoba;Urbana;FUNDACION FUNDENID;C 55B # 47 97;FUTBOL SALA;;Martes;;;;;;13:30:00; 15:00:00;;219;Base;Deporvida;ABDON PRIMERO HINESTROZA IBARGUEN;-
15;Ciudad Cordoba;Urbana;FUNDACION FUNDENID;C 55B # 47 97;FUTBOL SALA;;;;Jueves;;;;13:30:00; 15:30:00;;219;Base;Deporvida;ABDON PRIMERO HINESTROZA IBARGUEN;-
15;Ciudad Cordoba;Urbana;FUNDACION FUNDENID;C 55B # 47 97;FUTBOL SALA;;Martes;;Jueves;;;;15:30:00; 17:00:00;;220;Base;Deporvida;ABDON PRIMERO HINESTROZA IBARGUEN;-
15;Ciudad Cordoba;Urbana;CANCHA MULTIPLE CIUDAD CORDOBA 1a;K 49C # 51;FUTBOL SALA;Lunes;;Miercoles;;;;;15:30:00; 17:00:00;;249;Base;Deporvida;JUAN Gilberto NuÃ±EZ CASTILLO;-
15;Laureano Gomez;Urbana;Unidad Recreativa Laurenao Gomez;C 50 # 30A 52;FUTBOL SALA;;Martes;;Jueves;;;;8:00:00; 09:30:00;;253;Base;Deporvida;JOHN RENE ROMERO GUITIERREZ;-
15;Laureano Gomez;Urbana;Unidad Recreativa Laurenao Gomez;C 50 # 30A 52;FUTBOL SALA;;Martes;;Jueves;;;;9:30:00; 11:00:00;;254;Irradiacion;Deporvida;JOHN RENE ROMERO GUITIERREZ;-
15;Mojica;Urbana;COLEGIO CARLOS HOLGUIN MALLARINO;C 55A # 30B 50;FUTBOL SALA;;;Miercoles;;Viernes;;;10:30:00; 12:00:00;;275;Base;Deporvida;YESID  ZAPATA ZAPE;-
15;Ciudad Cordoba;Urbana;CANCHA SINTETICA BAJO CIUDAD CORDOBA;KR 41D CL 54;FUTBOL SALA;Lunes;;;;;;;16:30:00; 18:00:00;;297;Irradiacion;Deporvida;JOHANY  CELORIO ARBOLEDA;-
15;Ciudad Cordoba;Urbana;CANCHA SINTETICA BAJO CIUDAD CORDOBA;KR 41D CL 54;FUTBOL SALA;;;Miercoles;;;;;17:00:00; 18:30:00;;297;Irradiacion;Deporvida;JOHANY  CELORIO ARBOLEDA;-
15;Ciudad Cordoba;Urbana;CANCHA MULTIPLE CIUDAD CORDOBA 1a;K 49C # 51;FUTBOL SALA;;Martes;;Jueves;;;;9:00:00; 10:30:00;;298;Base;Deporvida;JUAN Gilberto NuÃ±EZ CASTILLO;-
15;Los Comuneros I Etapa;Urbana;PARQUE RECREATIVO EL PASCUALITO COMUNEROS I;K 29A # 51 00;FUTBOL SALA;Lunes;;Miercoles;;;;;16:00:00; 17:30:00;;340;Irradiacion;Deporvida;ABDON PRIMERO HINESTROZA IBARGUEN;-
15;El Morichal;Urbana;PARQUE RECREATIVO MORICHAL 4;K 42C # 55 00;FUTBOL SALA;;Martes;;Jueves;;;;19:00:00; 20:00:00;;389;Base;Deporvida;JOVANNY DE JESUS MADERO MADERO CUJIA;-
15;El Morichal;Urbana;PARQUE RECREATIVO MORICHAL 4;K 42C # 55 00;FUTBOL SALA;;Martes;;Jueves;;;;20:00:00; 21:00:00;;390;Irradiacion;Deporvida;JOVANNY DE JESUS MADERO MADERO CUJIA;-
15;Los Comuneros I Etapa;Urbana;PARQUE RECREATIVO EL PASCUALITO COMUNEROS I;K 29A # 51 00;FUTBOL SALA;Lunes;;Miercoles;;;;;16:00:00; 17:30:00;;396;Irradiacion;Deporvida;ASMED  CAICEDO ANGULO;-
15;Llano Verde;Urbana;PARQUE DEL AMOR LLANO VERDE;K 49I # 57 00;FUTBOL SALA;;;Miercoles;;Viernes;;;18:00:00; 19:30:00;;397;Fundamentacion;Deporvida;SURYS DANIELA QUIÃ‘ONES ANTES;-
15;Laureano Gomez;Urbana;Unidad Recreativa Laurenao Gomez;C 50 # 30A 52;FUTBOL SALA;;;;;Viernes;;;8:00:00; 09:30:00;;458;Base;Deporvida;JOHN RENE ROMERO GUITIERREZ;-
15;Laureano Gomez;Urbana;Unidad Recreativa Laurenao Gomez;C 50 # 30A 52;FUTBOL SALA;;;Miercoles;;;;;8:00:00; 21:30:00;;458;Base;Deporvida;JOHN RENE ROMERO GUITIERREZ;-
15;Vallado;Urbana;CANCHA MULTIPLE SULEY EL VALLADO I;KR 39H CL 49;FUTBOL SALA;;Martes;;Jueves;;;;16:00:00; 17:30:00;;465;Base;Deporvida;JOVANNY DE JESUS MADERO MADERO CUJIA;-
15;Ciudad Cordoba;Urbana;CANCHA MULTIPLE CIUDAD CORDOBA 1a;K 49C # 51;FUTBOL SALA;;Martes;;;;;;15:30:00; 17:00:00;;466;Fundamentacion;Deporvida;JUAN Gilberto NuÃ±EZ CASTILLO;-
15;Ciudad Cordoba;Urbana;CANCHA MULTIPLE CIUDAD CORDOBA 1a;K 49C # 51;FUTBOL SALA;;;;;Viernes;;;16:40:00; 18:00:00;;466;Fundamentacion;Deporvida;JUAN Gilberto NuÃ±EZ CASTILLO;-
15;Ciudad Cordoba;Urbana;CANCHA MULTIPLE CIUDAD CORDOBA 1a;K 49C # 51;PATINAJE;;Martes;;Jueves;;;;17:00:00; 18:30:00;;176;Base;Deporvida;MARIANA  ARBELAEZ RIOS;-
15;Llano Verde;Urbana;CANCHA MULTIPLE EL ARBOL;K 44B # 56 00;PATINAJE;;;Miercoles;Jueves;;;;15:00:00; 16:30:00;;177;Base;Deporvida;MARIANA  ARBELAEZ RIOS;-
15;El Morichal;Urbana;PARQUE RECREATIVO MORICHAL 1;KR 44B CL 56E;PATINAJE;Lunes;;Miercoles;;;;;18:30:00; 20:00:00;;281;Irradiacion;Deporvida;MARIANA  ARBELAEZ RIOS;-
15;Vallado;Urbana;CANCHA BALONCESTO LA COLMENA;C 52 # 41 00;PATINAJE;Lunes;;;;Viernes;;;15:00:00; 16:30:00;;326;Base;Deporvida;MARIANA  ARBELAEZ RIOS;-
15;Laureano Gomez;Urbana;Unidad Recreativa Laurenao Gomez;C 50 # 30A 52;NATACION;;Martes;;Jueves;;;;9:00:00; 10:00:00;;209;Base;Deporvida;ANDRES felipe GALVIS SANTA;-
15;Laureano Gomez;Urbana;Unidad Recreativa Laurenao Gomez;C 50 # 30A 52;NATACION;;Martes;;Jueves;;;;10:00:00; 11:00:00;;210;Irradiacion;Deporvida;ANDRES felipe GALVIS SANTA;-
15;El Morichal;Urbana;PARQUE RECREATIVO MORICHAL 2A;C 55C # 44 00;FUTBOL SALA;;Martes;;Jueves;;;;9:00:00; 10:30:00;;367;Irradiacion;Deporvida;JHON ALEXANDER ROJAS RIVERA;-
15;AHDI- Basuro Navarro;Urbana;Cancha Multiple Ciudad Pacifica;K 121 # 47A;FUTBOL SALA;Lunes;;Miercoles;;;;;16:00:00; 17:00:00;;428;Irradiacion;Deporvida;IVAN dario BAHAMON GUALDRON;
15;Ciudad Cordoba;Urbana;Polideportivo Ciudad Cordoba, SKATE PARK;C 50  # 42B - 00;BMX FREESTYLE;Lunes;;Miercoles;;;;;4:00.pm-4:00.pm;5:30.pm-5:30.pm;;;No aplica;Vertigo;JHONNY CERON;VT-BMX FREESTYLE-C15-JHONNY CERON -SKATEPARK CORDOBA-G02
15;Ciudad Cordoba;Urbana;Polideportivo Ciudad Cordoba, SKATE PARK;C 50  # 42B - 00;MOTO STUNT;;Martes;;;Viernes;;;7:30.pm-7:30.pm;9:00.pm-9:00.pm;;;No aplica;Vertigo;EDER RAMIREZ;VT-MOTO STUNT-C15-EDER RAMIREZ-CORDOBA-G02
15;Mojica;Urbana;Institución Educativa Isaías Duarte Cancino;C96 # 28E3-02;PARKOUR;;Martes;;Jueves;;;;1:30.pm-1:30.pm;3:00.pm-3:00.pm;;;No aplica;Vertigo;ALEYK SINISTERRA;VT-PARKOUR-C14-ALEYK SINISTERRA-G02
15;Ciudad Cordoba;Urbana;Polideportivo Ciudad Cordoba, SKATE PARK;C 50  # 42B - 00;PARKOUR;Lunes;;Miercoles;;;;;7:00.pm-7:00.pm;8:30.pm-8:30.pm;;;No aplica;Vertigo;WALTER RODRIGUEZ;VT-PARKOUR-C15-WALTER RODRIGEZ-G01
15;Ciudad Cordoba;Urbana;Polideportivo Ciudad Cordoba, SKATE PARK;C 50  # 42B - 00;ROLLER FREESTYLE;Lunes;;;;;Sabado;;4:30.pm-4:30.pm;6:00.pm-6:00.pm;;;No aplica;Vertigo;CARLOS FEIJOO;VT-ROLLER FREESTYLE SKATEPARK-C15-CARLOS FEIJOO- CIUDAD CORDOBA-G01
15;Ciudad Cordoba;Urbana;Polideportivo Ciudad Cordoba, SKATE PARK;C 50  # 42B - 00;SKATEBOARDING;;;;;;Sabado;;4:00.pm;7:00.pm;;;No aplica;Vertigo;ANDRES MEJIA;VT-SKATEBOARDING-C15 -ANDRES MEJIA -CIUDAD CORDOBA-G03
15;Ciudad Cordoba;Urbana;Polideportivo Ciudad Cordoba, SKATE PARK;C 50  # 42B - 00;SKATEBOARDING;;Martes;;Jueves;;;;7:30.pm-7:30.pm;9:00.pm-9:00.pm;;;No aplica;Vertigo;ANDRES MEJIA;VT-SKATEBOARDING-C15-ANDRES MEJIA-CIUDAD CORDOBA -G02
15;Ciudad Cordoba;Urbana;Polideportivo Ciudad Cordoba, SKATE PARK;C 50  # 42B - 00;SKATEBOARDING;;Martes;;Jueves;;;;3:00.pm-3:00.pm;4:30.pm-4:30.pm;;;No aplica;Vertigo;ANTONIO CHAMAT;VT-SKATEBOARDING-C15-ANTONIO CHAMAT- CIUDAD CORDOBA G01
16;Antonio Nariño;Urbana;Parque Recreativo Antonio Nariño;K 40 # 43 - 00;FUNCIONAL;;Martes;;;;;;7:00.am;8:00.am;;;No aplica;ActivaMente;JULIAN FLOYD;ACT -C-19-JULIAN.F-G6-EL PARCHE
16;Mariano Ramos;Urbana;POLIDEPORTIVO SPORT BOYS;K 48 # 44 - 00;FUNCIONAL;;Martes;;Jueves;;;;7:00.am-8:15.am;8:00.am-9:15.am;;;No aplica;ActivaMente;CARMEN GAMBOA;ACT-C-16-CARMEN G-G05- GRUPO FLOR VALLE
16;Mariano Ramos;Urbana;UNIDAD RECREATIVA MARIANO RAMOS;K 48 # 38-00;FUNCIONAL;Lunes;;;;;;;2:00.pm;3:00.pm;;;No aplica;ActivaMente;FABIAN MORALES;ACT-C-16-FABIAN M-G1- LAS GASELAS
16;Mariano Ramos;Urbana;UNIDAD RECREATIVA MARIANO RAMOS;K 48 # 38-00;FUNCIONAL;Lunes;;;;;;;2:00.pm;3:00.pm;;;No aplica;ActivaMente;FABIAN MORALES;ACT-C-16-FABIAN M-G2-  INNOVADORAS
16;Mariano Ramos;Urbana;UNIDAD RECREATIVA MARIANO RAMOS;K 48 # 38-00;FUNCIONAL;Lunes;;;;;;;3:00.pm;4:00.pm;;;No aplica;ActivaMente;FABIAN MORALES;ACT-C-16-FABIAN M-G3- CORAZON DEL VALLE
16;Antonio Nariño;Urbana;Caseta Comunal Antonio Nariño;K 40 # 43 -  03;FUNCIONAL;;Martes;;;;;;7:00.am;8:00.am;;;No aplica;ActivaMente;FABIAN MORALES;ACT-C-16-FABIAN M-G4- FLORES DEL CAMPO
16;Mariano Ramos;Urbana;UNIDAD RECREATIVA MARIANO RAMOS;K 48 # 38-00;FUNCIONAL;;;Miercoles;Jueves;;;;7:15.am-7:15.am;8:15.am-8:15.am;;;No aplica;ActivaMente;FABIAN MORALES;ACT-C-16-FABIAN M-G5- LAS VALLE CAUCANAS
16;Mariano Ramos;Urbana;UNIDAD RECREATIVA MARIANO RAMOS;K 48 # 38-00;FUNCIONAL;;;Miercoles;Jueves;;;;7:15.am-7:15.am;8:15.am-7:15.am;;;No aplica;ActivaMente;FABIAN MORALES;ACT-C-16-FABIAN M-G6- SOL BRILLANTE
16;Mariano Ramos;Urbana;UNIDAD RECREATIVA MARIANO RAMOS;K 48 # 38-00;FUNCIONAL;;;Miercoles;Jueves;;;;6:15.am-6:15.am;7:15.am-7:15.am;;;No aplica;ActivaMente;FABIAN MORALES;ACT-C-16-FABIAN M-G7- FLOR DEL VALLE
16;República de Israel;Urbana;CANCHA REPUBLICA DE ISRAEL;C 46 CON K 43;FUNCIONAL;Lunes;;;;;;;6:00.am;7:00.am;;;No aplica;ActivaMente;GUILLERMO SAAC;ACT-C-16-GUILLERMO S-G01- SIEMPRE UNIDOS
16;República de Israel;Urbana;CANCHA REPUBLICA DE ISRAEL;C 46 CON K 43;FUNCIONAL;;;;;Viernes;;;7:30.am;8:30.am;;;No aplica;ActivaMente;GUILLERMO SAAC;ACT-C-16-GUILLERMO S-G010-CAMINO A LA VIDA
16;Unión de Vivienda Popular;Urbana;UNIDAD RECREATIVA  MARINO RENGIFO;K 41H # 38-75;FUNCIONAL;Lunes;;;;;;;7:00.am;8:00.am;;;No aplica;ActivaMente;GUILLERMO SAAC;ACT-C-16-GUILLERMO S-G02- CORAZON DE PAZ
16;Unión de Vivienda Popular;Urbana;Polideportivo Cristo Maestro Barrio Union De Vivienda Popular;K  41H  # 44-65;FUNCIONAL;Lunes;;;;;;;8:00.am;9:00.am;;;No aplica;ActivaMente;GUILLERMO SAAC;ACT-C-16-GUILLERMO S-G03- MIS BELLOS ANHELOS
16;Mariano Ramos;Urbana;PARQUE RECREATIVO LA VIRGEN  MARIANO RAMOS;K 47 # 40 - 00;FUNCIONAL;;Martes;;;;;;6:30.am;7:30.am;;;No aplica;ActivaMente;GUILLERMO SAAC;ACT-C-16-GUILLERMO S-G04- GRUPO SAN JUAQUIN
16;Antonio Nariño;Urbana;Parque Recreativo Antonio Nariño;K 40 # 43 - 00;FUNCIONAL;;;Miercoles;;;;;7:30.am;8:30.am;;;No aplica;ActivaMente;GUILLERMO SAAC;ACT-C-16-GUILLERMO S-G06- AURORAS CHEVERES
16;Antonio Nariño;Urbana;Parque Recreativo Antonio Nariño;K 40 # 43 - 00;FUNCIONAL;;;;Jueves;;;;7:30.am;8:30.am;;;No aplica;ActivaMente;GUILLERMO SAAC;ACT-C-16-GUILLERMO S-G08- FLOR DEL CAMPO
16;Ciudad 2000;Urbana;Polideportivo Ciudad 2000;C 34 # 68 - 00;FUNCIONAL;;;;;Viernes;;;6:30.am;7:30.am;;;No aplica;ActivaMente;GUILLERMO SAAC;ACT-C-16-GUILLERMO S-G09- GRUPO CUIDAD 2000
16;Mariano Ramos;Urbana;PARQUE RECREATIVO LA VIRGEN  MARIANO RAMOS;K 47 # 40 - 00;FUNCIONAL;;;;Jueves;;;;8:10.am;9:10.am;;;No aplica;ActivaMente;MIGUEL CASTRILLON;ACT-C-16-MIGUEL C-G01- GRUPO SAN JUAQUIN
16;Brisas del Limonar;Urbana;CANCHA BRISAS DEL LIMONAR;C 28   K 58;FUNCIONAL;;Martes;;;;;;7:00.pm;8:30.pm;;;No aplica;ActivaMente;RODOLFO VALENCIA;ACT-C-16-RODOLFO V-G7- EPOCAS DORADAS
16;República de Israel;Urbana;CANCHA REPUBLICA DE ISRAEL;C 46 CON K 43;FUNCIONAL;Lunes;;Miercoles;;;;;7:00.am-7:00.am;8:00.am-8:00.am;;;No aplica;ActivaMente;JHON VELASCO;ACT-C4-JHON.VELASCO-G01-LAS DELICIAS
16;Unión de Vivienda Popular;Urbana;Unidad Recreativa Marino Rengifo;K 41H # 38-75;ACTIVIDAD FÍSICA Y RECREACIÓN ADAPTADA;Lunes;Martes;;;;;;3:00.pm-3:00.pm;4:30.pm-4:30.pm;;;No aplica;Cali Incluyente;VALENTINA ARDILA;CI - ACTIVIDAD FISICA Y RECREACIÓN ADAPTADA - C16 - G01
16;Unión de Vivienda Popular;Urbana;POLIDEPORTIVO CRISTO MAESTRO;CRA 41H #44-65;ACTIVIDAD FÍSICA Y RECREACIÓN ADAPTADA;Lunes;;Miercoles;;;;;9:00.am-9:00.am;10:30.am-10:30.am;;;No aplica;Cali Incluyente;JOSE LOPEZ;CI - ACTIVIDAD FISICA Y RECREACIÓN ADAPTADA - C16 - G02
16;Unión de Vivienda Popular;Urbana;POLIDEPORTIVO CRISTO MAESTRO;CRA 41H #44-65;BALONCESTO EN SILLA DE RUEDAS;;;Miercoles;;Viernes;;;4:00.pm-4:00.pm;5:30.pm-5:30.pm;;;No aplica;Cali Incluyente;WILSON MESA;CI - BALONCESTO SILLA DE RUEDAS - C16 - G01
16;Antonio Nariño;Urbana;IE CARLOS HOLMES TRUJILLO;Cra 43. Calle 44;REDCREACCION;;;;Jueves;;;;9:05.am;10:00.am;;;No aplica;Cali juega;MARIA MANZANO;CJ-ADOYJUV -C16-IECHT-SDC-NOV3
16;Antonio Nariño;Urbana;IE CARLOS HOLMES TRUJILLO;Cra 43. Calle 44;REDCREACCION;;Martes;;;;;;11:05.am;12:00.pm;;;No aplica;Cali juega;VANESA ROQUEME;CJ-ADOYJUV-C16-IECHT-SDC-DEC1
16;Antonio Nariño;Urbana;IE CARLOS HOLMES TRUJILLO;Cra 43. Calle 44;REDCREACCION;;;;;Viernes;;;7:40.am;8:35.am;;;No aplica;Cali juega;MARIA MANZANO;CJ-ADOYJUV-C16-IECHT-SDC-DEC2
16;Antonio Nariño;Urbana;IE CARLOS HOLMES TRUJILLO;Cra 43. Calle 44;REDCREACCION;;;Miercoles;;;;;12:00.am;12:45.pm;;;No aplica;Cali juega;MARIA MANZANO;CJ-ADOYJUV-C16-IECHT-SDC-DEC3
16;Antonio Nariño;Urbana;IE CARLOS HOLMES TRUJILLO;Cra 43. Calle 44;REDCREACCION;;Martes;;;;;;9:05.am;10:00.am;;;No aplica;Cali juega;VANESA ROQUEME;CJ-ADOYJUV-C16-IECHT-SDC-NOV1
16;Antonio Nariño;Urbana;IE CARLOS HOLMES TRUJILLO;Cra 43. Calle 44;REDCREACCION;;Martes;;;;;;10:00.am;10:50.am;;;No aplica;Cali juega;VANESA ROQUEME;CJ-ADOYJUV-C16-IECHT-SDC-NOV2
16;Antonio Nariño;Urbana;IE CARLOS HOLMES TRUJILLO;Cra 43. Calle 44;REDCREACCION;;;Miercoles;;;;;11:00.am;12:00.pm;;;No aplica;Cali juega;MARIA MANZANO;CJ-ADOYJUV-C16-IECHT-SDC-OCT1
16;Antonio Nariño;Urbana;IE CARLOS HOLMES TRUJILLO;Cra 43. Calle 44;REDCREACCION;;;;Jueves;;;;12:00.am;12:45.am;;;No aplica;Cali juega;MARIA MANZANO;CJ-ADOYJUV-C16-IECHT-SDC-OCT2
16;Antonio Nariño;Urbana;IE CARLOS HOLMES TRUJILLO;Cra 43. Calle 44;REDCREACCION;;;;Jueves;;;;11:05.am;12:00.am;;;No aplica;Cali juega;MARIA MANZANO;CJ-ADOYJUV-C16-IECHT-SDC-OCT3
16;Antonio Nariño;Urbana;IE CARLOS HOLMES TRUJILLO;Cra 43. Calle 44;REDCREACCION;;;;;Viernes;;;12:00.pm;12:45.pm;;;No aplica;Cali juega;JORGE RAMOS;CJ-ADOYJUV-C16-IECHT-SDC-ONC1
16;Antonio Nariño;Urbana;IE CARLOS HOLMES TRUJILLO;Cra 43. Calle 44;REDCREACCION;;;;Jueves;;;;10:00.am;10:50.am;;;No aplica;Cali juega;JORGE RAMOS;CJ-ADOYJUV-C16-IECHT-SDC-ONC2
16;Antonio Nariño;Urbana;IE CARLOS HOLMES TRUJILLO;Cra 43. Calle 44;REDCREACCION;;;;Jueves;;;;7:40.am;8:35.am;;;No aplica;Cali juega;JORGE RAMOS;CJ-ADOYJUV-C16-IECHT-SDC-ONC3
16;Antonio Nariño;Urbana;IE CARLOS HOLMES TRUJILLO;Cra 43. Calle 44;REDCREACCION;;;Miercoles;;;;;10:00.am;10:50.am;;;No aplica;Cali juega;BRYAN LEON;CJ-ADOYJUV-C16-IECHT-SDC-SEP2
16;Antonio Nariño;Urbana;IE CARLOS HOLMES TRUJILLO;Cra 43. Calle 44;REDCREACCION;;;;;Viernes;;;10:00.am;10:55.am;;;No aplica;Cali juega;BRYAN LEON;CJ-ADOYJUV-C16-IECHT-SDC-SEP3
16;Antonio Nariño;Urbana;IE CARLOS HOLMES TRUJILLO;Cra 43. Calle 44;REDCREACCION;;Martes;;;;;;7:40.am;8:30.am;;;No aplica;Cali juega;VANESA ROQUEME;CJ-ADOYJUV-C16-IECHT-SDC-SEPT1
16;Antonio Nariño;Urbana;IE CARLOS HOLMES TRUJILLO;Cra 43. Calle 44;REDCREACCION;;;Miercoles;;;;;7:40.am;8:35.am;;;No aplica;Cali juega;BRYAN LEON;CJ-ADOYJUV-C16-IECHT-SDC-SEPT4
16;Antonio Nariño;Urbana;IE CARLOS HOLMES TRUJILLO;Cra 43. Calle 44;REDCREACCION;;;Miercoles;;;;;9:00.am;10:05.am;;;No aplica;Cali juega;BRYAN LEON;CJ-ADOYJUV-C16-IECHT-SDC-SEX1
16;Antonio Nariño;Urbana;IE CARLOS HOLMES TRUJILLO;Cra 43. Calle 44;REDCREACCION;;;;;Viernes;;;9:05.am;10:00.am;;;No aplica;Cali juega;BRYAN LEON;CJ-ADOYJUV-C16-IECHT-SDC-SEX2
16;Antonio Nariño;Urbana;IE CARLOS HOLMES TRUJILLO;Cra 43. Calle 44;REDCREACCION;;;;;Viernes;;;11:05.am;12:00.pm;;;No aplica;Cali juega;BRYAN LEON;CJ-ADOYJUV-C16-IECHT-SDC-SEX3
16;Antonio Nariño;Urbana;IE CARLOS HOLMES TRUJILLO;Cra 43. Calle 44;REDCREACCION;;Martes;;;;;;6:40.am;7:35.am;;;No aplica;Cali juega;VANESA ROQUEME;CJ-ADOYJUV-C16-IECHT-SDC-SEX4
16;Antonio Nariño;Urbana;IE CARLOS HOLMES TRUJILLO;Cra 43. Calle 44;REDCREACCION;;;;Jueves;;;;9:30.am;10:20.am;;;No aplica;Cali juega;VANESA ROQUEME;CJ-ADOYJUV-C16-IECHT-SLF-DEC
16;Antonio Nariño;Urbana;IE CARLOS HOLMES TRUJILLO;Cra 43. Calle 44;REDCREACCION;;;;Jueves;;;;8:40.am;9:30.am;;;No aplica;Cali juega;VANESA ROQUEME;CJ-ADOYJUV-C16-IECHT-SLF-NOV
16;Antonio Nariño;Urbana;IE CARLOS HOLMES TRUJILLO;Cra 43. Calle 44;REDCREACCION;;;Miercoles;;;;;11:40.am;12:20.pm;;;No aplica;Cali juega;YERALDI MANZANO;CJ-ADOYJUV-C16-IECHT-SLF-OCT1
16;Antonio Nariño;Urbana;IE CARLOS HOLMES TRUJILLO;Cra 43. Calle 44;REDCREACCION;;;;Jueves;;;;7:40.am;8:40.am;;;No aplica;Cali juega;YERALDI MANZANO;CJ-ADOYJUV-C16-IECHT-SLF-OCT2
16;Antonio Nariño;Urbana;IE CARLOS HOLMES TRUJILLO;Cra 43. Calle 44;REDCREACCION;;;;Jueves;;;;10:50.am;11:40.am;;;No aplica;Cali juega;VANESA ROQUEME;CJ-ADOYJUV-C16-IECHT-SLF-ONC
16;Antonio Nariño;Urbana;IE CARLOS HOLMES TRUJILLO;Cra 43. Calle 44;REDCREACCION;;;Miercoles;;;;;9:30.am;10:20.am;;;No aplica;Cali juega;YERALDI MANZANO;CJ-ADOYJUV-C16-IECHT-SLF-SEPT1
16;Antonio Nariño;Urbana;IE CARLOS HOLMES TRUJILLO;Cra 43. Calle 44;REDCREACCION;;;Miercoles;;;;;10:50.am;11:40.am;;;No aplica;Cali juega;YERALDI MANZANO;CJ-ADOYJUV-C16-IECHT-SLF-SEPT2
16;Antonio Nariño;Urbana;IE CARLOS HOLMES TRUJILLO;Cra 43. Calle 44;REDCREACCION;;;Miercoles;;;;;7:40.am;8:40.am;;;No aplica;Cali juega;YERALDI MANZANO;CJ-ADOYJUV-C16-IECHT-SLF-SEX1
16;Antonio Nariño;Urbana;IE CARLOS HOLMES TRUJILLO;Cra 43. Calle 44;REDCREACCION;;;Miercoles;;;;;8:40.am;9:30.am;;;No aplica;Cali juega;YERALDI MANZANO;CJ-ADOYJUV-C16-IECHT-SLF-SEX2
16;Antonio Nariño;Urbana;IE CARLOS HOLMES TRUJILLO;Cra 43. Calle 44;REDCREACCION;;Martes;;;;;;11:40.am;12:30.pm;;;No aplica;Cali juega;JORGE RAMOS;CJ-ADOYJUV-C16-IECHT-SPS-OCT
16;Antonio Nariño;Urbana;IE CARLOS HOLMES TRUJILLO;Cra 43. Calle 44;REDCREACCION;;Martes;;;;;;9:30.am;10:20.am;;;No aplica;Cali juega;MANUEL LOPEZ;CJ-ADOYJUV-C16-IECHT-SPS-SEPT1
16;Antonio Nariño;Urbana;IE CARLOS HOLMES TRUJILLO;Cra 43. Calle 44;REDCREACCION;;Martes;;;;;;10:50.pm;11:40.am;;;No aplica;Cali juega;MANUEL LOPEZ;CJ-ADOYJUV-C16-IECHT-SPS-SEPT2
16;Antonio Nariño;Urbana;IE CARLOS HOLMES TRUJILLO;Cra 43. Calle 44;REDCREACCION;;Martes;;;;;;7:40.am;8:40.am;;;No aplica;Cali juega;JORGE RAMOS;CJ-ADOYJUV-C16-IECHT-SPS-SEX1
16;Antonio Nariño;Urbana;IE CARLOS HOLMES TRUJILLO;Cra 43. Calle 44;REDCREACCION;;Martes;;;;;;8:40.am;9:30.am;;;No aplica;Cali juega;MANUEL LOPEZ;CJ-ADOYJUV-C16-IECHT-SPS-SEX2
16;Antonio Nariño;Urbana;IE CARLOS HOLMES TRUJILLO;Cra 43. Calle 44;ENTRE RISAS Y JUEGOS;;;Miercoles;;;;;8:45.am;9:45.am;;;No aplica;Cali juega;DIANA SERNA;CJ-INF-C16-IECHT-SUV-CUAR1AM
16;Antonio Nariño;Urbana;IE CARLOS HOLMES TRUJILLO;Cra 43. Calle 44;ENTRE RISAS Y JUEGOS;;;;Jueves;;;;10:00.am;10:45.am;;;No aplica;Cali juega;DIANA SERNA;CJ-INF-C16-IECHT-SUV-CUAR2AM
16;Antonio Nariño;Urbana;IE CARLOS HOLMES TRUJILLO;Cra 43. Calle 44;JUEGO EN ACCION PARA UNA INFANCIA MEJOR;;Martes;;;;;;4:45.pm;5:30.pm;;;No aplica;Cali juega;DIANA SERNA;CJ-INF-C16-IECHT-SUV-CUARPM
16;Antonio Nariño;Urbana;IE CARLOS HOLMES TRUJILLO;Cra 43. Calle 44;ENTRE RISAS Y JUEGOS;;Martes;;;;;;1:15.pm;2:00.pm;;;No aplica;Cali juega;GILARID CASTAÑO;CJ-INF-C16-IECHT-SUV-PRI1PM
16;Antonio Nariño;Urbana;IE CARLOS HOLMES TRUJILLO;Cra 43. Calle 44;ENTRE RISAS Y JUEGOS;;Martes;;;;;;2:00.pm;2:45.pm;;;No aplica;Cali juega;GILARID CASTAÑO;CJ-INF-C16-IECHT-SUV-PRI2PM
16;Antonio Nariño;Urbana;IE CARLOS HOLMES TRUJILLO;Cra 43. Calle 44;ENTRE RISAS Y JUEGOS;;Martes;;;;;;7:15.am;8:00.am;;;No aplica;Cali juega;SANTIAGO VEIRA;CJ-INF-C16-IECHT-SUV-PRIAM
16;Antonio Nariño;Urbana;IE CARLOS HOLMES TRUJILLO;Cra 43. Calle 44;ENTRE RISAS Y JUEGOS;;;Miercoles;;;;;10:45.am;11:30.am;;;No aplica;Cali juega;DIANA SERNA;CJ-INF-C16-IECHT-SUV-QUIAM
16;Antonio Nariño;Urbana;IE CARLOS HOLMES TRUJILLO;Cra 43. Calle 44;JUEGO EN ACCION PARA UNA INFANCIA MEJOR;;;Miercoles;;;;;1:15.pm;2:00.pm;;;No aplica;Cali juega;DIANA SERNA;CJ-INF-C16-IECHT-SUV-QUINPM
16;Antonio Nariño;Urbana;IE CARLOS HOLMES TRUJILLO;Cra 43. Calle 44;ENTRE RISAS Y JUEGOS;;Martes;;;;;;8:45.am;9:30.am;;;No aplica;Cali juega;SANTIAGO VEIRA;CJ-INF-C16-IECHT-SUV-SEG1AM
16;Antonio Nariño;Urbana;IE CARLOS HOLMES TRUJILLO;Cra 43. Calle 44;ENTRE RISAS Y JUEGOS;;Martes;;;;;;8:00.am;9:00.am;;;No aplica;Cali juega;SANTIAGO VEIRA;CJ-INF-C16-IECHT-SUV-SEG2AM
16;Antonio Nariño;Urbana;IE CARLOS HOLMES TRUJILLO;Cra 43. Calle 44;ENTRE RISAS Y JUEGOS;;Martes;;;;;;2:45.pm;3:30.pm;;;No aplica;Cali juega;GILARID CASTAÑO;CJ-INF-C16-IECHT-SUV-SEGPM
16;Antonio Nariño;Urbana;IE CARLOS HOLMES TRUJILLO;Cra 43. Calle 44;ENTRE RISAS Y JUEGOS;;Martes;;;;;;10:00.am;10:45.am;;;No aplica;Cali juega;SANTIAGO VEIRA;CJ-INF-C16-IECHT-SUV-TER1AM
16;Antonio Nariño;Urbana;IE CARLOS HOLMES TRUJILLO;Cra 43. Calle 44;ENTRE RISAS Y JUEGOS;;Martes;;;;;;10:45.am;11:00.am;;;No aplica;Cali juega;SANTIAGO VEIRA;CJ-INF-C16-IECHT-SUV-TER2AM
16;Antonio Nariño;Urbana;IE CARLOS HOLMES TRUJILLO;Cra 43. Calle 44;ENTRE RISAS Y JUEGOS;;Martes;;;;;;4:00.pm;4:45.pm;;;No aplica;Cali juega;GILARID CASTAÑO;CJ-INF-C16-IECHT-SUV-TERC1PM
16;Antonio Nariño;Urbana;IE CARLOS HOLMES TRUJILLO;Cra 43. Calle 44;ENTRE RISAS Y JUEGOS;;;;Jueves;;;;4:00.pm;4:45.pm;;;No aplica;Cali juega;CRISTIAN TORRES (LR29);CJ-INF-IECHT-SDC-CUA1
16;Antonio Nariño;Urbana;IE CARLOS HOLMES TRUJILLO;Cra 43. Calle 44;ENTRE RISAS Y JUEGOS;;;;Jueves;;;;4:45.pm;5:30.pm;;;No aplica;Cali juega;CRISTIAN TORRES (LR29);CJ-INF-IECHT-SDC-CUA2
16;Antonio Nariño;Urbana;IE CARLOS HOLMES TRUJILLO;Cra 43. Calle 44;ENTRE RISAS Y JUEGOS;;;;;Viernes;;;1:15.pm;2:45.pm;;;No aplica;Cali juega;CARLOS MEZA;CJ-INF-IECHT-SDC-PRI1
16;Antonio Nariño;Urbana;IE CARLOS HOLMES TRUJILLO;Cra 43. Calle 44;ENTRE RISAS Y JUEGOS;;;;;Viernes;;;2:45.pm;3:33.pm;;;No aplica;Cali juega;CARLOS MEZA;CJ-INF-IECHT-SDC-PRI2
16;Antonio Nariño;Urbana;IE CARLOS HOLMES TRUJILLO;Cra 43. Calle 44;ENTRE RISAS Y JUEGOS;;;;;Viernes;;;4:00.pm;4:45.pm;;;No aplica;Cali juega;CARLOS MEZA;CJ-INF-IECHT-SDC-QUIN1
16;Antonio Nariño;Urbana;IE CARLOS HOLMES TRUJILLO;Cra 43. Calle 44;ENTRE RISAS Y JUEGOS;;;;;Viernes;;;4:45.pm;5:30.pm;;;No aplica;Cali juega;CARLOS MEZA;CJ-INF-IECHT-SDC-QUIN2
16;Antonio Nariño;Urbana;IE CARLOS HOLMES TRUJILLO;Cra 43. Calle 44;ENTRE RISAS Y JUEGOS;;;;Jueves;;;;1:40.pm;2:00.pm;;;No aplica;Cali juega;CARLOS MEZA;CJ-INF-IECHT-SDC-SEG1
16;Antonio Nariño;Urbana;IE CARLOS HOLMES TRUJILLO;Cra 43. Calle 44;ENTRE RISAS Y JUEGOS;;;;;Viernes;;;2:45.pm;3:30.pm;;;No aplica;Cali juega;CARLOS MEZA;CJ-INF-IECHT-SDC-SEG2
16;Antonio Nariño;Urbana;IE CARLOS HOLMES TRUJILLO;Cra 43. Calle 44;ENTRE RISAS Y JUEGOS;;;;Jueves;;;;2:00.pm;2:45.pm;;;No aplica;Cali juega;CRISTIAN TORRES (LR29);CJ-INF-IECHT-SDC-TER1
16;Antonio Nariño;Urbana;IE CARLOS HOLMES TRUJILLO;Cra 43. Calle 44;ENTRE RISAS Y JUEGOS;;;;Jueves;;;;2:45.pm;3:30.pm;;;No aplica;Cali juega;CRISTIAN TORRES (LR29);CJ-INF-IECHT-SDC-TER2
16;Antonio Nariño;Urbana;IE CARLOS HOLMES TRUJILLO;Cra 43. Calle 44;ENTRE RISAS Y JUEGOS;;Martes;;;;;;10:00.am;10:45.am;;;No aplica;Cali juega;XIMENA LOAIZA;CJ-INF-IECHT-SLF-CUAR
16;Antonio Nariño;Urbana;IE CARLOS HOLMES TRUJILLO;Cra 43. Calle 44;ENTRE RISAS Y JUEGOS;;Martes;;;;;;2:45.pm;3:30.pm;;;No aplica;Cali juega;CRISTIAN TORRES (LR29);CJ-INF-IECHT-SLF-CUARPM
16;Antonio Nariño;Urbana;IE CARLOS HOLMES TRUJILLO;Cra 43. Calle 44;ENTRE RISAS Y JUEGOS;;Martes;;;;;;7:15.am;8:00.am;;;No aplica;Cali juega;XIMENA LOAIZA;CJ-INF-IECHT-SLF-PRI
16;Antonio Nariño;Urbana;IE CARLOS HOLMES TRUJILLO;Cra 43. Calle 44;ENTRE RISAS Y JUEGOS;;Martes;;;;;;10:45.am;11:30.am;;;No aplica;Cali juega;XIMENA LOAIZA;CJ-INF-IECHT-SLF-QUIN
16;Antonio Nariño;Urbana;IE CARLOS HOLMES TRUJILLO;Cra 43. Calle 44;ENTRE RISAS Y JUEGOS;;Martes;;;;;;8:00.am;8:45.am;;;No aplica;Cali juega;XIMENA LOAIZA;CJ-INF-IECHT-SLF-SEG
16;Antonio Nariño;Urbana;IE CARLOS HOLMES TRUJILLO;Cra 43. Calle 44;ENTRE RISAS Y JUEGOS;;Martes;;;;;;1:45.pm;2:30.pm;;;No aplica;Cali juega;CRISTIAN TORRES (LR29);CJ-INF-IECHT-SLF-SEGPM
16;Antonio Nariño;Urbana;IE CARLOS HOLMES TRUJILLO;Cra 43. Calle 44;ENTRE RISAS Y JUEGOS;;Martes;;;;;;8:45.am;9:30.am;;;No aplica;Cali juega;XIMENA LOAIZA;CJ-INF-IECHT-SLF-TER
16;Antonio Nariño;Urbana;IE CARLOS HOLMES TRUJILLO;Cra 43. Calle 44;ENTRE RISAS Y JUEGOS;;Martes;;;;;;2:00.pm;2:45.pm;;;No aplica;Cali juega;CRISTIAN TORRES (LR29);CJ-INF-IECHT-SLF-TERPM
16;Antonio Nariño;Urbana;IE CARLOS HOLMES TRUJILLO;Cra 43. Calle 44;ENTRE RISAS Y JUEGOS;;;;Jueves;;;;8:00.am;8:45.am;;;No aplica;Cali juega;ESTHER MINA;CJ-INF-IECHT-SPS-CUAR1
16;Antonio Nariño;Urbana;IE CARLOS HOLMES TRUJILLO;Cra 43. Calle 44;ENTRE RISAS Y JUEGOS;;;;Jueves;;;;8:45.am;9:30.am;;;No aplica;Cali juega;XIMENA LOAIZA;CJ-INF-IECHT-SPS-CUAR2
16;Antonio Nariño;Urbana;IE CARLOS HOLMES TRUJILLO;Cra 43. Calle 44;ENTRE RISAS Y JUEGOS;;;Miercoles;;;;;7:15.am;8:00.am;;;No aplica;Cali juega;ESTHER MINA;CJ-INF-IECHT-SPS-PRI1
16;Antonio Nariño;Urbana;IE CARLOS HOLMES TRUJILLO;Cra 43. Calle 44;ENTRE RISAS Y JUEGOS;;;;Jueves;;;;7:15.am;8:00.am;;;No aplica;Cali juega;ESTHER MINA;CJ-INF-IECHT-SPS-PRI2
16;Antonio Nariño;Urbana;IE CARLOS HOLMES TRUJILLO;Cra 43. Calle 44;ENTRE RISAS Y JUEGOS;;;;Jueves;;;;10:45.am;11:30.am;;;No aplica;Cali juega;XIMENA LOAIZA;CJ-INF-IECHT-SPS-QUIN1
16;Antonio Nariño;Urbana;IE CARLOS HOLMES TRUJILLO;Cra 43. Calle 44;ENTRE RISAS Y JUEGOS;;;;Jueves;;;;10:00.am;10:45.am;;;No aplica;Cali juega;XIMENA LOAIZA;CJ-INF-IECHT-SPS-QUIN2
16;Antonio Nariño;Urbana;IE CARLOS HOLMES TRUJILLO;Cra 43. Calle 44;ENTRE RISAS Y JUEGOS;;;Miercoles;;;;;8:00.am;8:45.am;;;No aplica;Cali juega;ESTHER MINA;CJ-INF-IECHT-SPS-SEG1
16;Antonio Nariño;Urbana;IE CARLOS HOLMES TRUJILLO;Cra 43. Calle 44;ENTRE RISAS Y JUEGOS;;;Miercoles;;;;;8:45.am;9:30.am;;;No aplica;Cali juega;ESTHER MINA;CJ-INF-IECHT-SPS-SEG2
16;Antonio Nariño;Urbana;IE CARLOS HOLMES TRUJILLO;Cra 43. Calle 44;ENTRE RISAS Y JUEGOS;;;Miercoles;;;;;10:00.am;10:45.am;;;No aplica;Cali juega;ESTHER MINA;CJ-INF-IECHT-SPS-TER1
16;Antonio Nariño;Urbana;IE CARLOS HOLMES TRUJILLO;Cra 43. Calle 44;ENTRE RISAS Y JUEGOS;;;Miercoles;;;;;10:45.am;11:30.am;;;No aplica;Cali juega;ESTHER MINA;CJ-INF-IECHT-SPS-TER2
16;Unión de Vivienda Popular;Urbana;HI MI CASITA DE CHOCOLATE;Cra 41G #37 - 19;JUEGO EN ACCION PARA UNA INFANCIA MEJOR;;;Miercoles;;;;;10:20.am;11:10.am;;;No aplica;Cali juega;KATHERIN MAZO;CJ-PI-C16-HICC-JARA1
16;Unión de Vivienda Popular;Urbana;HI MI CASITA DE CHOCOLATE;Cra 41G #37 - 19;JUEGO EN ACCION PARA UNA INFANCIA MEJOR;;Martes;;;;;;9:30.am;10:15.am;;;No aplica;Cali juega;JENIFER cortez;CJ-PI-C16-HICC-JARB1A2
16;Unión de Vivienda Popular;Urbana;HI MI CASITA DE CHOCOLATE;Cra 41G #37 - 19;JUEGO EN ACCION PARA UNA INFANCIA MEJOR;;;Miercoles;;;;;9:30.am;10:15.am;;;No aplica;Cali juega;KATHERIN MAZO;CJ-PI-C16-HICC-PARA3B1
16;Unión de Vivienda Popular;Urbana;HI MI CASITA DE CHOCOLATE;Cra 41G #37 - 19;JUEGO EN ACCION PARA UNA INFANCIA MEJOR;;Martes;;;;;;10:20.am;11:10.am;;;No aplica;Cali juega;KATHERIN MAZO;CJ-PI-C16-HICC-PARB2C
16;Antonio Nariño;Urbana;HI CRECIENDO CON AMOR;Carrera 43A #39-29;JUEGO EN ACCION PARA UNA INFANCIA MEJOR;;Martes;;;;;;8:45.am;9:45.am;;;No aplica;Cali juega;LAURA MATALLANA;CJ-PI-C16-HICCA-BMEH
16;Unión de Vivienda Popular;Urbana;CRISTO MAESTRO;Calle 38A # 43B - 16;JUEGO EN ACCION PARA UNA INFANCIA MEJOR;;;Miercoles;;;;;11:00.am;11:40.am;;;No aplica;Cali juega;NICOLE MANZANO;CJ-PI-C16-HICM-DIAMU
16;República de Israel;Urbana;UTS FRANCISCO J. RUIZ;CARRERA 43B # 38A - 00;JUEGO EN ACCION PARA UNA INFANCIA MEJOR;;;Miercoles;;;;;9:00.am;9:40.am;;;No aplica;Cali juega;LAURA MATALLANA;CJ-PI-C16-HIFJR-LOTO
16;Unión de Vivienda Popular;Urbana;PABLO NERUDA;Cra 42b #45 - 55;JUEGO EN ACCION PARA UNA INFANCIA MEJOR;;;Miercoles;;;;;10:00.am;10:40.am;;;No aplica;Cali juega;NICOLE MANZANO;CJ-PI-C16-HIPAN-CARGU
16;Antonio Nariño;Urbana;CYC-PARQUE DE LA L;Calle 40 con 38;acondicionamiento fisico;;;;;Viernes;;;7:00.am;8:00.am;;;No aplica;Carreras y Caminatas;ALEJANDRO ORTIZ;CYC-ACONDICIONAMIENTO FISICO-C16-ALEJANDRO ORTIZ-G03
16;Mariano Ramos;Urbana;CYC- POLIDEPORTIVO MARIANO RAMOS;Calle 40 # 49-00;acondicionamiento fisico;;Martes;;Jueves;;;;7:10.pm-7:10.pm;8:10.pm-8:10.pm;;;No aplica;Carreras y Caminatas;HAMILTON DAVILA;MARIANO RAMOS
16;Mariano Ramos;Urbana;I.E CRISTOBAL COLON- JOSE JUAQUIN JARAMILLO;1749;RECREO DEPORTIVO;;Martes;;;;;;7:00AM;8:00am;;;No aplica;Deporte Escolar;DANIELA PALACIOS;2170
16;Mariano Ramos;Urbana;I.E CRISTOBAL COLON- JOSE JUAQUIN JARAMILLO;1750;RECREO DEPORTIVO;;Martes;;;;;;1:00PM;2:00pm;;;No aplica;Deporte Escolar;DANIELA PALACIOS;2171
16;Mariano Ramos;Urbana;I.E CRISTOBAL COLON- JOSE JUAQUIN JARAMILLO;1751;RECREO DEPORTIVO;;Martes;;;;;;8:00AM;9:00am;;;No aplica;Deporte Escolar;DANIELA PALACIOS;2172
16;Mariano Ramos;Urbana;I.E CRISTOBAL COLON- JOSE JUAQUIN JARAMILLO;1752;RECREO DEPORTIVO;;Martes;;;;;;2:00PM;3:00pm;;;No aplica;Deporte Escolar;DANIELA PALACIOS;2173
16;Mariano Ramos;Urbana;I.E CRISTOBAL COLON- JOSE JUAQUIN JARAMILLO;1753;RECREO DEPORTIVO;;Martes;;;;;;3:00PM;4:00pm;;;No aplica;Deporte Escolar;DANIELA PALACIOS;2174
16;Mariano Ramos;Urbana;I.E CRISTOBAL COLON- JOSE JUAQUIN JARAMILLO;1754;RECREO DEPORTIVO;;Martes;;;;;;9:00AM;10:00am;;;No aplica;Deporte Escolar;DANIELA PALACIOS;2175
16;Mariano Ramos;Urbana;I.E CRISTOBAL COLON- ANTONIA SANTOS;1755;RECREO DEPORTIVO;;;;Jueves;;;;1:00PM;2:00pm;;;No aplica;Deporte Escolar;DANIELA PALACIOS;2176
16;Mariano Ramos;Urbana;I.E CRISTOBAL COLON- ANTONIA SANTOS;1756;RECREO DEPORTIVO;;;;Jueves;;;;11:00AM;12:00am;;;No aplica;Deporte Escolar;DANIELA PALACIOS;2177
16;Mariano Ramos;Urbana;I.E CRISTOBAL COLON- ANTONIA SANTOS;1757;RECREO DEPORTIVO;;;;Jueves;;;;2:00PM;3:00pm;;;No aplica;Deporte Escolar;DANIELA PALACIOS;2178
16;Mariano Ramos;Urbana;I.E CRISTOBAL COLON- ANTONIA SANTOS;1758;RECREO DEPORTIVO;;;;Jueves;;;;7:00AM;8:00am;;;No aplica;Deporte Escolar;DANIELA PALACIOS;2179
16;Mariano Ramos;Urbana;I.E CRISTOBAL COLON- ANTONIA SANTOS;1759;RECREO DEPORTIVO;;;;Jueves;;;;3:00PM;4:00pm;;;No aplica;Deporte Escolar;DANIELA PALACIOS;2180
16;Mariano Ramos;Urbana;I.E CRISTOBAL COLON- ANTONIA SANTOS;1760;RECREO DEPORTIVO;;;;Jueves;;;;8:00AM;9:00am;;;No aplica;Deporte Escolar;DANIELA PALACIOS;2181
16;República de Israel;Urbana;I.E TECNICO INDUSTRIAL DONALD RODRIGO TAFUR- ANTONIO NARIÑO;1761;RECREO DEPORTIVO;;Martes;;;;;;8:00AM;8:50am;;;No aplica;Deporte Escolar;LUIS MARMOLEJO;2182
16;República de Israel;Urbana;I.E TECNICO INDUSTRIAL DONALD RODRIGO TAFUR- ANTONIO NARIÑO;1762;RECREO DEPORTIVO;;Martes;;;;;;8:50AM;9:45am;;;No aplica;Deporte Escolar;LUIS MARMOLEJO;2183
16;República de Israel;Urbana;I.E TECNICO INDUSTRIAL DONALD RODRIGO TAFUR- ANTONIO NARIÑO;1763;RECREO DEPORTIVO;;Martes;;;;;;10:10AM;11:05am;;;No aplica;Deporte Escolar;LUIS MARMOLEJO;2184
16;República de Israel;Urbana;I.E TECNICO INDUSTRIAL DONALD RODRIGO TAFUR- ANTONIO NARIÑO;1764;RECREO DEPORTIVO;;;Miercoles;;;;;8:00AM;8:50am;;;No aplica;Deporte Escolar;LUIS MARMOLEJO;2185
16;República de Israel;Urbana;I.E TECNICO INDUSTRIAL DONALD RODRIGO TAFUR- ANTONIO NARIÑO;1765;RECREO DEPORTIVO;;;Miercoles;;;;;10:10AM;11:15am;;;No aplica;Deporte Escolar;LUIS MARMOLEJO;2186
16;República de Israel;Urbana;I.E TECNICO INDUSTRIAL DONALD RODRIGO TAFUR- ANTONIO NARIÑO;1766;RECREO DEPORTIVO;;;;Jueves;;;;8:00AM;8:50am;;;No aplica;Deporte Escolar;LUIS MARMOLEJO;2187
16;República de Israel;Urbana;I.E TECNICO INDUSTRIAL DONALD RODRIGO TAFUR- ANTONIO NARIÑO;1767;RECREO DEPORTIVO;;;;Jueves;;;;10:10AM;11:05am;;;No aplica;Deporte Escolar;LUIS MARMOLEJO;2188
16;República de Israel;Urbana;I.E TECNICO INDUSTRIAL DONALD RODRIGO TAFUR- ANTONIO NARIÑO;1768;RECREO DEPORTIVO;;;;;Viernes;;;8:00AM;9:00am;;;No aplica;Deporte Escolar;LUIS MARMOLEJO;2189
16;República de Israel;Urbana;I.E TECNICO INDUSTRIAL DONALD RODRIGO TAFUR- ANTONIO NARIÑO;1769;RECREO DEPORTIVO;;;;;Viernes;;;10:10AM;11:05am;;;No aplica;Deporte Escolar;LUIS MARMOLEJO;2190
16;República de Israel;Urbana;I.E TECNICO INDUSTRIAL DONALD RODRIGO TAFUR- JOSE MARIA CARBONELL;1770;RECREO DEPORTIVO;Lunes;;;;;;;4:30PM;5:30pm;;;No aplica;Deporte Escolar;ALVARO SUAREZ;2191
16;República de Israel;Urbana;I.E TECNICO INDUSTRIAL DONALD RODRIGO TAFUR- JOSE MARIA CARBONELL;1771;RECREO DEPORTIVO;Lunes;;;;;;;12:00AM;1:00pm;;;No aplica;Deporte Escolar;ALVARO SUAREZ;2192
16;República de Israel;Urbana;I.E TECNICO INDUSTRIAL DONALD RODRIGO TAFUR- ANTONIO NARIÑO;1772;RECREO DEPORTIVO;Lunes;;;;;;;3:00PM;4:00pm;;;No aplica;Deporte Escolar;ALVARO SUAREZ;2193
16;República de Israel;Urbana;I.E TECNICO INDUSTRIAL DONALD RODRIGO TAFUR- ANTONIO NARIÑO;1773;RECREO DEPORTIVO;;Martes;;;;;;4:00AM;5:00pm;;;No aplica;Deporte Escolar;ALVARO SUAREZ;2194
16;República de Israel;Urbana;I.E TECNICO INDUSTRIAL DONALD RODRIGO TAFUR- ANTONIO NARIÑO;1774;RECREO DEPORTIVO;;;Miercoles;;;;;4:00PM;5:00pm;;;No aplica;Deporte Escolar;ALVARO SUAREZ;2195
16;República de Israel;Urbana;I.E TECNICO INDUSTRIAL DONALD RODRIGO TAFUR- ANTONIO NARIÑO;1775;RECREO DEPORTIVO;;;;Jueves;;;;4:00PM;5:00pm;;;No aplica;Deporte Escolar;ALVARO SUAREZ;2196
16;República de Israel;Urbana;I.E TECNICO INDUSTRIAL DONALD RODRIGO TAFUR- JOSE MARIA CARBONELL;1776;RECREO DEPORTIVO;;;;;Viernes;;;4:00PM;5:00pm;;;No aplica;Deporte Escolar;ALVARO SUAREZ;2197
16;Unión de Vivienda Popular;Urbana;I. E LIBARDO MADRID VALDERRAMA- ANGELICA SIERRA ARIZABALETA;1777;RECREO DEPORTIVO;;Martes;;;;;;8:00AM;9:00am;;;No aplica;Deporte Escolar;DIEGO RIASCOS;2198
16;Unión de Vivienda Popular;Urbana;I. E LIBARDO MADRID VALDERRAMA- ANGELICA SIERRA ARIZABALETA;1778;RECREO DEPORTIVO;;Martes;;;;;;10:00AM;11:00am;;;No aplica;Deporte Escolar;DIEGO RIASCOS;2199
16;Unión de Vivienda Popular;Urbana;I. E LIBARDO MADRID VALDERRAMA- ANGELICA SIERRA ARIZABALETA;1779;RECREO DEPORTIVO;;Martes;;;;;;11:00AM;12:00pm;;;No aplica;Deporte Escolar;DIEGO RIASCOS;2200
16;Unión de Vivienda Popular;Urbana;I. E LIBARDO MADRID VALDERRAMA- ANGELICA SIERRA ARIZABALETA;1780;RECREO DEPORTIVO;;;Miercoles;;;;;7:00AM;8:00am;;;No aplica;Deporte Escolar;DIEGO RIASCOS;2201
16;Unión de Vivienda Popular;Urbana;I. E LIBARDO MADRID VALDERRAMA- ANGELICA SIERRA ARIZABALETA;1781;RECREO DEPORTIVO;;;Miercoles;;;;;8:00AM;9:00am;;;No aplica;Deporte Escolar;DIEGO RIASCOS;2202
16;Unión de Vivienda Popular;Urbana;I. E LIBARDO MADRID VALDERRAMA- ANGELICA SIERRA ARIZABALETA;1782;RECREO DEPORTIVO;;;Miercoles;;;;;10:00AM;11:00am;;;No aplica;Deporte Escolar;DIEGO RIASCOS;2203
16;Unión de Vivienda Popular;Urbana;I. E LIBARDO MADRID VALDERRAMA- ANGELICA SIERRA ARIZABALETA;1783;RECREO DEPORTIVO;;;Miercoles;;;;;11:00AM;12:00pm;;;No aplica;Deporte Escolar;DIEGO RIASCOS;2204
16;Unión de Vivienda Popular;Urbana;I. E LIBARDO MADRID VALDERRAMA- ANGELICA SIERRA ARIZABALETA;1784;RECREO DEPORTIVO;;;;Jueves;;;;8:00AM;9:00am;;;No aplica;Deporte Escolar;DIEGO RIASCOS;2205
16;Unión de Vivienda Popular;Urbana;I. E LIBARDO MADRID VALDERRAMA- ANGELICA SIERRA ARIZABALETA;1785;RECREO DEPORTIVO;;;;Jueves;;;;10:00AM;11:00am;;;No aplica;Deporte Escolar;DIEGO RIASCOS;2206
16;Unión de Vivienda Popular;Urbana;I. E LIBARDO MADRID VALDERRAMA- ANGELICA SIERRA ARIZABALETA;1786;RECREO DEPORTIVO;;;;Jueves;;;;11:00AM;12:00pm;;;No aplica;Deporte Escolar;DIEGO RIASCOS;2207
16;Unión de Vivienda Popular;Urbana;I. E LIBARDO MADRID VALDERRAMA- PABLO NERUDA;1932;RECREO DEPORTIVO;;Martes;;;;;;7:15AM;9:15am;;;No aplica;Deporte Escolar;CRISTIAN TORO;2353
16;Unión de Vivienda Popular;Urbana;I. E LIBARDO MADRID VALDERRAMA- PABLO NERUDA;1933;RECREO DEPORTIVO;;;Miercoles;;;;;7:15AM;9:15am;;;No aplica;Deporte Escolar;CRISTIAN TORO;2354
16;Unión de Vivienda Popular;Urbana;I. E LIBARDO MADRID VALDERRAMA- PABLO NERUDA;1934;RECREO DEPORTIVO;;;;Jueves;;;;7:15AM;9:15am;;;No aplica;Deporte Escolar;CRISTIAN TORO;2355
16;Unión de Vivienda Popular;Urbana;I. E LIBARDO MADRID VALDERRAMA- PABLO NERUDA;1935;RECREO DEPORTIVO;;;;Jueves;;;;8:15AM;9:15am;;;No aplica;Deporte Escolar;CRISTIAN TORO;2356
16;Unión de Vivienda Popular;Urbana;I. E LIBARDO MADRID VALDERRAMA- PABLO NERUDA;1936;RECREO DEPORTIVO;;;;Jueves;;;;11:00AM;12:00pm;;;No aplica;Deporte Escolar;CRISTIAN TORO;2357
16;Unión de Vivienda Popular;Urbana;I. E LIBARDO MADRID VALDERRAMA- PABLO NERUDA;1937;RECREO DEPORTIVO;;;Miercoles;;;;;11:00AM;12:00pm;;;No aplica;Deporte Escolar;CRISTIAN TORO;2358
16;Unión de Vivienda Popular;Urbana;I. E LIBARDO MADRID VALDERRAMA- PABLO NERUDA;1938;RECREO DEPORTIVO;;Martes;;;;;;10:00AM;11:00am;;;No aplica;Deporte Escolar;CRISTIAN TORO;2359
16;Unión de Vivienda Popular;Urbana;I. E LIBARDO MADRID VALDERRAMA- PABLO NERUDA;1939;RECREO DEPORTIVO;;;Miercoles;;;;;10:00AM;11:00am;;;No aplica;Deporte Escolar;CRISTIAN TORO;2360
16;Unión de Vivienda Popular;Urbana;I. E LIBARDO MADRID VALDERRAMA- PABLO NERUDA;1940;RECREO DEPORTIVO;;Martes;;;;;;11:00AM;12:00pm;;;No aplica;Deporte Escolar;CRISTIAN TORO;2361
16;Unión de Vivienda Popular;Urbana;I. E LIBARDO MADRID VALDERRAMA- PABLO NERUDA;1941;RECREO DEPORTIVO;;;;Jueves;;;;10:00AM;11:00am;;;No aplica;Deporte Escolar;CRISTIAN TORO;2362
16;Mariano Ramos;Urbana;UNIDAD DEPORTIVA MARIANO RAMOS (Boxeo);C 36  # 50 - 04;BOXEO;Lunes;Martes;Miercoles;Jueves;;;;2:30.pm-2:30.pm-2:30.pm-2:30.pm;4:30.pm-4:30.pm-4:30.pm-4:30.pm;;;No aplica;Desafio Elite;ASMET ERAZO;CE - BOXEO - C16 - ASMET ERAZO BUSTOS - G01
16;Mariano Ramos;Urbana;UNIDAD DEPORTIVA MARIANO RAMOS (Boxeo);C 36  # 50 - 04;BOXEO;Lunes;Martes;Miercoles;Jueves;;;;2:30.pm-2:30.pm-2:30.pm-2:30.pm;4:30.pm-4:30.pm-4:30.pm-4:30.pm;;;No aplica;Desafio Elite;LUIS ANGULO;CE - BOXEO - C16 - LUIS CARLOS ANGULO MARQUINEZ - G01
16;Mariano Ramos;Urbana;UNIDAD DEPORTIVA MARIANO RAMOS (Judo);C 36  # 50 - 05;JUDO;Lunes;Martes;;Jueves;Viernes;;;4:00.pm-4:00.pm-4:00.pm-4:00.pm;6:00.pm-6:00.pm-6:00.pm-6:00.pm;;;No aplica;Desafio Elite;JEISON BURBANO;CE - JUDO - C16 -  JEISON BURBANO- G01
16;Mariano Ramos;Urbana;UNIDAD DEPORTIVA MARIANO RAMOS (Judo);C 36  # 50 - 05;JUDO;Lunes;Martes;Miercoles;;;;;5:00.pm-4:30.pm-5:00.pm;6:00.pm-6:00.pm-6:00.pm;;;No aplica;Desafio Elite;JOHAN GOMEZ;CE - JUDO - C16 - JOHAN GOMEZ - G01
16;Mariano Ramos;Urbana;UNIDAD DEPORTIVA MARIANO RAMOS (Coliseo María Isabel Urrutia );C 25 # 14c 50;FUTBOL SALA MASCULINO;Lunes;;;;;;;12:00.am;2:00.pm;;;No aplica;Desafio Elite;BRAYAN GALEANO;CE-FUTBOL SALA-MASCULINO RESERVA -C5-BRAYAN GALEANO-G02
16;Mariano Ramos;Urbana;UNIDAD DEPORTIVA MARIANO RAMOS (Coliseo María Isabel Urrutia );C 25 # 14c 50;FUTBOL SALA MASCULINO;;Martes;;Jueves;;;;5:00.pm-5:00.pm;7:00.pm-7:00.pm;;;No aplica;Desafio Elite;BRAYAN GALEANO;CE-FUTBOL SALA-MASCULINO-C16-BRAYAN GALEANO-G01
16;Mariano Ramos;Urbana;UNIDAD DEPORTIVA MARIANO RAMOS (Coliseo María Isabel Urrutia );C 25 # 14c 50;FUTBOL DE SALÓN MASCULINO;Lunes;Martes;;Jueves;;;;7:00.pm-7:00.pm-7:00.pm;9:00.pm-9:00.pm-9:00.pm;;;No aplica;Desafio Elite;ADRIAN ARIAS;CE-FUTBOL SALÓN-MASCULINO-C16-ADRIAN ARIAS-G01
16;Mariano Ramos;Urbana;UNIDAD DEPORTIVA MARIANO RAMOS (Lucha);C 36  # 50 - 03;LUCHA OLÍMPICA;Lunes;Martes;Miercoles;Jueves;;;;6:00.pm-6:00.pm-6:00.pm-6:00.pm;8:00.pm-8:00.pm-8:00.pm-8:00.am;;;No aplica;Desafio Elite;JUAN SANCHEZ;CE-LUCHA OLIMPICA - C16 - JUAN SANCHEZ CARDONA - G01
16;Ciudad 2000;Urbana;Polideportivo Ciudad 2000;CALLE 41 A # 67 - 21;SESIONES LUDICOPEDAGOGICAS;;;Miercoles;;Viernes;;;6:30.pm-6:30.pm;8:00.pm-8:00.pm;;;No aplica;Poblacion y Etnias;MELISA TREJO;PYE-LGTBIQ+-COLECTIVOS-C16-CHAINA-MELISSA TREJOS-G01
16;Mariano Ramos;Urbana;ECOFUTURO;Carrera 46b#43-05;SESIONES LUDICOPEDAGOGICAS;Lunes;;;;;;;5:00.pm;7:00.pm;;;No aplica;Poblacion y Etnias;GUIDO CUELLAR;PYE-RECICLADORES-15-ECOFUTUROPOTRERO- GUIDO MAURCIO CUELLAR-G5
16;Antonio Nariño;Urbana;Bodega de reciclaje Asociación Arena;Carrera 39 g · 46 - 04;SESIONES LUDICOPEDAGOGICAS;;;;;Viernes;;;3:00.pm;4:00.pm;;;No aplica;Poblacion y Etnias;DIANA TREJOS;PYE-RECICLADORES-C16-ARENA-DIANA MARCELA TREJOS-G01
16;Union de Vivienda Popular;Urbana;Polideportivo Cristo Maestro Union de Vivienda Popular;KR  41H  44-65;FUTBOL;;Martes;;;;;;14:15:00; 15:50:00;;12;Fundamentacion;Deporvida;NELSON ESNEIDER MORALES SANCHEZ;-
16;Union de Vivienda Popular;Urbana;Polideportivo Cristo Maestro Union de Vivienda Popular;KR  41H  44-65;FUTBOL;;;;Jueves;;;;16:00:00; 17:30:00;;12;Fundamentacion;Deporvida;NELSON ESNEIDER MORALES SANCHEZ;-
16;Union de Vivienda Popular;Urbana;Polideportivo Cristo Maestro Union de Vivienda Popular;KR  41H  44-65;FUTBOL;;;;Jueves;;;;14:15:00; 15:50:00;;13;Irradiacion;Deporvida;NELSON ESNEIDER MORALES SANCHEZ;-
16;Union de Vivienda Popular;Urbana;Polideportivo Cristo Maestro Union de Vivienda Popular;KR  41H  44-65;FUTBOL;;Martes;;;;;;18:00:00; 19:30:00;;13;Irradiacion;Deporvida;NELSON ESNEIDER MORALES SANCHEZ;-
16;Mariano Ramos;Urbana;Unidad Recreativa Mariano Ramos ;KR 48 CL 38-00;FUTBOL;;Martes;;Jueves;;;;14:00:00; 16:00:00;;30;Fundamentacion;Deporvida;ROBINSON  CARABALY ;-
16;Mariano Ramos;Urbana;Unidad Recreativa Mariano Ramos ;KR 48 CL 38-00;FUTBOL;;Martes;;Jueves;;;;16:00:00; 18:00:00;;31;Fundamentacion;Deporvida;ROBINSON  CARABALY ;-
16;Mariano Ramos;Urbana;Unidad Recreativa Mariano Ramos ;KR 48 CL 38-00;FUTBOL;;;Miercoles;;Viernes;;;14:00:00; 16:00:00;;32;Fundamentacion;Deporvida;ROBINSON  CARABALY ;-
16;Mariano Ramos;Urbana;Unidad Recreativa Mariano Ramos ;KR 48 CL 38-00;FUTBOL;;;Miercoles;;;;;16:00:00; 18:00:00;;33;Apropiacion;Deporvida;ROBINSON  CARABALY ;-
16;Mariano Ramos;Urbana;Unidad Recreativa Mariano Ramos ;KR 48 CL 38-00;FUTBOL;;;;;Viernes;;;16:00:00; 18:01:00;;33;Apropiacion;Deporvida;ROBINSON  CARABALY ;-
16;Union de Vivienda Popular;Urbana;Polideportivo Cristo Maestro Union de Vivienda Popular;KR  41H  44-65;FUTBOL;;Martes;;Jueves;;;;18:15:00; 20:15:00;;371;Fundamentacion;Deporvida;NELSON  MORALES OSORIO;-
16;Union de Vivienda Popular;Urbana;Polideportivo Cristo Maestro Union de Vivienda Popular;KR  41H  44-65;FUTBOL;;Martes;;;;;;16:00:00; 17:30:00;;418;Base;Deporvida;NELSON ESNEIDER MORALES SANCHEZ;-
16;Union de Vivienda Popular;Urbana;Polideportivo Cristo Maestro Union de Vivienda Popular;KR  41H  44-65;FUTBOL;;;;Jueves;;;;18:00:00; 19:30:00;;418;Base;Deporvida;NELSON ESNEIDER MORALES SANCHEZ;-
16;Union de Vivienda Popular;Urbana;PARQUE DE LOS COLORES;C 38 # 41G;FUTBOL SALA;;Martes;;Jueves;;;;15:00:00; 16:30:00;;17;Fundamentacion;Deporvida;GABRIEL  YEPES MAHECHA;-
16;Union de Vivienda Popular;Urbana;PARQUE DE LOS COLORES;C 38 # 41G;FUTBOL SALA;;Martes;;Jueves;;;;16:30:00; 18:00:00;;18;Base;Deporvida;GABRIEL  YEPES MAHECHA;-
16;Union de Vivienda Popular;Urbana;Polideportivo Cristo Maestro Union de Vivienda Popular;KR  41H  44-65;FUTBOL SALA;;Martes;;Jueves;;;;14:00:00; 16:00:00;;19;Fundamentacion;Deporvida;NELSON  MORALES OSORIO;-
16;Union de Vivienda Popular;Urbana;Polideportivo Cristo Maestro Union de Vivienda Popular;KR  41H  44-65;FUTBOL SALA;;Martes;;Jueves;;;;16:00:00; 18:00:00;;20;Fundamentacion;Deporvida;NELSON  MORALES OSORIO;-
16;Republica de Israel;Urbana;Polideportivo Republica  De Israel ;K 43B # 44;FUTBOL SALA;;Martes;;Jueves;;;;19:00:00; 20:00:00;;34;Irradiacion;Deporvida;JONATHAN  LOPEZ OSORIO;-
16;Republica de Israel;Urbana;Polideportivo Republica  De Israel ;K 43B # 44;FUTBOL SALA;;Martes;;Jueves;;;;20:00:00; 21:00:00;;35;Base;Deporvida;JONATHAN  LOPEZ OSORIO;-
16;Mariano Ramos;Urbana;Unidad Recreativa Mariano Ramos ;KR 48 CL 38-00;NATACION;;Martes;;Jueves;;;;13:00:00; 14:30:00;;27;Base;Deporvida;BEATRIZ  MAFLA REBELLON;-
16;Mariano Ramos;Urbana;Unidad Recreativa Mariano Ramos ;KR 48 CL 38-00;NATACION;;Martes;;Jueves;;;;14:30:00; 16:00:00;;28;Irradiacion;Deporvida;BEATRIZ  MAFLA REBELLON;-
16;Union de Vivienda Popular;Urbana;Unidad Recreativa Marino Rengifo Barrio Union  De Vivienda ;K 41H # 38 75;NATACION;;;;;Viernes;;;7:30:00; 09:00:00;;29;Base;Deporvida;BEATRIZ  MAFLA REBELLON;-
16;Union de Vivienda Popular;Urbana;Unidad Recreativa Marino Rengifo Barrio Union  De Vivienda ;K 41H # 38 75;NATACION;;;;;;Sabado;;19:30:00; 21:30:00;;29;Base;Deporvida;BEATRIZ  MAFLA REBELLON;-
16;Mariano Ramos;Urbana;Unidad Recreativa Mariano Ramos ;KR 48 CL 38-00;ATLETISMO;Lunes;;Miercoles;;Viernes;;;16:00:00; 17:30:00;;36;Base;Deporvida;HERLIN  GIRALDO ACEVEDO;-
16;Mariano Ramos;Urbana;Unidad Recreativa Mariano Ramos ;KR 48 CL 38-00;ATLETISMO;Lunes;;Miercoles;;Viernes;;;17:30:00; 19:00:00;;37;Irradiacion;Deporvida;HERLIN  GIRALDO ACEVEDO;-
16;Ciudad 2000;Urbana;Polideportivo Ciudad 2000;K 34 # 68 00;VOLEIBOL;;;;;;Sabado;;13:00:00; 14:00:00;;387;Irradiacion;Deporvida;ALEJANDRO  RAMIREZ ARCOS;-
16;Ciudad 2000;Urbana;Polideportivo Ciudad 2000;K 34 # 68 00;VOLEIBOL;;;Miercoles;;;;;19:00:00; 20:00:00;;387;Irradiacion;Deporvida;ALEJANDRO  RAMIREZ ARCOS;-
16;Ciudad 2000;Urbana;Polideportivo Ciudad 2000;K 34 # 68 00;VOLEIBOL;;Martes;;Jueves;;;;18:00:00; 20:00:00;;388;Base;Deporvida;ALEJANDRO  RAMIREZ ARCOS;-
17;Lili;Urbana;cancha Ciudad Melendez;Carrera 97 bis #58-50;FUNCIONAL;Lunes;Martes;Miercoles;Jueves;Viernes;;;5:30.am-5:30.am-5:30.am-5:30.am-5:30.am;6:30.am-6:30.am-6:30.am-6:30.am-6:30.am;;;No aplica;ActivaMente;ALFONSO GONZALEZ;ACT-C-10-ALFONSO GONZALEZ G1- GRUPO VIDA PLENA
17;Cañaverales   Los Samanes;Urbana;POLIDEPORTIVO CAÑAVERALES 6;C 18A K 55-105;FUNCIONAL;;Martes;;Jueves;Viernes;;;6:00.pm-6:00.pm-6:00.pm;7:00.pm-6:00.pm-7:00.pm;;;No aplica;ActivaMente;ANGIE AGUDELO;ACT-C-10-ANGIE A-G3 GRUPO CAÑAVERALES
17;Lili;Urbana;Parque Valle del Lili;K 95 CON C 46;FUNCIONAL;;Martes;;Jueves;;;;5:30.am-5:30.am;6:30.am-6:30.am;;;No aplica;ActivaMente;ALFONSO GONZALEZ;ACT-C-17-ALFONSO G G03- GRUPO SAN JUAQUIN POWER FI
17;La Playa;Urbana;PARQUE RECREATIVO LA PLAYA;Calle 7 #96-15;FUNCIONAL;Lunes;;Miercoles;;;;;5:30.am-5:30.am;7:00.am-7:30.am;;;No aplica;ActivaMente;ANDRES BALANTA;ACT-C-17-ANDRES B-G1-GRUPO LA PLAYA
17;La Playa;Urbana;PARQUE RECREATIVO LA PLAYA;Calle 7 #96-15;PRUEBA DE RUMBA;;;Miercoles;;;;;7:00.am;8:30.am;;;No aplica;ActivaMente;ANDRES BALANTA;ACT-C-17-ANDRES B-G2-GRUPO PERSONA MAYOR LA PLAYA
17;Santa Anita   La Selva;Urbana;KIOSCO CLUB PUENTE PALMA;Carrera 59 #12b-82;PRUEBA DE RUMBA;;;Miercoles;;;;;8:30.am;9:30.am;;;No aplica;ActivaMente;ANDRES BALANTA;ACT-C-17-ANDRES B-G3-GRUPO PERSONA MAYOR SANTA ANA
17;Santa Anita   La Selva;Urbana;KIOSCO CLUB PUENTE PALMA;Carrera 59 #12b-82;FUNCIONAL;;;;Jueves;;;;9:40.am;10:40.am;;;No aplica;ActivaMente;ANDRES BALANTA;ACT-C-17-ANDRES B-G4-GRUPO SANTA ANA 2
17;Caney;Urbana;CANCHA DE BALONCESTO EL CANEY;Carrera 80 #42-45;PRUEBA DE RUMBA;;Martes;;Jueves;;;;5:00.am-5:00.am;6:00.am-6:00.am;;;No aplica;ActivaMente;ANDRES BALANTA;ACT-C-17-ANDRES B-G5-GRUPO EL CANEY
17;Caney;Urbana;CANCHA DE BALONCESTO EL CANEY;Carrera 80 #42-45;PRUEBA DE RUMBA;;Martes;;Jueves;;;;6:00.am-6:00.am;7:00.am-7:00.am;;;No aplica;ActivaMente;ANDRES BALANTA;ACT-C-17-ANDRES B-G6-GRUPO EL CANEY MAYOR
17;El Limonar;Urbana;PARQUE JAVIER ABAD;K 67 CON C 11 Y 12;PRUEBA DE RUMBA;;;;Jueves;Viernes;;;8:30.am-8:30.am;9:30.am-9:30.am;;;No aplica;ActivaMente;ANDRES BALANTA;ACT-C-17-ANDRES B-G7-GRUPO EL GRAN LIMONAR
17;El Limonar;Urbana;PARQUE JAVIER ABAD;K 67 CON C 11 Y 12;PRUEBA DE RUMBA;;;;Jueves;Viernes;;;9:30.am-9:30.am;10:30.am-10:30.am;;;No aplica;ActivaMente;ANDRES BALANTA;ACT-C-17-ANDRES B-G8-GRUPO LIMONAR 2
17;Bosques del Limonar;Urbana;PARQUE LA HORMIGA;Calle 13B  Carrera 65B;FUNCIONAL;Lunes;;;;;;;7:00.am;8:00.am;;;No aplica;ActivaMente;FABIAN MORALES;ACT-C-17-FABIAN M G08- GRUPO LA HORMIGA
17;Caney;Urbana;PARQUE CIUDAD REAL;CLL 49 CON CRA 80C;FUNCIONAL;;Martes;;;;;;7:00.pm;8:00.pm;;;No aplica;ActivaMente;JHONATAN MEJIA;ACT-C-17-JHONATAN M -G06- GRUPO-FIT CANEY
17;Caney;Urbana;PARQUE CIUDAD REAL;CLL 49 CON CRA 80C;FUNCIONAL;;;Miercoles;;;;;7:00.am;8:00.am;;;No aplica;ActivaMente;JHONATAN MEJIA;ACT-C-17-JHONATAN M -G07- GRUPO-ENCANTO POR LA VIDA
17;El Limonar;Urbana;Kiosco Bloques Del Limonar (Centro Multiple);K 65 # 14C - 00;FUNCIONAL;Lunes;;;;;;;7:00.am;8:00.am;;;No aplica;ActivaMente;JOSE GUTIERREZ;ACT-C-17-JOSE G-G1-GRUPO INTEGRACION A LA VIDA
17;Ciudad Capri;Urbana;TERTULIADERO CAPRI;C 10A # 78A - 05;FUNCIONAL;;;;;Viernes;;;8:30.am;9:30.am;;;No aplica;ActivaMente;JOSE GUTIERREZ;ACT-C-17-JOSE G-G2-GRUPO ACCION Y VIDA
17;Las Vegas de Comfandi;Urbana;PARQUE VEGAS DE COMFANDI;Carrera 84 #54-84;FUNCIONAL;;Martes;;;;;;7:00.am;8:00.am;;;No aplica;ActivaMente;JOSE GUTIERREZ;ACT-C-17-JOSE G-G3-GRUPO LAS VEGAS DE COMFANDI
17;Caney;Urbana;cancha multiple caney especial biosaludables;Carrera 74 # entre Calle 36 y 38;FUNCIONAL;;;Miercoles;;;;;7:00.am;8:00.am;;;No aplica;ActivaMente;JOSE GUTIERREZ;ACT-C-17-JOSE G-G4-GRUPO SOL Y LUNA
17;Lili;Urbana;cancha múltiple valle del lili;cll 45 #98b 50;FUNCIONAL;;;Miercoles;;;;;8:30.am;9:30.am;;;No aplica;ActivaMente;JOSE GUTIERREZ;ACT-C-17-JOSE G-G5-GRUPO EDAD DE ORO
17;Caney;Urbana;PARQUE ALTOS DE CANEY;Calle 42 Carrera 85C;FUNCIONAL;;;;Jueves;;;;7:00.am;8:00.am;;;No aplica;ActivaMente;JOSE GUTIERREZ;ACT-C-17-JOSE G-G6-NUEVO AMANECER DEL CANEY LL
17;Lili;Urbana;Parque Valle del Lili;K 95 CON C 46;FUNCIONAL;;Martes;;;;;;8:30.am;9:30.am;;;No aplica;ActivaMente;JOSE GUTIERREZ;ACT-C-17-JOSE G-G7-GRUPO ADULTO MAYOR JUAN PABLO LL
17;Caney;Urbana;parque central ciudad real;cra 81a con calle 48a y 49;FUNCIONAL;;Martes;Miercoles;;;;;8:15.am-8:15.am;9:15.am-9:15.am;;;No aplica;ActivaMente;JUAN GIRALDO;ACT-C-17-JUAN G-G1- VIDA SANA
17;Primero de Mayo;Urbana;parque primero de mayo;cll 13 f #54-25;FUNCIONAL;;;;Jueves;;;;7:00.am;8:00.am;;;No aplica;ActivaMente;JUAN GIRALDO;ACT-C-17-JUAN G-G4- PARQUE PRIMERO DE MAYO
17;Cañaverales   Los Samanes;Urbana;SALON COMUNAL B/ CAÑAVERALES;CALLE 18 # 56-20;FUNCIONAL;Lunes;;;;;;;8:15.am;9:15.am;;;No aplica;ActivaMente;JUAN GIRALDO;ACT-C-17-JUAN G-G5-ANCIAS DE VIVIR
17;Ciudadela Comfandi;Urbana;UNIDAD RECREATIVA CIUDADELA COMFANDI;CRA 80 # 38-00;FUNCIONAL;;Martes;;Jueves;;;;7:15.pm-7:15.pm;8:15.pm-8:15.pm;;;No aplica;ActivaMente;JUAN GIRALDO;ACT-C-17-JUAN G-G6-ACTIVATES LAS VEGAS
17;Primero de Mayo;Urbana;Parque Divino Niño;CLL 13E  # 57 - 20;FUNCIONAL;;;;Jueves;;;;7:30.am;8:30.am;;;No aplica;ActivaMente;OTONIEL GONZALEZ;ACT-C-7-OTONIEL G G-G1-DIVINO NIÑO
17;El Limonar;Urbana;PARQUE EL HUMEDAL LIMONAR;CRA 64 A # 14C- 78;FUNCIONAL;;Martes;;Jueves;;;;6:00.pm-6:00.pm;7:00.pm-7:00.pm;;;No aplica;ActivaMente;LARRY CASTILLO;GO1-LARRY CASTILLO-PARQUE HUMEDAL LIMONAR-C17-FUNC
17;Lili;Urbana;Zona Verde Ciudad Melendez;K 95C # 70 - 00;FUNCIONAL;Lunes;;;;Viernes;;;7:20.am-7:20.am;8:20.am-8:20.am;;;No aplica;ActivaMente;RAFAEL RUIZ;GO1-RAFAEL RUIZ-GRUPO CIUDAD MELENDEZ 1-C17-FUNC
17;Lili;Urbana;Parque Valle del Lili;K 95 CON C 46;FUNCIONAL;Lunes;;;;Viernes;;;6:30.am-6:30.am;7:30.am-7:30.am;;;No aplica;ActivaMente;LARRY CASTILLO;GO2-LARRY CASTILLO-GRUPO DEPORTIVO VITALIDAD -C17-ACT-FUNC
17;Lili;Urbana;Zona Verde Ciudad Melendez;K 95C # 70 - 00;FUNCIONAL;Lunes;;;;Viernes;;;8:20.am-8:20.am;9:20.am-9:20.am;;;No aplica;ActivaMente;RAFAEL RUIZ;GO2-RAFAEL RUIZ-GRUPO CIUDAD MELENDEZ 2-C17-FUNC
17;Caney;Urbana;PARQUE CIUDAD REAL;CLL 49 CON CRA 80C;FUNCIONAL;;;Miercoles;;Viernes;;;7:00.am-7:40.am;8:00.am-8:40.am;;;No aplica;ActivaMente;LARRY CASTILLO;GO3-LARRY CASTILLO-GRUPO ENCANTO POR LA VIDA-C17-ACT-FUNC
17;El Limonar;Urbana;PARQUE EL HUMEDAL LIMONAR;CRA 64 A # 14C- 78;FUNCIONAL;;Martes;;Jueves;;;;7:00.am-7:00.am;8:00.am-8:00.am;;;No aplica;ActivaMente;LARRY CASTILLO;GO4-LARRY CASTILLO-GRUPO CANCHA HUMEDAL-C17-ACT-FUNC
17;Lili;Urbana;cancha múltiple valle del lili;cll 45 #98b 50;FUNCIONAL;;Martes;Miercoles;;;;;8:45.am-8:45.am;9:45.am-9:45.am;;;No aplica;ActivaMente;RAFAEL RUIZ;GO5-RAFAEL RUIZ-GRUPO CALIFORNIA-C17-FUNC
17;El Ingenio;Urbana;PARQUE EL INGENIO;K 83 # 16 - 00;FUNCIONAL;;;Miercoles;Jueves;;;;7:30.pm-7:30.am;8:30.am-8:30.am;;;No aplica;ActivaMente;RAFAEL RUIZ;GO6-RAFAEL RUIZ-GRUPO EL INGENIO-C17-FUNC
17;El Ingenio;Urbana;CANCHA DE FUTBOL SAMANES DE GUADALUPE;C18A  K 55;FUNCIONAL;;Martes;;Jueves;;;;7:30.pm-6:50.pm;8:30.pm-7:50.pm;;;No aplica;ActivaMente;RAFAEL RUIZ;GO7-RAFAEL RUIZ-GRUPO SAMANES DE GUADALUPE1-C17-FUNC
17;El Ingenio;Urbana;CANCHA DE FUTBOL SAMANES DE GUADALUPE;C18A  K 55;FUNCIONAL;;Martes;;Jueves;;;;8:30.pm-7:30.pm;8:30.pm-8:30.pm;;;No aplica;ActivaMente;RAFAEL RUIZ;GO8-RAFAEL RUIZ-GRUPO SAMANES DE GUADALUPE2-C17-FUNC
17;Santa Anita   La Selva;Urbana;Club Social Puente Palma;K 59 # 11B - 49;ACTIVIDAD FÍSICA Y RECREACIÓN ADAPTADA;;;;Jueves;Viernes;;;8:00.am-8:00.am;9:30.am-9:30.am;;;No aplica;Cali Incluyente;JUAN MALDONADO;CI - ACTIVIDAD FISICA Y RECREACIÓN ADAPTADA - C17 - G01
17;Primero de Mayo;Urbana;UNIDAD RECREATIVA PRIMERO DE MAYO;carrera 51 # 13 e 89;ACTIVIDAD FÍSICA Y RECREACIÓN ADAPTADA;Lunes;;;;;;;3:00.pm;4:30.pm;;;No aplica;Cali Incluyente;MANUEL CABRERA;CI - ACTIVIDAD FISICA Y RECREACIÓN ADAPTADA - C17 - G02
17;Las Vegas de Comfandi;Urbana;PLAZOLETA PRINCIPAL PARQUE VEGAS DE COMFANDI;CARRERA 85 Y 85C ENTRE CALLES 55 Y 54;ENTRE RISAS Y JUEGOS;;;;Jueves;;;;6:00.pm;7:26.pm;;;No aplica;Cali juega;JORGE RAMOS;CJ-INF-C17-PVDC-COM
17;El Limonar;Urbana;PARQUE BLOQUES DEL LIMONAR O EL HUMEDAL;Calle 14 C # 64 - 00;acondicionamiento fisico;Lunes;;Miercoles;;Viernes;;;7:00.am-7:00.am-7:00.am;8:00.am-8:00.am-8:00.am;;;No aplica;Carreras y Caminatas;HAMILTON DAVILA;BLOQUES DE LIMONAR
17;Ciudad Capri;Urbana;PARQUE CAPRI;Carrera 78A Esquina. Calle 10A;acondicionamiento fisico;Lunes;Martes;;;;;;8:00.am-8:00.am;9:00.am-9:00.am;;;No aplica;Carreras y Caminatas;MAURICIO MONTAÑO;CYC-ACONDICIONAMIENTO FISICO-C17-MAURICIO MONTAÑO-G02
17;Ciudad Capri;Urbana;PARQUE CAPRI;Carrera 78A Esquina. Calle 10A;acondicionamiento fisico;Lunes;;Miercoles;;;;;7:30.pm-7:30.pm;8:30.pm-8:30.pm;;;No aplica;Carreras y Caminatas;MAURICIO MONTAÑO;CYC-ACONDICIONAMIENTO FISICO-C17-MAURICIO MONTAÑO-G03
17;Santa Anita   La Selva;Urbana;Zanjon De Santa Anita;carrera 60 # 11b-123;BALONCESTO MASCULINO 3 X 3;Lunes;;Miercoles;;Viernes;;;4:30.pm-4:30.pm-4:30.pm;7:00.pm-7:00.pm-7:00.pm;;;No aplica;Desafio Elite;LUIS GUZMAN;CE-BALONCESTO MASCULINO 3X3-C17-LUIS GUZMAN-G01
17;Primero de Mayo;Urbana;Polideportivo Primero De Mayo;calle 13f # 54-25;BALONCESTO FEMENINO;;Martes;Miercoles;Jueves;;;;5:30.pm-5:30.pm-5:30.pm;7:30.pm-7:30.pm-7:30.pm;;;No aplica;Desafio Elite;JOSE MEDRANO;CE-BALONCESTO-FEMENINO-C17-JOSE-MEDRANO-G01
17;El Ingenio;Urbana;Parque del ingenio;CARRERA 80 CON CALLE 16;CICLOMONTAÑISMO;;Martes;;Jueves;;Sabado;Domingo;7:00.am-4:00.pm-4:00.pm-7:00.am;11:00.am-6:00.pm-6:00.pm-11:00.am;;;No aplica;Desafio Elite;OLGA GARCIA;CE-CICLOMONTAÑISMO-C17-OLGA MARINA GARCIA-G01
17;Santa Anita   La Selva;Urbana;Centro de Convenciones Las pilas;Cra. 56 #11a-63;PORRISMO;Lunes;;Miercoles;;Viernes;;;8:00.pm-8:00.pm-8:00.pm;10:00.pm-10:00.pm-10:00.pm;;;No aplica;Desafio Elite;CRISTIAN PASTUSANO;CE-PORRISMO-C17-CRISTIAN PASTUSANO-G05
17;CaÃ±averales   Los Samanes;Urbana;Polideportivo Canaverales 6;C 18A # 55 105;FUTBOL;;;;;;Sabado;;8:00:00; 10:00:00;;125;Irradiacion;Deporvida;HECTOR FABIO SANCHEZ LANDAZURI;-
17;CaÃ±averales   Los Samanes;Urbana;Polideportivo Canaverales 6;C 18A # 55 105;FUTBOL;;;Miercoles;;;;;18:45:00; 20:45:00;;125;Irradiacion;Deporvida;HECTOR FABIO SANCHEZ LANDAZURI;-
17;Lili;Urbana;CANCHA DE FUTBOL EL HUMEDAL VALLE DEL LILI;K 102 # 42 00;FUTBOL;;Martes;;Jueves;;;;16:00:00; 18:00:00;;182;Irradiacion;Deporvida;PEDRO PABLO TAVIMA ALBA;-
17;Ciudadela Comfandi;Urbana;Unidad Recreativa Ciudadela De Confandi;KR 80 CL 38;FUTBOL;Lunes;;Miercoles;;;;;15:00:00; 17:00:00;;183;Fundamentacion;Deporvida;PEDRO PABLO TAVIMA ALBA;-
17;Lili;Urbana;Cancha Auxiliar del HUmedal del Valle del Lili;K 102 # 42 00;FUTBOL;;Martes;;Jueves;;;;16:00:00; 17:30:00;;184;Irradiacion;Deporvida;JULIAN andres NOGALES CURREA;-
17;Primero de Mayo;Urbana;Polideportivo Primero de Mayo;K 56 # 13F 14;FUTBOL;Lunes;;;;Viernes;;;19:30:00; 21:30:00;;457;Apropiacion;Deporvida;HECTOR FABIO SANCHEZ LANDAZURI;-
17;Las Vegas de Comfandi;Urbana;CANCHA PARQUE VEGAS DE COMFANDI;K 83C # 50 00;FUTBOL SALA;;;Miercoles;;Viernes;;;9:00:00; 10:30:00;;122;Base;Deporvida;JHON ALEXANDER ROJAS RIVERA;-
17;Ciudadela Comfandi;Urbana;cancha multiple ciudadela de comfandi;C 34 # 83B 50;FUTBOL SALA;;;Miercoles;;Viernes;;;17:00:00; 18:30:00;;185;Irradiacion;Deporvida;IVAN dario BAHAMON GUALDRON;-
17;El Limonar;Urbana;CANCHA MULTIPLE EL HUMEDAL NUEVO LIMONAR;K 64A # 14C 78;FUTBOL SALA;;Martes;;Jueves;;;;18:00:00; 20:00:00;;290;Irradiacion;Deporvida;ESTEFANIA estefania CABEZAS RESTREPO;-
17;Ciudadela Comfandi;Urbana;cancha multiple ciudadela de comfandi;C 34 # 83B 50;FUTBOL SALA;;;Miercoles;;Viernes;;;18:30:00; 20:00:00;;380;Irradiacion;Deporvida;IVAN dario BAHAMON GUALDRON;-
17;Las Vegas de Comfandi;Urbana;CANCHA PARQUE VEGAS DE COMFANDI;K 83C # 50 00;FUTBOL SALA;;Martes;Miercoles;;;;;16:00:00; 17:30:00;;446;Irradiacion;Deporvida;JHON ALEXANDER ROJAS RIVERA;-
17;Ciudadela Comfandi;Urbana;cancha multiple ciudadela de comfandi;C 34 # 83B 50;VOLEIBOL;;Martes;;;;;;16:00:00; 17:00:00;;334;Irradiacion;Deporvida;JEISON  CASTRO VALENZUELA;-
17;Ciudadela Comfandi;Urbana;cancha multiple ciudadela de comfandi;C 34 # 83B 50;VOLEIBOL;;;;Jueves;;;;16:00:00; 17:30:00;;334;Irradiacion;Deporvida;JEISON  CASTRO VALENZUELA;-
17;Ciudadela Comfandi;Urbana;cancha multiple ciudadela de comfandi;C 34 # 83B 50;VOLEIBOL;;Martes;;;;;;17:00:00; 18:00:00;;335;Fundamentacion;Deporvida;JEISON  CASTRO VALENZUELA;-
17;Ciudadela Comfandi;Urbana;cancha multiple ciudadela de comfandi;C 34 # 83B 50;VOLEIBOL;;;;Jueves;;;;17:30:00; 19:00:00;;335;Fundamentacion;Deporvida;JEISON  CASTRO VALENZUELA;-
17;Caney;Urbana;CANCHA MULTIPLE  CANEY ESPECIAL;K 74 # 36 38;VOLEIBOL;Lunes;;Miercoles;;;;;16:00:00; 17:30:00;;336;Base;Deporvida;JEISON  CASTRO VALENZUELA;-
17;Caney;Urbana;CANCHA MULTIPLE  CANEY ESPECIAL;K 74 # 36 38;VOLEIBOL;Lunes;;Miercoles;;;;;17:30:00; 19:00:00;;337;Irradiacion;Deporvida;JEISON  CASTRO VALENZUELA;-
17;CaÃ±averales   Los Samanes;Urbana;Unidad Recreativa CaÃ±averales;K 61 # 18A 35;NATACION;;Martes;;;Viernes;;;14:30:00; 15:30:00;;123;Irradiacion;Deporvida;LUIS enrique SAENZ BADILLO;-
17;CaÃ±averales   Los Samanes;Urbana;Unidad Recreativa CaÃ±averales;K 61 # 18A 35;NATACION;;Martes;;;Viernes;;;15:30:00; 16:30:00;;124;Fundamentacion;Deporvida;LUIS enrique SAENZ BADILLO;-
17;La Hacienda;Urbana;Unidad Caracolies;K 64A # 13B 256;AJEDREZ;;;;;;Sabado;;18:00:00; 19:30:00;;191;Irradiacion;Deporvida;JULIAN DAVID VELEZ QUIJANO;-
17;La Hacienda;Urbana;Unidad Caracolies;K 64A # 13B 256;AJEDREZ;Lunes;;;;;;;19:30:00; 21:00:00;;191;Irradiacion;Deporvida;JULIAN DAVID VELEZ QUIJANO;-
17;El Ingenio;Urbana;Parque Lineal El Ingenio;K83  C14 Y C13;DOWNHILL MOUNTAIN BIKE;Lunes;;;Jueves;;;;5:00.pm-6:30.pm;6:30.pm-8:00.pm;;;No aplica;Vertigo;CARLOS LARGO;VT- DOWNHILL - C17 - CARLOS LARGO G3
17;Primero de Mayo;Urbana;Parque 1 de Mayo;Cl. 13f #54-25;PARKOUR;;Martes;;Jueves;;;;6:30.pm-6:30.pm;8:00.pm-8:00.pm;;;No aplica;Vertigo;KATERINE VALENCIA;VT- PARKOUR-C20-KATERINE VALENCIA-G03
17;Urbanización San Joaquin;Urbana;BOWL SAN JOAQUIN;Cra 94 #16-81;BMX FREESTYLE;;Martes;;Jueves;;;;4:30.pm-4:30.pm;6:00.pm-6:00.pm;;;No aplica;Vertigo;MIGUEL RIVERA;VT-BMX FREESTYLE-C17-MIGUEL RIVERA-G01
17;El Ingenio;Urbana;Parque Lineal El Ingenio;K83  C14 Y C13;SKATEBOARDING;Lunes;;Miercoles;;;;;5:30.pm-5:30.pm;7:00.pm-7:00.pm;;;No aplica;Vertigo;ANTONIO CHAMAT;VT-SKATEBOARDING-C17-ANTONIO CHAMAT-INGENIO G02
17;Urbanización San Joaquin;Urbana;BOWL SAN JOAQUIN;Cra 94 #16-81;SKATEBOARDING;;Martes;;Jueves;;;;3:00.pm-3:00.pm;4:30.pm-4:30.pm;;;No aplica;Vertigo;MICHEL PERRY;VT-SKATEBOARDING-C19-MICHEL PERRY-G03
18;Francisco Eladio Ramirez;Urbana;POLIDEPORTIVO FRANCOSCO ELADIO;K 77 # 3A - 21;FUNCIONAL;Lunes;;;Jueves;;;;7:00.am-7:00.am;8:00.am-8:00.am;;;No aplica;ActivaMente;JORGE PEREZ;ACT -C-18 - JORGE.P-G1-MIS MEJORES AÑOS
18;Buenos Aires;Urbana;CANCHA MULTIPLE BUENOS AIRES;C 2C K  70A;FUNCIONAL;Lunes;;;Jueves;;;;8:15.am-8:15.am;9:15.am-9:15.am;;;No aplica;ActivaMente;JORGE PEREZ;ACT -C-18 - JORGE.P-G2-ARTESANAS
18;Meléndez;Urbana;Parque Biosaludable Altos de Santa Elena - Teatrino;K 96;FUNCIONAL;;;Miercoles;;Viernes;;;8:15.am-8:15.am;9:15.am-9:15.am;;;No aplica;ActivaMente;JORGE PEREZ;ACT -C-18 - JORGE.P-G3-LUZ DE VIDA
18;Horizontes;Urbana;Unidad Recreativa Horizontes;CRA 94 # 3B - 00;FUNCIONAL;;Martes;;;;;;7:00.am;8:00.am;;;No aplica;ActivaMente;JORGE PEREZ;ACT -C-18 - JORGE.P-G4-SEMILLAS DE GIRASOLES
18;Meléndez;Urbana;CASETA COMUNAL MELENDEZ;C 4B # 95 - 200;FUNCIONAL;;Martes;;;;;;8:15.am;9:15.am;;;No aplica;ActivaMente;JORGE PEREZ;ACT -C-18 - JORGE.P-G5-SEMILLAS DE ESPERANZA
18;Meléndez;Urbana;Cancha Multiple Servivienda;K 94D CON 1 OESTE;FUNCIONAL;;;;;Viernes;;;7:00.am;8:00.am;;;No aplica;ActivaMente;JORGE PEREZ;ACT -C-18 - JORGE.P-G7-NUEVO AMANECER SERVIVIENDA
18;Lourdes;Urbana;Parque Recreativo Escobar Navia Lourdes;K 73D # 1B - 00;FUNCIONAL;Lunes;;Miercoles;;;;;7:00.am-8:00.am;8:00.am-9:00.am;;;No aplica;ActivaMente;ESPERANZA PERDOMO;ACT -C-18-ESPERANZA.G-G1-LAS ACACIAS
18;AHDI- Brisas de la Chorrera;Urbana;Cancha Brisas de la Chorrera;Calle 3a oeste #66 c-52;FUNCIONAL;;Martes;;Jueves;;;;4:00.am-4:00.am;12:00.pm-12:00.pm;;;No aplica;ActivaMente;ESPERANZA PERDOMO;ACT -C-18-ESPERANZA.G-G2-BRISAS DE LA CHORRERA
18;Barrio Caldas;Urbana;ESE Hospital Geriatrico y Ancianato San Miguel;K 70 # 2A - 04;FUNCIONAL;Lunes;;;;;;;8:15.am;9:15.am;;;No aplica;ActivaMente;ESPERANZA PERDOMO;ACT -C-18-ESPERANZA.G-G3-HILOS DE PLATA
18;Alto Jordan ;Urbana;PARQUE BIOSALUDABLE LA LUISA;Cra. 89 #2 Oeste-12 a 2 Oeste-20;FUNCIONAL;;Martes;;;;;;8:15.am;9:15.am;;;No aplica;ActivaMente;ESPERANZA PERDOMO;ACT -C-18-ESPERANZA.G-G4-MIS CANITAS PLATEADAS
18;Napoles;Urbana;COLINAS DE ALTO NAPOLES;CALLE 2B OESTE # 82-08;FUNCIONAL;;;Miercoles;;Viernes;;;4:00.pm-4:00.pm;8:00.pm-8:00.pm;;;No aplica;ActivaMente;ALEXANDER MURILLO;ACT-C-18-ALEXANDER.M-G2-RUMBA ALTO NAPOLES
18;Napoles;Urbana;SECTOR SALON AZUL;CARRERA 3OESTEN 80A 08;FUNCIONAL;;Martes;;Jueves;;;;4:00.pm-4:00.pm;8:00.pm-8:00.pm;;;No aplica;ActivaMente;ALEXANDER MURILLO;ACT-C-18-ALEXANDER.M-G3-GRUPO SALON AZUL
18;Prados del Sur;Urbana;Cancha Polvo Rojo;K 79 Y K 80 CON C 2;FUNCIONAL;Lunes;;;;Viernes;;;7:00.am-7:00.am;8:00.am-8:00.am;;;No aplica;ActivaMente;ALEXANDER MURILLO;ACT-C-18-ALEXANDER.M-G4-AÑOS MARAVILLOSOS
18;Alferez Real;Urbana;PARQUE CENTRAL ALFEREZ REAL;CRA 118 CON CLL 20;FUNCIONAL;Lunes;;;;;;;7:00.am;8:00.am;;;No aplica;ActivaMente;JAVIER BALANTA;ACT-C-18-JAVIER.B-G1-SENDEROS DE LUZ
18;Los Farallones;Urbana;Polideportivo Farallones;C 1B # 73 - 00;FUNCIONAL;;;Miercoles;Jueves;;;;7:00.am-7:00.am;8:00.am-8:00.am;;;No aplica;ActivaMente;JAVIER BALANTA;ACT-C-18-JAVIER.B-G2-GRUPO FARALLONES
18;Lourdes;Urbana;CANCHA LOURDES;K 73D CON C 1B - 65;FUNCIONAL;;Martes;;;;;;7:00.am;8:00.am;;;No aplica;ActivaMente;JAVIER BALANTA;ACT-C-18-JAVIER.B-G4-BRISAS DE LADERAS
18;AHDI- Mandarinos;Urbana;CANCHA LOS MANDARINOS;K 94 1 OESTE 2 BIS;FUNCIONAL;Lunes;Martes;;;;;;8:15.am-8:15.am;9:15.am-9:15.am;;;No aplica;ActivaMente;JAVIER BALANTA;ACT-C-18-JAVIER.B-G5-AMISTAD
18;Los Farallones;Urbana;POLIDEPORTIVO QUINTAS DEL REFUGIO;CRA 68 # 1B - 34;FUNCIONAL;;;Miercoles;;Viernes;;;8:15.am-8:15.am;9:15.am-9:15.am;;;No aplica;ActivaMente;ALEXANDER MURILLO;ACT-C-19-ALEXANDER.M-G6-QUINTAS DEL REFUGIO
18;AHDI- Palmas II;Urbana;CANCHA MULTIPLE LAS PALMAS;C 4 OESTE # 90 - 106;FUNCIONAL;;;Miercoles;;Viernes;;;7:15.pm-7:15.pm;8:15.pm-8:15.pm;;;No aplica;ActivaMente;YULIET RIASCOS;ACT-C-21-YULIETH R-G05- GRUPO-NUEVO RESURGIR
18;El Jordán;Urbana;BAJO JORDAN;Cra. 91 #2c 2 Oeste-1 a 2c 2 Oeste-65;JUEGO EN ACCION PARA UNA INFANCIA MEJOR;Lunes;;;;;;;9:00.am;10:48.am;;;No aplica;Cali juega;SIDERADMIN LUZ SIDER;CJ-PI-IEJMV-C10-LEIDY MONTILLA-G01
18;Horizontes;Urbana;CYC UNIDAD RECREATIVA HORIZONTES;K 94 # 3B - 00;acondicionamiento fisico;;;;Jueves;;;;4:00.pm;8:00.pm;;;No aplica;Carreras y Caminatas;ESTEFANIA CABEZAS;CYC-ACONDICIONAMIENTO FISICO-C18-ESTEFANIA CABEZAS-G3
18;Sector Meléndez;Urbana;CARRERA RIO MELENDEZ;cra 62C # 9D-00;acondicionamiento fisico;;Martes;;Jueves;;;;7:30.am-7:30.am;8:30.am-8:30.am;;;No aplica;Carreras y Caminatas;LUIS BOLAÑOS;CYC-ACONDICIONAMIENTO FISICO-C18-LUIS FERNANDO BOLAÑOS-G02
18;Napoles;Urbana;CYC PARQUE RECREATIVO URBANIZACIÓN NAPOLES;Calles 3C y 3E, Carreras 78 y 80;acondicionamiento fisico;;;;Jueves;;;;7:00.am;8:00.am;;;No aplica;Carreras y Caminatas;MAURICIO MONTAÑO;CYC-ACONDICIONAMIENTO FISICO-C18-MAURICIO MONTAÑO-G04
18;Sector Alto Jordán;Urbana;I.E LA ESPERANZA- MAGDALENA ORTEGA DE NARIÑO;1646;RECREO DEPORTIVO;;Martes;;;Viernes;;;7:00AM-8:45AM;7:50am-9:40am;;;No aplica;Deporte Escolar;CARLOS HERRAN;2067
18;Sector Alto Jordán;Urbana;I.E LA ESPERANZA- MAGDALENA ORTEGA DE NARIÑO;1648;RECREO DEPORTIVO;;Martes;;;;;;7:55AM;9:40am;;;No aplica;Deporte Escolar;CARLOS HERRAN;2069
18;Sector Alto Jordán;Urbana;I.E LA ESPERANZA- MAGDALENA ORTEGA DE NARIÑO;1650;RECREO DEPORTIVO;;Martes;;;;;;10:15AM;11:50am;;;No aplica;Deporte Escolar;CARLOS HERRAN;2071
18;Sector Alto Jordán;Urbana;I.E LA ESPERANZA- MAGDALENA ORTEGA DE NARIÑO;1653;RECREO DEPORTIVO;;;Miercoles;;Viernes;;;7:00AM-7:00AM;7:50am-7:50am;;;No aplica;Deporte Escolar;CARLOS HERRAN;2074
18;Sector Alto Jordán;Urbana;I.E LA ESPERANZA- MAGDALENA ORTEGA DE NARIÑO;1654;RECREO DEPORTIVO;;;Miercoles;;Viernes;;;7:55AM-7:55AM;8:40am-8:40am;;;No aplica;Deporte Escolar;CARLOS HERRAN;2075
18;Sector Alto Jordán;Urbana;I.E LA ESPERANZA- MAGDALENA ORTEGA DE NARIÑO;1655;RECREO DEPORTIVO;;;Miercoles;;;;;10:15AM;11:50am;;;No aplica;Deporte Escolar;CARLOS HERRAN;2076
18;Sector Alto Jordán;Urbana;I.E LA ESPERANZA- MAGDALENA ORTEGA DE NARIÑO;1656;RECREO DEPORTIVO;;;;Jueves;;;;7:00AM;8:40am;;;No aplica;Deporte Escolar;CARLOS HERRAN;2077
18;Sector Alto Jordán;Urbana;I.E LA ESPERANZA- MAGDALENA ORTEGA DE NARIÑO;1657;RECREO DEPORTIVO;;;;Jueves;;;;10:15AM;11:50am;;;No aplica;Deporte Escolar;CARLOS HERRAN;2078
18;Prados del Sur;Urbana;I.E JUAN PABLO II- ALVARO ESCOBAR NAVIA;1802;RECREO DEPORTIVO;;Martes;;;;;;8:10AM;9:00am;;;No aplica;Deporte Escolar;JIMMY SANCHEZ;2223
18;Prados del Sur;Urbana;I.E JUAN PABLO II- ALVARO ESCOBAR NAVIA;1803;RECREO DEPORTIVO;;Martes;;;;;;10:15AM;11:00am;;;No aplica;Deporte Escolar;JIMMY SANCHEZ;2224
18;Prados del Sur;Urbana;I.E JUAN PABLO II- ALVARO ESCOBAR NAVIA;1804;RECREO DEPORTIVO;;;Miercoles;;;;;10:15AM;11:00am;;;No aplica;Deporte Escolar;JIMMY SANCHEZ;2225
18;Prados del Sur;Urbana;I.E JUAN PABLO II- ALVARO ESCOBAR NAVIA;1805;RECREO DEPORTIVO;;;Miercoles;;;;;11:00AM;12:00pm;;;No aplica;Deporte Escolar;JIMMY SANCHEZ;2226
18;Prados del Sur;Urbana;I.E JUAN PABLO II- ALVARO ESCOBAR NAVIA;1806;RECREO DEPORTIVO;;;Miercoles;;;;;9:00AM;9:45am;;;No aplica;Deporte Escolar;JIMMY SANCHEZ;2227
18;Prados del Sur;Urbana;I.E JUAN PABLO II- ALVARO ESCOBAR NAVIA;1807;RECREO DEPORTIVO;;Martes;;;;;;9:00AM;9:45am;;;No aplica;Deporte Escolar;JIMMY SANCHEZ;2228
18;Prados del Sur;Urbana;I.E JUAN PABLO II- ALVARO ESCOBAR NAVIA;1808;RECREO DEPORTIVO;;;;;Viernes;;;9:00AM;9:45am;;;No aplica;Deporte Escolar;JIMMY SANCHEZ;2229
18;Sector Alto Jordán;Urbana;I.E LA ESPERANZA- MINUTO DE DIOS;1809;RECREO DEPORTIVO;;Martes;;;;;;7:00AM;9:00am;;;No aplica;Deporte Escolar;JUAN BECERRA;2230
18;Sector Alto Jordán;Urbana;I.E LA ESPERANZA- MINUTO DE DIOS;1810;RECREO DEPORTIVO;;;Miercoles;;;;;7:00AM;9:00am;;;No aplica;Deporte Escolar;JUAN BECERRA;2231
18;Sector Alto Jordán;Urbana;I.E LA ESPERANZA- MINUTO DE DIOS;1811;RECREO DEPORTIVO;;;;Jueves;;;;7:00AM;9:00am;;;No aplica;Deporte Escolar;JUAN BECERRA;2232
18;Sector Alto Jordán;Urbana;I.E LA ESPERANZA- MINUTO DE DIOS;1812;RECREO DEPORTIVO;;;;Jueves;;;;9:15AM;11:30am;;;No aplica;Deporte Escolar;JUAN BECERRA;2233
18;Sector Alto Jordán;Urbana;I.E LA ESPERANZA- MINUTO DE DIOS;1813;RECREO DEPORTIVO;;;;;Viernes;;;7:00AM;9:00am;;;No aplica;Deporte Escolar;JUAN BECERRA;2234
18;Sector Alto Jordán;Urbana;I.E LA ESPERANZA- MINUTO DE DIOS;1814;RECREO DEPORTIVO;;;;;Viernes;;;9:15AM;11:30am;;;No aplica;Deporte Escolar;JUAN BECERRA;2235
18;Prados del Sur;Urbana;I.E JUAN PABLO II- ALVARO ESCOBAR NAVIA;1889;RECREO DEPORTIVO;Lunes;;;Jueves;;;;1:00PM-1:00PM;1:55pm-1:55pm;;;No aplica;Deporte Escolar;CRISTIAN HINESTROSA;2310
18;Prados del Sur;Urbana;I.E JUAN PABLO II- ALVARO ESCOBAR NAVIA;1890;RECREO DEPORTIVO;Lunes;;;;Viernes;;;1:55PM-2:50PM;2:50pm-3:45pm;;;No aplica;Deporte Escolar;CRISTIAN HINESTROSA;2311
18;Prados del Sur;Urbana;I.E JUAN PABLO II- ALVARO ESCOBAR NAVIA;1891;RECREO DEPORTIVO;Lunes;;Miercoles;;;;;2:50PM-2:50PM;3:45pm-3:35pm;;;No aplica;Deporte Escolar;CRISTIAN HINESTROSA;2312
18;Prados del Sur;Urbana;I.E JUAN PABLO II- ALVARO ESCOBAR NAVIA;1892;RECREO DEPORTIVO;;Martes;;;;;;1:00PM;1:55pm;;;No aplica;Deporte Escolar;CRISTIAN HINESTROSA;2313
18;Prados del Sur;Urbana;I.E JUAN PABLO II- ALVARO ESCOBAR NAVIA;1893;RECREO DEPORTIVO;Lunes;;;Jueves;;;;1:55PM-1:55PM;2:50pm-2:50pm;;;No aplica;Deporte Escolar;CRISTIAN HINESTROSA;2314
18;Prados del Sur;Urbana;I.E JUAN PABLO II- ALVARO ESCOBAR NAVIA;1894;RECREO DEPORTIVO;;Martes;;Jueves;;;;2:55PM-2:55PM;3:45pm-3:45pm;;;No aplica;Deporte Escolar;CRISTIAN HINESTROSA;2315
18;Prados del Sur;Urbana;I.E JUAN PABLO II- ALVARO ESCOBAR NAVIA;1895;RECREO DEPORTIVO;;;Miercoles;;Viernes;;;1:00PM-1:00PM;1:55pm-1:55pm;;;No aplica;Deporte Escolar;CRISTIAN HINESTROSA;2316
18;Prados del Sur;Urbana;I.E JUAN PABLO II- ALVARO ESCOBAR NAVIA;1896;RECREO DEPORTIVO;;;Miercoles;;Viernes;;;1:55PM-1:55PM;2:50pm-2:50pm;;;No aplica;Deporte Escolar;CRISTIAN HINESTROSA;2317
18;Napoles;Urbana;CASA SEMILLAS NASA CALI;carrera 83 # 1B oeste - 25;SESIONES LUDICOPEDAGOGICAS;;;;Jueves;;;;10:00.am;11:00.am;;;No aplica;Poblacion y Etnias;JHON YATACUE;PYE-IND.SESION-C02-CASA  SEMILLAS ALTO  MENGA - JHON YATACUE-G05
18;Napoles;Urbana;CASA SEMILLAS NASA CALI;carrera 83 # 1B oeste - 25;SESIONES LUDICOPEDAGOGICAS;;;;;Viernes;;;10:00.am;11:00.am;;;No aplica;Poblacion y Etnias;JHON YATACUE;PYE-IND.SESION-C18-CASA  SEMILLAS NASA 2- JHON YATACUE -G06
18;Napoles;Urbana;CASA SEMILLAS NASA CALI;carrera 83 # 1B oeste - 25;SESIONES LUDICOPEDAGOGICAS;;Martes;;;;;;10:00.am;11:00.am;;;No aplica;Poblacion y Etnias;JHON YATACUE;PYE-IND.SESION-C18-CASA  SEMILLAS NASA1 - JHON YATACUE-G02
18;Alto Nápoles;Urbana;Cabildo NASA UKAWE'SX THA'J;2D-10Carrera 76C Oeste;SESIONES LUDICOPEDAGOGICAS;;;;;Viernes;;;4:00.pm;5:00.pm;;;No aplica;Poblacion y Etnias;EDWIN FERNÁNDEZ;PYE-INDIGENA-C18- CABILDO NASA 1- EDWIN FERNANDEZ – G03
18;Meléndez;Urbana;CASA MAMA MARIA YALANDA;CALLE 4B # 95-200 Casa F.10;SESIONES LUDICOPEDAGOGICAS;Lunes;;;;;;;7:00.pm;8:00.pm;;;No aplica;Poblacion y Etnias;ANNY YALANDA;PYE-INDIGENA-C18- CASA MARIA YALANDA -ANNY YALANDA-G01
18;Alto Nápoles;Urbana;Cabildo NASA UKAWE'SX THA'J;2D-10Carrera 76C Oeste;SESIONES LUDICOPEDAGOGICAS;;;;Jueves;;;;9:30.am;10:30.am;;;No aplica;Poblacion y Etnias;EDWIN FERNÁNDEZ;PYE-INDIGENA-C18- CASA SEMILLA 1 NASA- EDWIN FERNANDEZ – G01
18;Alto Nápoles;Urbana;Cabildo NASA UKAWE'SX THA'J;2D-10Carrera 76C Oeste;SESIONES LUDICOPEDAGOGICAS;;;;Jueves;;;;10:30.am;11:30.am;;;No aplica;Poblacion y Etnias;EDWIN FERNÁNDEZ;PYE-INDIGENA-C18- CASA SEMILLA 2 NASA- EDWIN FERNANDEZ – G02
18;Napoles;Urbana;CPAMS EJECA - BATALLON PICHINCHA;calle 5 # 83 - 00;SESIONES LUDICOPEDAGOGICAS;;;;Jueves;;;;10:00.am;11:00.am;;;No aplica;Poblacion y Etnias;YORK MOSQUERA;PYE-INTRAMURAL-C18- BATALLON PICHINCHA-YORK ENRIQUE MOSQUERA-G03
18;Napoles;Urbana;CPAMS EJECA - BATALLON PICHINCHA;calle 5 # 83 - 00;SESIONES LUDICOPEDAGOGICAS;;;;Jueves;;;;11:00.am;12:00.pm;;;No aplica;Poblacion y Etnias;YORK MOSQUERA;PYE-INTRAMURAL-C18- BATALLON PICHINCHA-YORK ENRIQUE MOSQUERA-G04
18;Los Farallones;Urbana;ASOBOSUR;CLLE 1C  # 71 - 63;SESIONES LUDICOPEDAGOGICAS;;Martes;;;;;;9:00.am;10:00.am;;;No aplica;Poblacion y Etnias;DIANA TREJOS;PYE-RECICLADORES-C18-ASOBOSUR-DIANA MARCELA TREJOS-G03
18;AHDI- Palmas II;Urbana;ASTECAM;Calle  2 oeste # 70-13;SESIONES LUDICOPEDAGOGICAS;;Martes;;;;;;10:30.am;11:30.am;;;No aplica;Poblacion y Etnias;DIANA TREJOS;PYE-RECICLADORES-C18-ASTECAM-DIANA MARCELA TREJOS-G02
18;Francisco Eladio Ramirez;Urbana;Polideportivo  Francisco Eladio Ramirez;K 77 # 3;FUTBOL;;Martes;;;Viernes;;;15:00:00; 16:00:00;;343;Fundamentacion;Deporvida;EIDEREY HUMBERTO ARBOLEDA GONZALEZ;-
18;Alto Jordan ;Urbana;PARQUE ALTO JORDAN;K 88 # 2 Oeste;FUTBOL;;;Miercoles;;Viernes;;;16:00:00; 17:00:00;;347;Irradiacion;Deporvida;YAINER ESTIVEN LOPEZ CORTES;-
18;Melendez;Urbana;Unidad Recreativa Horizoantes;K 94 # 3B 00;FUTBOL;;Martes;;Jueves;;;;17:00:00; 18:00:00;;348;Fundamentacion;Deporvida;YAINER ESTIVEN LOPEZ CORTES;-
18;Lourdes;Urbana;Unidad Recreativa Lourdes;C 70 # 1A 30;FUTBOL;;;Miercoles;;Viernes;;;15:30:00; 17:00:00;;349;Fundamentacion;Deporvida;THEISSON Alirio IBARRA GUTIeRREZ;-
18;Alto Napoles;Urbana;CANCHA DE FUTBOL POLVO ROJO ALTO NAPOLES;K 78A # 2 00;FUTBOL;Lunes;;;Jueves;;;;15:30:00; 17:00:00;;350;Fundamentacion;Deporvida;THEISSON Alirio IBARRA GUTIeRREZ;-
18;Francisco Eladio Ramirez;Urbana;Polideportivo  Francisco Eladio Ramirez;K 77 # 3;FUTBOL;;Martes;;;Viernes;;;16:00:00; 17:00:00;;356;Fundamentacion;Deporvida;EIDEREY HUMBERTO ARBOLEDA GONZALEZ;-
18;Lourdes;Urbana;Unidad Recreativa Lourdes;C 70 # 1A 30;FUTBOL;Lunes;;;;Viernes;;;17:01:00; 18:00:00;;359;Irradiacion;Deporvida;THEISSON Alirio IBARRA GUTIeRREZ;-
18;Melendez;Urbana;Unidad Recreativa Horizoantes;K 94 # 3B 00;FUTBOL;Lunes;;;Jueves;;;;15:00:00; 16:00:00;;376;Irradiacion;Deporvida;YAINER ESTIVEN LOPEZ CORTES;-
18;Alto Napoles;Urbana;CANCHA DE FUTBOL POLVO ROJO ALTO NAPOLES;K 78A # 2 00;FUTBOL;Lunes;;Miercoles;;;;;14:00:00; 15:30:00;;475;Fundamentacion;Deporvida;ANDRES felipe CASTILLO ILLO;-
18;Polvorines;Urbana;CANCHA BALONCESTO SERVIVIENDA BAJO POLVORINES;K 94C # 1 Oeste 00;FUTBOL SALA;;;Miercoles;;Viernes;;;9:00:00; 11:00:00;;345;Irradiacion;Deporvida;DIEGO  ASTUDILLO ALVEAR;-
18;Polvorines;Urbana;CANCHA BALONCESTO SERVIVIENDA BAJO POLVORINES;K 94C # 1 Oeste 00;FUTBOL SALA;;;Miercoles;;Viernes;;;14:00:00; 15:45:00;;346;Fundamentacion;Deporvida;DIEGO  ASTUDILLO ALVEAR;-
18;Sector Alto Jordan;Urbana;PARQUE RECREATIVO LOS MANDARINOS;KR 94A1 CL 2B OE;FUTBOL SALA;;Martes;;Jueves;;;;16:00:00; 17:30:00;;409;Base;Deporvida;NAYDUTH  TORRES CALAPSU;-
18;Polvorines;Urbana;SEDE COMUNA ALTO POLVORINES;C 3C Oeste # 94 2 84;FUTBOL SALA;;Martes;;Jueves;;;;17:30:00; 19:00:00;;474;Apropiacion;Deporvida;NAYDUTH  TORRES CALAPSU;-
18;Polvorines;Urbana;CANCHA BALONCESTO SERVIVIENDA BAJO POLVORINES;K 94C # 1 Oeste 00;PATINAJE;Lunes;;Miercoles;;Viernes;;;16:00:00; 17:00:00;;455;Base;Deporvida;NATALIA  OCAMPO UMAÃ±A;-
18;Polvorines;Urbana;CANCHA BALONCESTO SERVIVIENDA BAJO POLVORINES;K 94C # 1 Oeste 00;PATINAJE;Lunes;;Miercoles;;Viernes;;;17:00:00; 18:00:00;;456;Irradiacion;Deporvida;NATALIA  OCAMPO UMAÃ±A;-
18;Melendez;Urbana;CANCHA MULTIPLE LA ARBOLEDA;K 93 BIS # 3 Oeste;VOLEIBOL;;Martes;;Jueves;;;;18:30:00; 19:45:00;;440;Irradiacion;Deporvida;ALEJANDRO  CARDONA CAICEDO;-
18;Melendez;Urbana;CANCHA MULTIPLE LA ARBOLEDA;K 93 BIS # 3 Oeste;VOLEIBOL;;Martes;;Jueves;;;;19:45:00; 21:00:00;;441;Fundamentacion;Deporvida;ALEJANDRO  CARDONA CAICEDO;-
18;Sector Alto Jordán;Urbana;CIDES Parque los Pinos;Calle 4 oeste Bajo Jordan;PARKOUR;;Martes;Miercoles;;;;;4:30.pm-4:30.pm;6:00.pm-6:00.pm;;;No aplica;Vertigo;KATERINE VALENCIA;VT- PARKOUR-C19-KATERINE VALENCIA-G02
18;Sector Alto Jordán;Urbana;Biblioteca Pública Centro Cultural  - ALTO JORDAN  Comuna 18;C1A Oe. # 93-24;PARKOUR;Lunes;;Miercoles;;;;;4:00.pm-4:00.pm;5:30.pm-5:30.pm;;;No aplica;Vertigo;JULIAN ERAZO;VT-PARKOUR-C18-JULIAN ERAZO-G03
19;Pampa Linda;Urbana;PARQUE RECREATIVO NIZA;cra 62C # 9D-00;FUNCIONAL;;Martes;;Jueves;;;;8:30.am-8:30.am;12:30.pm-12:30.pm;;;No aplica;ActivaMente;MARIA ECHEVERRY;ACT -C-17-ANGELICA.E-G5-NIZA PM
19;San Fernando Nuevo;Urbana;PARQUE LAS PIEDRAS;C 5B 4 # 37A  - 00;FUNCIONAL;;;Miercoles;Jueves;;;;8:30.am-8:30.am;9:30.am-9:30.am;;;No aplica;ActivaMente;MARIA ECHEVERRY;ACT -C-19-ANGELICA.E-G1-FUNDADORAS DE SAN FERNANDO
19;3 de Julio;Urbana;PARQUE 3 DE JULIO;K 29 CON C 5B 1;FUNCIONAL;Lunes;;;;Viernes;;;8:15.am-8:15.am;9:15.am-9:15.am;;;No aplica;ActivaMente;MARIA ECHEVERRY;ACT -C-19-ANGELICA.E-G2-SAN FERNANDO REY
19;Camino Real   J. Borrero S.;Urbana;PARQUE IGLESIA INMACULADO CORAZÓN DE MARÍA;Cra. 55a #6A-07;FUNCIONAL;;Martes;;;Viernes;;;7:00.am-7:00.am;8:00.am-8:00.am;;;No aplica;ActivaMente;MARIA ECHEVERRY;ACT -C-19-ANGELICA.E-G4-CAMINO REAL
19;La Cascada;Urbana;CANCHA MÚLTIPLE LA CASCADA;Calle 2a con Carrera 63;FUNCIONAL;;;Miercoles;;;;;7:00.am;8:00.am;;;No aplica;ActivaMente;DIANA PATIÑO;ACT -C-19-DIANA-P-G6-AMOR Y ALEGRIA
19;El Refugio;Urbana;Parque Del Refugio cancha múltiple;Carrera 64 entre Calle 3C y 4D;FUNCIONAL;;Martes;;Jueves;;;;8:15.am-8:15.am;9:15.am-9:15.am;;;No aplica;ActivaMente;JULIAN FLOYD;ACT -C-19-JULIAN.F-G1-REFUGIO DE AMOR
19;Santa Isabel;Urbana;Parque Santa Isabel;C3 # K38C - 00;FUNCIONAL;;;Miercoles;;Viernes;;;8:15.am-8:15.am;9:15.am-9:15.am;;;No aplica;ActivaMente;JULIAN FLOYD;ACT -C-19-JULIAN.F-G2-LOS ALMENDROS
19;Bellavista;Urbana;Cancha Multiple Bellavista;C 14 OESTE CON K 3;FUNCIONAL;Lunes;;;Jueves;;;;7:00.am-7:00.am;8:00.am-8:00.am;;;No aplica;ActivaMente;JULIAN FLOYD;ACT -C-19-JULIAN.F-G3-BELLAVISTA 1
19;Bellavista;Urbana;Cancha Multiple Bellavista;C 14 OESTE CON K 3;FUNCIONAL;Lunes;;;;;;;8:00.am;9:00.am;;;No aplica;ActivaMente;JULIAN FLOYD;ACT -C-19-JULIAN.F-G3-BELLAVISTA 2
19;El Lido;Urbana;kiosko Unidad residencial antonio nariño;C 5 # 43-70;FUNCIONAL;;;Miercoles;;Viernes;;;7:00.am-7:00.am;8:00.am-8:00.am;;;No aplica;ActivaMente;JULIAN FLOYD;ACT -C-19-JULIAN.F-G5-REJUVENECER
19;Cuarto de Legua   Guadalupe;Urbana;KIOSKO CARACOLIES;Calle 2 con carrera 59;FUNCIONAL;;Martes;;Jueves;;;;9:15.am-9:15.am;10:15.am-10:15.am;;;No aplica;ActivaMente;JULIAN FLOYD;ACT -C-19-JULIAN.F-G7-CARACOLÍES
19;Cuarto de Legua   Guadalupe;Urbana;PARQUE RECREATIVO CUARTO DE LEGUA;Calle 2 #59-00;FUNCIONAL;;Martes;;;;;;7:00.am;8:00.am;;;No aplica;ActivaMente;PAULO PLAZA;ACT-C-1-PAULO.PLAZA-G01-AÑOS DORADOS
19;Champagnat;Urbana;Parque Sindicato USE Emcali-Champagnat;calle 9cbis # 28 46;FUNCIONAL;Lunes;;;;Viernes;;;7:10.am-7:10.am;8:10.am-8:10.am;;;No aplica;ActivaMente;MAURICIO GORDILLO;ACT-C-10-MAURICIO G-G02- GRUPO-LOS GUABALES
19;Nueva Tequendama;Urbana;Club Tequendama;CRA 53 # 7 - 111;FUNCIONAL;;Martes;;;;;;8:30.am;9:30.am;;;No aplica;ActivaMente;ALEXANDER MURILLO;ACT-C-19-ALEXANDER.M-G1-VIDA NUEVA
19;Los Cambulos;Urbana;Parque Recreativo Cambulos;CRA 42A # 9C - 00;FUNCIONAL;Lunes;;Miercoles;;Viernes;;;7:30.am-7:30.am-7:30.am;8:30.am-8:30.am-8:30.am;;;No aplica;ActivaMente;ANGIE OROZCO;ACT-C-19-ANGIE.O-G1-ADULTO SALUDABLE
19;Barrio Eucarístico;Urbana;Escuela Nacional del Deporte;C 9 # 34 - 01;FUNCIONAL;;Martes;;Jueves;;;;7:00.am-8:15.am;8:00.am-9:15.am;;;No aplica;ActivaMente;ANGIE OROZCO;ACT-C-19-ANGIE.O-G2-RENACER
19;Pampa Linda;Urbana;PARQUE EL BUHO;Calle 1c con Carrera 60;FUNCIONAL;;Martes;;Jueves;;;;6:00.pm-6:00.pm;7:00.pm-7:00.pm;;;No aplica;ActivaMente;ANGIE OROZCO;ACT-C-19-ANGIE.O-G3-VIVIR CON ALEGRIA
19;La Cascada;Urbana;Cancha La Cascada;Calle 2a y 2b, Carrera 62 y 63;FUNCIONAL;;Martes;;;;;;7:00.am;8:00.am;;;No aplica;ActivaMente;ANGIE OROZCO;ACT-C-19-ANGIE.O-G4-LA CASCADA
19;San Fernando Nuevo;Urbana;UNIDAD RESIDENCIAL SANTIAGO DE CALI;CRA 45 #5A -52;FUNCIONAL;;Martes;;Jueves;;;;7:00.am-7:00.am;8:00.pm-8:00.am;;;No aplica;ActivaMente;TANIA MEJIA;ACT-C-19-TANIA.M-G1-URESA
19;Pampa Linda;Urbana;Cancha múltiple Pampalinda;Calle  2a Carrera 62-00;PRUEBA DE RUMBA;;Martes;;Jueves;;;;7:10.am-7:10.am;8:10.am-8:10.am;;;No aplica;ActivaMente;PAOLA FERNÁNDEZ;GO2 -PAOLA FERNANDEZ-GRUPO PAMPALINDA FITNESS19 -C9-ACT-FUNC
19;Nueva Tequendama;Urbana;Unidad Recreativa Santiago De Cali;CLL5E # 46 - 55;ACUATICA;;Martes;;;;;;11:00.am;1:00.pm;;;No aplica;ActivaMente;LARRY CASTILLO;GO5-LARRY CASTILLO-GRUPO HIDROTERAPIA1 -C19-ACT-FUNC
19;Nueva Tequendama;Urbana;Unidad Recreativa Santiago De Cali;CLL5E # 46 - 55;FUNCIONAL;;;Miercoles;;;;;11:00.am;1:00.pm;;;No aplica;ActivaMente;LARRY CASTILLO;GO6-LARRY CASTILLO-GRUPO HIDROTERAPIA2 -C19-ACT-FUNC
19;Nueva Tequendama;Urbana;Unidad Recreativa Santiago De Cali;CLL5E # 46 - 55;ACUATICA;;;;Jueves;;;;11:00.am;1:00.pm;;;No aplica;ActivaMente;LARRY CASTILLO;GO7-LARRY CASTILLO-GRUPO HIDROTERAPIA3 -C19-ACT-FUNC
19;San Fernando Nuevo;Urbana;instituto Tobías Emanuel;C 5B2 K # 37a-75;ACTIVIDAD FÍSICA Y RECREACIÓN ADAPTADA;Lunes;;Miercoles;;;;;11:30.am-11:30.am;12:30.pm-12:30.pm;;;No aplica;Cali Incluyente;LIBETH ARIAS;CI - ACTIVIDAD FISICA Y RECREACIÓN ADAPTADA - C19 - G01
19;San Fernando Viejo;Urbana;INSTITUTO PARA NIÑOS CIEGOS Y SORDOS;Cra. 38 # 5B 1-39;ACTIVIDAD FÍSICA Y RECREACIÓN ADAPTADA;Lunes;;Miercoles;;;;;1:15.pm-1:15.pm;3:30.pm-3:30.pm;;;No aplica;Cali Incluyente;JANER TAFUR;CI - ACTIVIDAD FISICA Y RECREACIÓN ADAPTADA - C19 - G02
19;El Cedro;Urbana;IGLESIA LA MILAGROSA;avenida Roosevelt #29-71;ACTIVIDAD FÍSICA Y RECREACIÓN ADAPTADA;;;;Jueves;;;;9:00.am;11:00.am;;;No aplica;Cali Incluyente;MANUEL CABRERA;CI - ACTIVIDAD FISICA Y RECREACIÓN ADAPTADA - C19 - G03
19;Urbanización Tequendama;Urbana;Asociacion de Sordos del Valle;Cra 25 # 6-45;ACTIVIDAD FÍSICA Y RECREACIÓN ADAPTADA;;Martes;;;Viernes;;;8:00.am-8:00.am;9:30.am-9:30.am;;;No aplica;Cali Incluyente;LUIS LOPEZ;CI - ACTIVIDAD FISICA Y RECREACIÓN ADAPTADA - C19 - G05
19;San Fernando Viejo;Urbana;Club de Leones ITES;C 3 # 26-51;ACTIVIDAD FÍSICA Y RECREACIÓN ADAPTADA;Lunes;;Miercoles;;;;;10:00.am-10:00.am;11:00.am-11:00.am;;;No aplica;Cali Incluyente;LIBETH ARIAS;CI - ACTIVIDAD FISICA Y RECREACIÓN ADAPTADA - C19 - G06
19;Barrio Eucarístico;Urbana;UNIDAD DEPORTIVA JAIME APARICIO  (Piscinas Hernando Botero O´Byrne);Cll 9 # 37 - 00;PARA NATACIÓN;Lunes;;Miercoles;;;;;2:00.pm-2:00.pm;3:00.pm-3:00.pm;;;No aplica;Cali Incluyente;YELSI CULCHAC;CI - INICIACION PARANATACION - C19 - G01
19;Barrio Eucarístico;Urbana;UNIDAD DEPORTIVA JAIME APARICIO  (Piscinas Hernando Botero O´Byrne);Cll 9 # 37 - 00;PARA NATACIÓN;Lunes;;Miercoles;;;;;3:00.pm-3:00.pm;4:00.pm-4:00.pm;;;No aplica;Cali Incluyente;YELSI CULCHAC;CI - INICIACION PARANATACION - C19 - G02
19;Barrio Eucarístico;Urbana;UNIDAD DEPORTIVA JAIME APARICIO  (Piscinas Hernando Botero O´Byrne);Cll 9 # 37 - 00;PARA NATACIÓN;Lunes;;;;;;;4:00.pm;5:00.pm;;;No aplica;Cali Incluyente;YELSI CULCHAC;CI - INICIACION PARANATACION - C19 - G03
19;Barrio Eucarístico;Urbana;UNIDAD DEPORTIVA  JAIME APARICIO;C 9 No. 37-01;BALONCESTO AUDITIVO;;Martes;;Jueves;;;Domingo;9:00.am-7:00.pm-7:00.pm;11:00.am-9:00.pm-9:00.pm;;;No aplica;Cali Incluyente;LUIS LOPEZ;CI -INICIACION BALONCESTO AUDITIVO - C19 - G01
19;Barrio Eucarístico;Urbana;UNIDAD DEPORTIVA  JAIME APARICIO;C 9 No. 37-01;BOCCIA;;;;;Viernes;;;2:30.pm;3:30.pm;;;No aplica;Cali Incluyente;KEVIN WESSEL;CI- BOCCIA - C19-G05
19;Bellavista;Urbana;IE NORMAL SUPERIOR SEDE CALDAS;Cra. 22 #2-65;ENTRE RISAS Y JUEGOS;;Martes;;;;;;9:15.am;10:00.am;;;No aplica;Cali juega;BRYAN LEON;CJ-INF-C19-IENSF-SC-CUAR
19;Bellavista;Urbana;IE NORMAL SUPERIOR SEDE CALDAS;Cra. 22 #2-65;ENTRE RISAS Y JUEGOS;;Martes;;;;;;7:15.am;8:00.am;;;No aplica;Cali juega;BRYAN LEON;CJ-INF-C19-IENSF-SC-PRI
19;Bellavista;Urbana;IE NORMAL SUPERIOR SEDE CALDAS;Cra. 22 #2-65;ENTRE RISAS Y JUEGOS;;Martes;;;;;;10:30.am;11:15.am;;;No aplica;Cali juega;JORGE RAMOS;CJ-INF-C19-IENSF-SC-QUIN
19;Bellavista;Urbana;IE NORMAL SUPERIOR SEDE CALDAS;Cra. 22 #2-65;ENTRE RISAS Y JUEGOS;;Martes;;;;;;8:00.am;8:45.am;;;No aplica;Cali juega;BRYAN LEON;CJ-INF-C19-IENSF-SC-SEG
19;Bellavista;Urbana;IE NORMAL SUPERIOR SEDE CALDAS;Cra. 22 #2-65;ENTRE RISAS Y JUEGOS;;Martes;;;;;;8:45.am;9:15.am;;;No aplica;Cali juega;BRYAN LEON;CJ-INF-C19-IENSF-SC-TER
19;La Cascada;Urbana;HI LAS CASCADAS;Calle 3C #73-40;JUEGO EN ACCION PARA UNA INFANCIA MEJOR;;;;Jueves;;;;10:00.am;11:00.am;;;No aplica;Cali juega;EVELYN COLLAZOS;CJ-PI-C18-HILC-CREA3C2
19;La Cascada;Urbana;HI LAS CASCADAS;Calle 3C #73-40;JUEGO EN ACCION PARA UNA INFANCIA MEJOR;;;Miercoles;;;;;9:00.am;10:00.am;;;No aplica;Cali juega;LORENA RENGIFO;CJ-PI-C18-HILC-PI1CU3
19;San Fernando Viejo;Urbana;CAMINATA SENDERO CRISTO REY;CRA 36 CON CLL 46;acondicionamiento fisico;;;;;;;Domingo;6:45.am;9:00.am;;;No aplica;Carreras y Caminatas;KAROL PORTILLA;1. CAMINATA SENDERO CRISTO REY CYC
19;El Refugio;Urbana;Parque el Divino Salvador;CARRERA 66B CON CALLE 3;acondicionamiento fisico;;Martes;;;Viernes;;;6:45.am-6:45.am;7:45.am-7:45.am;;;No aplica;Carreras y Caminatas;FARDY RAMIREZ;CYC-ACONDICIONAMIENTO FISICO-C19-FARDY RAMIREZ GOMEZ-G01
19;Barrio Eucarístico;Urbana;PISTA AUXILIAR DE ATLETISMO - UNIDAD DEPORTIVA JAIME APARICIO;Carrera 39 # 91;acondicionamiento fisico;;Martes;;Jueves;;;;7:00.pm-7:00.pm;8:00.pm-8:00.pm;;;No aplica;Carreras y Caminatas;FARDY RAMIREZ;CYC-ACONDICIONAMIENTO FISICO-C19-FARDY RAMIREZ GOMEZ-G02
19;El Cedro;Urbana;CANCHAS PANAMERICANAS.;Calle 9 # 36 - 00;acondicionamiento fisico;;Martes;;Jueves;;;;6:00.pm-6:00.pm;7:00.pm-7:00.pm;;;No aplica;Carreras y Caminatas;GUSTAVO SANTANA;CYC-ACONDICIONAMIENTO FISICO-C19-GUSTAVO SANTANA-G03
19;El Refugio;Urbana;Parque El Refugio;Cra 64 entre calle 3D y 3C;acondicionamiento fisico;Lunes;;Miercoles;;;;;6:00.am-6:00.am;7:00.am-7:00.am;;;No aplica;Carreras y Caminatas;MAURICIO MONTAÑO;CYC-ACONDICIONAMIENTO FISICO-C19-MAURICIO MONTAÑO-G01
19;Los Cambulos;Urbana;parque marisol;calle 45#121;acondicionamiento fisico;;;;Jueves;;;;8:30.am;9:30.am;;;No aplica;Carreras y Caminatas;ALEJANDRO ORTIZ;CYC-ACONDICIONAMIENTO FISICO-C22-ALEJANDRO ORTIZ-G04
19;El Lido;Urbana;I. E EUSTAQUIO PALACIOS- GENERAL ANZOATEGUI;1509;RECREO DEPORTIVO;;Martes;;;;;;8:30AM;9:30am;;;No aplica;Deporte Escolar;SEBASTIAN BETANCOURT;1930
19;El Lido;Urbana;I. E EUSTAQUIO PALACIOS- GENERAL ANZOATEGUI;1510;RECREO DEPORTIVO;;Martes;;;;;;10:00AM;11:00am;;;No aplica;Deporte Escolar;SEBASTIAN BETANCOURT;1931
19;El Lido;Urbana;I. E EUSTAQUIO PALACIOS- GENERAL ANZOATEGUI;1511;RECREO DEPORTIVO;;;Miercoles;;;;;8:30AM;9:30pm;;;No aplica;Deporte Escolar;SEBASTIAN BETANCOURT;1932
19;El Lido;Urbana;I. E EUSTAQUIO PALACIOS- GENERAL ANZOATEGUI;1512;RECREO DEPORTIVO;;;Miercoles;;;;;10:00AM;11:00am;;;No aplica;Deporte Escolar;SEBASTIAN BETANCOURT;1933
19;El Lido;Urbana;I. E EUSTAQUIO PALACIOS- GENERAL ANZOATEGUI;1513;RECREO DEPORTIVO;;;;Jueves;;;;8:30AM;9:30am;;;No aplica;Deporte Escolar;SEBASTIAN BETANCOURT;1934
19;El Lido;Urbana;I. E EUSTAQUIO PALACIOS- GENERAL ANZOATEGUI;1514;RECREO DEPORTIVO;;;;Jueves;;;;10:00AM;11:00am;;;No aplica;Deporte Escolar;SEBASTIAN BETANCOURT;1935
19;El Lido;Urbana;I. E EUSTAQUIO PALACIOS- GENERAL ANZOATEGUI;1515;RECREO DEPORTIVO;;;;;Viernes;;;8:30AM;9:30am;;;No aplica;Deporte Escolar;SEBASTIAN BETANCOURT;1936
19;El Lido;Urbana;I. E EUSTAQUIO PALACIOS- GENERAL ANZOATEGUI;1516;RECREO DEPORTIVO;;;;;Viernes;;;10:00AM;11:00am;;;No aplica;Deporte Escolar;SEBASTIAN BETANCOURT;1937
19;El Lido;Urbana;I. E EUSTAQUIO PALACIOS- FRAY CRISTOBAL DE TORRES;1881;RECREO DEPORTIVO;Lunes;;;;;;;7:15AM;8:45am;;;No aplica;Deporte Escolar;ROBINSON SOLARTE;2302
19;El Lido;Urbana;I. E EUSTAQUIO PALACIOS- FRAY CRISTOBAL DE TORRES;1882;RECREO DEPORTIVO;Lunes;;;;;;;8:45AM;10:00am;;;No aplica;Deporte Escolar;ROBINSON SOLARTE;2303
19;El Lido;Urbana;I. E EUSTAQUIO PALACIOS- FRAY CRISTOBAL DE TORRES;1883;RECREO DEPORTIVO;;Martes;;;;;;10:30AM;12:00am;;;No aplica;Deporte Escolar;ROBINSON SOLARTE;2304
19;El Lido;Urbana;I. E EUSTAQUIO PALACIOS- FRAY CRISTOBAL DE TORRES;1884;RECREO DEPORTIVO;;Martes;;;;;;8:45AM;10:00am;;;No aplica;Deporte Escolar;ROBINSON SOLARTE;2305
19;El Lido;Urbana;I. E EUSTAQUIO PALACIOS- FRAY CRISTOBAL DE TORRES;1885;RECREO DEPORTIVO;;;;Jueves;;;;10:30AM;12:00am;;;No aplica;Deporte Escolar;ROBINSON SOLARTE;2306
19;El Lido;Urbana;I. E EUSTAQUIO PALACIOS- FRAY CRISTOBAL DE TORRES;1886;RECREO DEPORTIVO;;;;;Viernes;;;7:15AM;8:45am;;;No aplica;Deporte Escolar;ROBINSON SOLARTE;2307
19;El Lido;Urbana;I. E EUSTAQUIO PALACIOS- FRAY CRISTOBAL DE TORRES;1887;RECREO DEPORTIVO;;;;;Viernes;;;8:45AM;10:00am;;;No aplica;Deporte Escolar;ROBINSON SOLARTE;2308
19;Barrio Eucarístico;Urbana;UNIDAD DEPORTIVA JAIME APARICIO  Ajedrez);C 9 # 37A-07;AJEDREZ;Lunes;;;Jueves;;Sabado;;4:00.pm-4:00.pm-9:00.am;8:00.pm-8:00.pm-1:00.pm;;;No aplica;Desafio Elite;LUIS MATEUS;CE - AJEDREZ - C19 - ALEJANDRO MATEUS - G01
19;Barrio Eucarístico;Urbana;UNIDAD DEPORTIVA JAIME APARICIO  Ajedrez);C 9 # 37A-07;AJEDREZ;Lunes;;Miercoles;Jueves;;Sabado;;4:00.pm-4:00.pm-4:00.pm-9:00.am;8:00.pm-8:00.pm-8:00.pm-1:00.pm;;;No aplica;Desafio Elite;JUAN HERRERA;CE - AJEDREZ - C19 - JUAN S HERRERA - G01
19;Cuarto de Legua   Guadalupe;Urbana;Unidad Deportiva Alberto Galindo Herrera (Coliseo El Pueblo);K 52  ENTRE CALLE 2 Y 3 RA;BADMINTON;Lunes;Martes;Miercoles;Jueves;Viernes;;;4:00.pm-4:00.pm-4:00.pm-4:00.pm-4:00.pm;6:00.pm-6:00.pm-6:29.pm-6:00.pm-6:00.pm;;;No aplica;Desafio Elite;JHON NARVAEZ;CE - BADMINTON - C16 - JHON NARVAEZ - G01
19;Cuarto de Legua   Guadalupe;Urbana;Unidad Deportiva Alberto Galindo Herrera (Coliseo El Pueblo);K 52  ENTRE CALLE 2 Y 3 RA;ESGRIMA;Lunes;Martes;Miercoles;Jueves;Viernes;;;4:00.pm-4:00.pm-4:00.pm-4:00.pm-4:00.pm;6:00.pm-6:00.pm-6:00.pm-6:00.pm-6:00.pm;;;No aplica;Desafio Elite;MARIA BLANCO;CE - ESGRIMA - C19 - MARIA ANGELICA BLANCO - G02
19;Cuarto de Legua   Guadalupe;Urbana;Unidad Deportiva Alberto Galindo Herrera (Coliseo El Pueblo);K 52  ENTRE CALLE 2 Y 3 RA;ESGRIMA;Lunes;Martes;Miercoles;Jueves;Viernes;;;4:00.am-4:00.pm-4:00.pm-4:00.pm-4:00.pm;6:00.pm-6:00.pm-6:00.pm-6:00.pm-6:00.pm;;;No aplica;Desafio Elite;WILSON GAVIRIA;CE - ESGRIMA - C19 - WILSON GAVIRIA - G01
19;El Lido;Urbana;UNIDAD DEPORTIVA  ALBERTO GALINDO HERRERA;K 52 # 2-00;GIMNASIA;Lunes;;Miercoles;;Viernes;;;6:00.pm-6:00.pm-6:00.pm;8:00.pm-8:00.pm-8:00.pm;;;No aplica;Desafio Elite;JONATHAN VARGAS;CE - GIMNASIA - C19 - JONATHAN CHICANGANA - G01
19;Cuarto de Legua   Guadalupe;Urbana;UNIDAD DEPORTIVA ALBERTO GALINDO HERRERA  (Coliseo Ricardo Cobo. Bolera );Cl. 3 # 52-46;hapkido;;;;Jueves;;;;6:15.pm;8:15.pm;;;No aplica;Desafio Elite;JUAN ANDRADE;CE - HAPKIDO - C19 -  JUAN ANDRADE- G02
19;Barrio Eucarístico;Urbana;Piscina Alberto Galindo;K 6 # 12- 18;hapkido;Lunes;;Miercoles;;;Sabado;Domingo;10:30.am-5:00.pm-5:30.pm-10:30.am;12:30.pm-7:00.pm-7:30.pm-12:30.am;;;No aplica;Desafio Elite;LINA VELASCO;CE - HAPKIDO - C19 -  LINA JARAMILLO - G01
19;Cuarto de Legua   Guadalupe;Urbana;UNIDAD DEPORTIVA ALBERTO GALINDO HERRERA  (Coliseo Ricardo Cobo. Bolera );Cl. 3 # 52-46;hapkido;;Martes;;;;;;6:15.pm;8:15.pm;;;No aplica;Desafio Elite;LINA VELASCO;CE - HAPKIDO - C19 -  LINA JARAMILLO - G02
19;Cuarto de Legua   Guadalupe;Urbana;Unidad Deportiva Alberto Galindo Herrera (Coliseo El Pueblo);K 52  ENTRE CALLE 2 Y 3 RA;JUDO;Lunes;;Miercoles;;Viernes;;;3:00.pm-3:00.pm-3:00.pm;4:30.pm-4:30.pm-4:30.pm;;;No aplica;Desafio Elite;JOHAN GOMEZ;CE - JUDO - C16 - JOHAN GOMEZ- G02
19;Cuarto de Legua   Guadalupe;Urbana;Unidad Deportiva Alberto Galindo Herrera (Coliseo El Pueblo);K 52  ENTRE CALLE 2 Y 3 RA;JUDO;;;;;;Sabado;;1:30.pm;3:30.pm;;;No aplica;Desafio Elite;JEISON BURBANO;CE - JUDO - C19 - JEISON BURBANO - G02
19;Barrio Eucarístico;Urbana;UNIDAD DEPORTIVA JAIME APARICIO  (karate do);C 9 # 37A-10;KARATE-DO;Lunes;Martes;Miercoles;Jueves;Viernes;;;6:30.pm-6:30.pm-6:30.pm-6:30.pm-6:30.pm;8:00.pm-8:00.pm-8:00.pm-8:00.pm-8:00.pm;;;No aplica;Desafio Elite;KIMBERLY MONTOYA;CE - KARATE DO - C19 - KIMBERLY MONTOYA- G01
19;Barrio Eucarístico;Urbana;UNIDAD DEPORTIVA JAIME APARICIO  (karate do);C 9 # 37A-10;KARATE-DO;Lunes;Martes;Miercoles;Jueves;Viernes;;;5:00.pm-6:00.pm-5:00.pm-6:00.pm-6:00.pm;7:00.pm-8:00.pm-7:00.pm-8:00.pm-8:00.pm;;;No aplica;Desafio Elite;SARA BARRERA;CE - KARATE DO - C19 - SARA BARRERA - G01
19;Cuarto de Legua   Guadalupe;Urbana;Unidad Deportiva Alberto Galindo Herrera (Coliseo El Pueblo);K 52  ENTRE CALLE 2 Y 3 RA;TAEKWONDO;;Martes;Miercoles;Jueves;Viernes;Sabado;;5:00.pm-5:00.pm-5:00.pm-8:00.am-5:00.pm;7:00.pm-7:00.pm-7:00.pm-11:00.am-7:00.pm;;;No aplica;Desafio Elite;WILLIAM RAMOS;CE - TAEKWONDO - C19 - WILLIAM RAMOS - G01
19;Cuarto de Legua   Guadalupe;Urbana;Unidad Deportiva Alberto Galindo Herrera (Coliseo El Pueblo);K 52  ENTRE CALLE 2 Y 3 RA;TAEKWONDO;;Martes;Miercoles;Jueves;Viernes;Sabado;;5:00.pm-5:00.pm-5:00.pm-8:00.am-5:00.am;7:00.pm-7:00.pm-7:00.pm-11:00.am-7:00.pm;;;No aplica;Desafio Elite;WILMAR MONCAYO;CE - TAEKWONDO - C19 - WILMAR MONCAYO - G01
19;Barrio Eucarístico;Urbana;UNIDAD DEPORTIVA JAIME APARICIO  (Tenis de Campo);C 9 # 37A-06;TENIS DE CAMPO CONVENCIONAL;Lunes;;Miercoles;;Viernes;;;4:00.pm-4:00.pm-4:00.pm;6:00.pm-6:00.pm-6:00.pm;;;No aplica;Desafio Elite;JAVIER QUENGUAN;CE - TENIS DE CAMPO - C19 - RICHARD QUENGUAN - G01
19;Camino Real   Los Fundadores;Urbana;COLEGIO CATOLICO ROSALBA SANTANDER CALI;CARRERA 49 # 9B - 42;TENIS DE MESA  CONVENCIONAL;Lunes;;Miercoles;;Viernes;;;4:00.pm-4:00.pm-4:00.pm;6:00.pm-6:00.pm-4:00.pm;;;No aplica;Desafio Elite;NATHALIA BEDOYA;CE - TENIS DE MESA - C19 - NATHALIA BEDOYA - G01
19;San Fernando Viejo;Urbana;UNIDAD DEPORTIVA JORGE HERRERA BARONA (Piscinas Alberto Galindo);Calle 5b #34-51;ACTIVIDADES SUBACUATICAS;Lunes;;Miercoles;Jueves;Viernes;;;5:00.pm-5:00.pm-5:00.pm-5:00.pm-5:00.pm;7:00.pm-7:00.pm-7:00.pm-7:00.pm-7:00.pm;;;No aplica;Desafio Elite;DIEGO CLAROS;CE-ACTIVIDADES SUBACUATICAS-C19-DIEGO CLAROS ZARAMA-G01
19;Barrio Eucarístico;Urbana;UNIDAD DEPORTIVA JAIME APARICIO  Ajedrez);C 9 # 37A-07;AJEDREZ ADAPTADO;;;;Jueves;Viernes;;;8:30.am-8:30.am;10:30.am-10:30.am;;;No aplica;Desafio Elite;ROLANDO RENTERIA;CE-AJEDREZ ADAPTADO-C19-ROLANDO RENTERIA-G01
19;Barrio Eucarístico;Urbana;UNIDAD DEPORTIVA JAIME APARICIO  (Estadio de Atletismo Pedro Grajales);C 9 # 37A-00;ATLETISMO CONVENCIONAL;Lunes;Martes;Miercoles;Jueves;Viernes;;;4:30.pm-4:30.pm-4:30.pm-4:30.pm-4:30.pm;6:30.pm-6:30.pm-6:30.pm-6:30.pm-6:30.pm;;;No aplica;Desafio Elite;JUAN MORENO;CE-ATLETISMO-C19-JUAN CARLOS MORENO-G03
19;Barrio Eucarístico;Urbana;UNIDAD DEPORTIVA JAIME APARICIO  (Estadio de Atletismo Pedro Grajales);C 9 # 37A-00;ATLETISMO CONVENCIONAL;Lunes;Martes;Miercoles;Jueves;Viernes;;;4:30.pm-4:30.pm-4:30.pm-4:30.pm-4:30.pm;6:30.pm-6:30.pm-6:30.pm-6:30.pm-6:30.pm;;;No aplica;Desafio Elite;MONICA GUTIERREZ;CE-ATLETISMO-C19-MONICA GUTIERREZ-G01
19;San Fernando Viejo;Urbana;UNIDAD DEPORTIVA JORGE HERRERA BARONA (Coliseo Evangelista Mora);CALLE 5B  # 34 - 00;BALONCESTO MASCULINO 3 X 3;;;;;Viernes;;;8:00.pm;9:45.pm;;;No aplica;Desafio Elite;LUIS GUZMAN;CE-BALONCESTO MASCULINO 3X3-C19-LUIS GUZMAN-G02
19;San Fernando Viejo;Urbana;UNIDAD DEPORTIVA JORGE HERRERA BARONA (Coliseo Evangelista Mora);CALLE 5B  # 34 - 00;BALONCESTO MASCULINO;;Martes;;;;;;8:00.pm;9:45.pm;;;No aplica;Desafio Elite;CARLOS ORDOÑEZ;CE-BALONCESTO MASCULINO-C19-ALEJANDRO ORDOÑEZ-G02
19;San Fernando Viejo;Urbana;Coliseo Evangelista Mora;CALLE 5 B4 #35-10;BALONCESTO FEMENINO 3 X3;;Martes;;Jueves;;;;6:00.pm-6:00.pm;8:00.pm-8:00.pm;;;No aplica;Desafio Elite;HARLIN GARCIA;CE-BALONCESTO-FEMENINO-3X3-C15-HARLIN GARCIA-G01
19;San Fernando Viejo;Urbana;Coliseo Evangelista Mora;CALLE 5 B4 #35-10;BALONCESTO FEMENINO 3 X3;;;Miercoles;;;;;8:00.pm;9:45.pm;;;No aplica;Desafio Elite;HARLIN GARCIA;CE-BALONCESTO-FEMENINO-3X3-C19-HARLIN GARCIA-G02
19;San Fernando Viejo;Urbana;UNIDAD DEPORTIVA JORGE HERRERA BARONA (Coliseo Evangelista Mora);CALLE 5B  # 34 - 00;BALONCESTO FEMENINO;;;;Jueves;;;;8:00.pm;9:45.pm;;;No aplica;Desafio Elite;JOSE MEDRANO;CE-BALONCESTO-FEMENINO-C19-JOSE-MEDRANO-G02
19;San Fernando Viejo;Urbana;Coliseo Evangelista Mora;CALLE 5 B4 #35-10;BALONMANO;;Martes;;Jueves;;Sabado;;5:00.pm-5:00.pm-8:00.am;7:00.pm-7:00.pm-10:00.am;;;No aplica;Desafio Elite;VICTOR GARCES;CE-BALONMANO-FEMENINO-C19-VICTOR GARCES-G01
19;Barrio Eucarístico;Urbana;UNIDAD DEPORTIVA JAIME APARICIO  (Diamante De Béisbol Miguel Chaves);C 9 # 37A-09;BEISBOL;Lunes;;;;Viernes;Sabado;;4:00.pm-9:00.am-4:00.pm;6:30.pm-11:30.am-6:30.pm;;;No aplica;Desafio Elite;GUSTAVO MOSQUERA;CE-BEISBOL-MIXTO-C19-GUSTAVO MOSQUERA-G01
19;Cuarto de Legua   Guadalupe;Urbana;UNIDAD DEPORTIVA ALBERTO GALINDO HERRERA  (Coliseo Ricardo Cobo. Bolera );Cl. 3 # 52-46;BILLAR ADAPTADO;;;Miercoles;;Viernes;;;5:00.pm-5:00.pm;7:00.pm-7:00.pm;;;No aplica;Desafio Elite;LUIS ESTRADA;CE-BILLAR ADAPTADO-C19-LUIS ESTRADA-G01
19;Cuarto de Legua   Guadalupe;Urbana;UNIDAD DEPORTIVA ALBERTO GALINDO HERRERA  (Billar );Cl. 3 # 52-46;BILLAR;Lunes;Martes;Miercoles;Jueves;;;;3:30.pm-3:30.pm-3:30.pm-3:30.pm;7:00.pm-7:00.pm-7:00.pm-7:00.pm;;;No aplica;Desafio Elite;CRISTIAN ANTE;CE-BILLAR-C19-CRISTIAN ANTE-G04
19;Cuarto de Legua   Guadalupe;Urbana;UNIDAD DEPORTIVA ALBERTO GALINDO HERRERA  (Pista BMX);K 52  ENTRE CALLE 2 Y 3 RA;BMX;;;;;;;;;;;;No aplica;Desafio Elite;DANIEL DELGADO;CE-BMX-C19-DANIEL ALEJANDRO DELGADO-G01
19;Cuarto de Legua   Guadalupe;Urbana;UNIDAD DEPORTIVA ALBERTO GALINDO HERRERA  (Velódromo Alcides Nieto Patiño);Carrera 54 Oeste # 3-50;BOCCIA;Lunes;;Miercoles;Jueves;;;;1:30.pm-1:30.pm-1:30.pm;4:00.pm-4:00.pm-4:00.pm;;;No aplica;Desafio Elite;JAIRO GALINDO;CE-BOCCIA-C19-JAIRO GALINDO-G01
19;Cuarto de Legua   Guadalupe;Urbana;UNIDAD DEPORTIVA ALBERTO GALINDO HERRERA  (Velódromo Alcides Nieto Patiño);Carrera 54 Oeste # 3-50;CICLISMO;Lunes;;Miercoles;;Viernes;Sabado;;8:00.am-8:00.am-7:00.am-8:00.am;10:00.am-10:00.am-10:00.am-10:00.am;;;No aplica;Desafio Elite;ALEXANDER GONZALES;CE-CICLISMO-C19-ALEXANDER GONZALES-G02
19;Cuarto de Legua   Guadalupe;Urbana;UNIDAD DEPORTIVA ALBERTO GALINDO HERRERA  (Velódromo Alcides Nieto Patiño);Carrera 54 Oeste # 3-50;CICLISMO;Lunes;;Miercoles;;Viernes;Sabado;;8:00.am-8:00.am-7:00.am-8:00.am;10:00.am-10:00.am-10:00.am-10:00.am;;;No aplica;Desafio Elite;REMBERTO JARAMILLO;CE-CICLISMO-C19-REMBERTO JARAMILLO-G01
19;San Fernando Viejo;Urbana;UNIDAD DEPORTIVA JORGE HERRERA BARONA (Pista Hockey );C 5B # 34 - 03;FUTBOL 5 SONORO;Lunes;Martes;;Jueves;;;;7:00.pm-7:00.pm-7:00.pm;9:00.pm-9:00.pm-9:00.pm;;;No aplica;Desafio Elite;MARIO LOPEZ;CE-FÚTBOL 5 VISUAL-C19-MARIO LOPEZ-G01
19;San Fernando Viejo;Urbana;Coliseo Evangelista Mora;CALLE 5 B4 #35-10;FUTBOL SALON  FEMENINO;Lunes;;;;;;;2:00.pm;4:00.pm;;;No aplica;Desafio Elite;INGRID GOMEZ;CE-FUTBOL SALON-FEMENINO-C19-INGRID GOMEZ-G02
19;El Lido;Urbana;UNIDAD DEPORTIVA ALBERTO GALINDO HERRERA  (Canchas de Baloncesto);K 52  C 2 -00;FUTSALA  AUDITIVO;;Martes;;Jueves;;;;2:00.pm-2:00.pm;4:00.pm-4:00.pm;;;No aplica;Desafio Elite;JONATHAN ESCOBAR;CE-FUTSALA AUDITIVO-C19-JONATHAN ESCOBAR-G01
19;El Lido;Urbana;UNIDAD DEPORTIVA ALBERTO GALINDO HERRERA  (Canchas de Baloncesto);K 52  C 2 -00;FUTSALA COGNITIVO;;Martes;;Jueves;;;;2:00.pm-2:00.pm;4:00.pm-4:00.pm;;;No aplica;Desafio Elite;JONATHAN ESCOBAR;CE-FUTSALA COGNITIVO-C19-JONATHAN ESCOBAR-G01
19;Barrio Eucarístico;Urbana;Piscina Alberto Galindo;K 6 # 12- 18;hapkido;Lunes;;Miercoles;;;Sabado;;5:30.pm-5:30.pm-10:30.am;7:30.pm-7:30.pm-12:30.pm;;;No aplica;Desafio Elite;JUAN ANDRADE;CE-HAPKIDO - C19 - JUAN MANUEL ANDRADE - G01
19;Cuarto de Legua   Guadalupe;Urbana;Unidad Deportiva Alberto Galindo Herrera (Coliseo El Pueblo);K 52  ENTRE CALLE 2 Y 3 RA;JUDO VISUAL;Lunes;;Miercoles;;;Sabado;;5:00.pm-5:00.pm-8:30.am;7:00.pm-7:00.pm-10:30.am;;;No aplica;Desafio Elite;LEYDER CAMPO;CE-JUDO VISUAL-C19-LEYDER CAMPO-G01
19;Barrio Eucarístico;Urbana;UNIDAD DEPORTIVA JAIME APARICIO  (Levantamiento de Pesas);C 9 # 37A-00;LEVANTAMIENTO PESAS;Lunes;Martes;Miercoles;Jueves;Viernes;;;2:30.pm-2:30.pm-2:30.pm-2:30.pm-2:30.pm;4:00.pm-4:00.pm-4:00.pm-4:00.pm-4:00.pm;;;No aplica;Desafio Elite;MILTON GONZALEZ;CE-LEVANTAMIENTO DE PESAS-C19-MILTON GONZALES TELLO-G01
19;Cuarto de Legua   Guadalupe;Urbana;Unidad Deportiva Alberto Galindo Herrera (Coliseo El Pueblo);K 52  ENTRE CALLE 2 Y 3 RA;LUCHA OLÍMPICA;Lunes;Martes;Miercoles;;Viernes;;;6:00.pm-6:00.pm-3:00.pm-5:00.pm;8:00.pm-8:00.pm-5:00.pm-7:00.pm;;;No aplica;Desafio Elite;ANA RENTERIA;CE-LUCHA OLIMPICA - C19 - ANA CRISTINA RENTERIA CASTILLO - G01
19;Cuarto de Legua   Guadalupe;Urbana;Unidad Deportiva Alberto Galindo Herrera (Coliseo El Pueblo);K 52  ENTRE CALLE 2 Y 3 RA;LUCHA OLÍMPICA;Lunes;Martes;;Jueves;Viernes;;;4:00.pm-4:00.pm-4:00.pm-4:00.pm;6:00.pm-6:00.pm-6:00.pm-6:00.pm;;;No aplica;Desafio Elite;DANNIA FIGUEROA;CE-LUCHA OLIMPICA - C19 - DANNIA FIGUEROA DUQUE - G01
19;Barrio Eucarístico;Urbana;UNIDAD DEPORTIVA JAIME APARICIO  (Piscinas Hernando Botero O´Byrne);C 9 # 37A-06;NATACIÓN CONVENCIONAL;Lunes;Martes;Miercoles;Jueves;Viernes;;;4:00.pm-4:30.pm-4:00.pm-4:00.pm-4:00.pm;6:30.pm-6:30.pm-6:30.pm-6:30.pm-6:30.pm;;;No aplica;Desafio Elite;FADELL RIQUETT;CE-NATACION CARRERAS-C19-ANDRES FADELL RIQUETT-G03
19;Barrio Eucarístico;Urbana;UNIDAD DEPORTIVA JAIME APARICIO  (Estadio de Atletismo Pedro Grajales);C 9 # 37A-00;PARA-ATLETISMO;Lunes;Martes;Miercoles;Jueves;;;;4:00.pm-4:00.pm-4:00.pm-4:00.pm;6:00.pm-6:00.pm-6:00.pm-6:00.pm;;;No aplica;Desafio Elite;DANIEL GUAZA;CE-PARA-ATLETISMO-C19-DANIEL GUAZA-G01
19;Barrio Eucarístico;Urbana;UNIDAD DEPORTIVA JAIME APARICIO  (Estadio de Atletismo Pedro Grajales);C 9 # 37A-00;PARA-ATLETISMO;Lunes;Martes;Miercoles;Jueves;;;;4:00.pm-7:30.am-7:30.am-7:30.am;5:30.pm-9:30.am-9:30.am-9:30.am;;;No aplica;Desafio Elite;JHON MINA;CE-PARA-ATLETISMO-C19-JHON LASSO-G01
19;Barrio Eucarístico;Urbana;UNIDAD DEPORTIVA JAIME APARICIO  (Estadio de Atletismo Pedro Grajales);C 9 # 37A-00;PARA-ATLETISMO;Lunes;Martes;Miercoles;Jueves;Viernes;;;3:30.pm-3:30.pm-3:30.pm-3:30.pm-3:30.pm;6:30.pm-6:30.pm-6:30.pm-6:30.pm-6:30.pm;;;No aplica;Desafio Elite;SEBASTIAN RODRIGUEZ;CE-PARA-ATLETISMO-C19-SEBASTIAN RODRIGUEZ-G01
19;Barrio Eucarístico;Urbana;UNIDAD DEPORTIVA JAIME APARICIO  (Piscinas Hernando Botero O´Byrne);C 9 # 37A-06;PARA-NATACION;;Martes;Miercoles;Jueves;Viernes;;;9:00.am-9:00.am-9:00.am-9:00.am;11:00.am-11:00.am-11:00.am-11:00.am;;;No aplica;Desafio Elite;CARLOS AMAYA;CE-PARA-NATACIÓN-C19-CARLOS AMAYA-G01
19;Barrio Eucarístico;Urbana;UNIDAD DEPORTIVA JAIME APARICIO  (Piscina Kayak);C 9 # 37A-05;PARA-NATACION;;Martes;Miercoles;Jueves;Viernes;;;1:30.pm-1:30.pm-1:30.pm-1:30.pm;3:15.pm-3:15.pm-3:15.pm-3:15.pm;;;No aplica;Desafio Elite;MAURICIO RODRIGUEZ;CE-PARA-NATACIÓN-C19-MAURICIO RODRIGUEZ-G01
19;Barrio Eucarístico;Urbana;UNIDAD DEPORTIVA JAIME APARICIO  (Piscinas Hernando Botero O´Byrne);C 9 # 37A-06;PARA-NATACION;;Martes;Miercoles;Jueves;Viernes;;;9:00.am-9:00.am-9:00.am-9:00.am;11:00.am-11:00.am-11:00.am-11:00.am;;;No aplica;Desafio Elite;JUAN CARDONA;CE-PARA-NATACIÓN-C19-SEBASTIAN CARDONA-G01
19;Barrio Eucarístico;Urbana;UNIDAD DEPORTIVA JAIME APARICIO  (Piscina Kayak);C 9 # 37A-05;PARA-NATACION;;Martes;Miercoles;Jueves;Viernes;;;1:30.pm-1:30.pm-1:30.pm-1:30.pm;3:15.pm-3:15.pm-3:15.pm-3:15.pm;;;No aplica;Desafio Elite;JUAN CARDONA;CE-PARA-NATACIÓN-C19-SEBASTIAN CARDONA-G02
19;Barrio Eucarístico;Urbana;UNIDAD DEPORTIVA JAIME APARICIO  (Federación de Pesas);C 9 # 37A-11;PARA-POWERLIFTING;Lunes;;Miercoles;;Viernes;;;3:00.pm-3:00.pm-3:00.pm;5:00.pm-5:00.pm-5:00.pm;;;No aplica;Desafio Elite;DANNY ARANA;CE-PARA-POWERLIFTING-C19-DANNY ARANA-G01
19;Cuarto de Legua   Guadalupe;Urbana;Unidad Deportiva Alberto Galindo Herrera (Coliseo El Pueblo);K 52  ENTRE CALLE 2 Y 3 RA;PARA-TENIS DE MESA;;Martes;Miercoles;Jueves;;;;4:00.pm-4:00.pm-4:00.pm;6:00.pm-6:00.pm-6:00.pm;;;No aplica;Desafio Elite;LUIS CASTAÑO;CE-PARA-TENIS DE MESA-C19-LUIS CASTAÑO-G01
19;Cuarto de Legua   Guadalupe;Urbana;UNIDAD DEPORTIVA ALBERTO GALINDO HERRERA  (patinodromo mundialista);K 52  ENTRE CALLE 2 Y 3 RA;PATINAJE;Lunes;;Miercoles;;Viernes;Sabado;;5:00.pm-5:00.pm-8:00.am-5:00.pm;7:00.pm-7:00.pm-10:00.am-7:00.pm;;;No aplica;Desafio Elite;JUAN ALVARADO;CE-PATINAJE DE CARRERAS-C19-JUAN DIEGO ALVARADO-G01
19;Barrio Eucarístico;Urbana;UNIDAD DEPORTIVA JAIME APARICIO  (Coliseo de Voleibol);C 9 # 37A-03;VOLEIBOL FEMENINO;Lunes;;Miercoles;;Viernes;;;3:30.pm-3:30.pm-3:30.pm;6:30.pm-6:30.pm-6:30.pm;;;No aplica;Desafio Elite;ALEJANDRO MARTINEZ;CE-VOLEIBOL FEMENINO-C19-ALEJANDRO MARTINEZ-G01
19;Barrio Eucarístico;Urbana;UNIDAD DEPORTIVA JAIME APARICIO  (Coliseo de Voleibol);C 9 # 37A-03;VOLEIBOL MASCULINO;;Martes;;Jueves;;Sabado;;5:30.pm-5:30.pm-12:00.am;8:00.pm-8:00.pm-2:00.pm;;;No aplica;Desafio Elite;ARNOVIS ANGULO;CE-VOLEIBOL MASCULINO-C19-ARNOVIS ANGULO-G01
19;Barrio Eucarístico;Urbana;UNIDAD DEPORTIVA JAIME APARICIO  (Canchas De Voleiplaya);C 9 # 37A-04;VOLEIBOL PLAYA FEMENINO-MASCULINO;;Martes;;Jueves;;Sabado;;6:00.pm-6:00.pm-8:00.am;7:30.pm-7:30.pm-10:00.am;;;No aplica;Desafio Elite;EVELYN INCHUCHALA;CE-VOLEIBOL-PLAYA-C19-EVELYN INCHUCHALA-G01
19;Cuarto de Legua   Guadalupe;Urbana;asociación recuperadores;calle 1a # 53 -120;APOYO EVENTOS RECREATIVOS;;;Miercoles;;;;;8:30.am;9:30.am;;;No aplica;Poblacion y Etnias;LUZ ERLY - SIDERADMIN14 SIDER;PYE-APOYODEEVENTOSRECREATIVOS-C07-JOHNMINA-G03
19;Barrio Eucarístico;Urbana;UNIDAD DEPORTIVA JAIME APARICIO (CANCHAS VOLEYPLAYA);Carrera 39 con Calle 9;EVENTOS RECREATIVOS PROPIOS;Lunes;;;;;;;8:00.pm;10:00.pm;;;No aplica;Poblacion y Etnias;LUZ ERLY - SIDERADMIN14 SIDER;PYE-EVENTOSRECREATIVOSPROPIOS-C19-JOHNMINA-G01
19;Barrio Eucarístico;Urbana;UNIDAD DEPORTIVA JAIME APARICIO (CANCHAS VOLEYPLAYA);Carrera 39 con Calle 9;SESIONES LUDICOPEDAGOGICAS;;Martes;;;;;;8:00.am;10:00.am;;;No aplica;Poblacion y Etnias;LUZ ERLY - SIDERADMIN14 SIDER;PYE-SESIONESLUDICAS-C19-JOHNMINA-G02
19;El Lido;Urbana;Unidad Deportiva Alberto Galindo Herrera  (Coliseo El Pueblo);K 52 # 2 00;LUCHA;;;;Jueves;Viernes;;;15:00:00; 16:30:00;;171;Fundamentacion;Deporvida;JUAN PABLO CAJICA BEDOYA;-
19;CaÃ±averal;Urbana;Polideprtivo CaÃ±averales  6;C 18A # 55 105;FUTBOL;;Martes;;Jueves;;;;18:45:00; 20:45:00;;48;Base;Deporvida;HECTOR FABIO SANCHEZ LANDAZURI;-
19;Nueva Tequendama;Urbana;Polideportivo Tequendama;KR 53 CL 7-111;FUTBOL;;Martes;;Jueves;;;;18:00:00; 19:30:00;;444;Fundamentacion;Deporvida;NICOLAS  QUINTERO SALAZAR;-
19;Miraflores;Urbana;COLEGIO SOY FELIZ CENTRO MONTESSORI;C 3A # 22 95;BOXEO;;Martes;;Jueves;;;;14:30:00; 16:30:00;;289;Fundamentacion;Deporvida;NELSON ENRIQUE BRAVO VILLARREAL;-
19;Los Cambulos;Urbana;FUNDACION HOGAR INFANTIL MADRE DE DIOS;K 43 # 9C 74;FUTBOL SALA;;;;;Viernes;;;10:30:00; 12:00:00;;187;Base;Deporvida;JUAN jose NUÃ±EZ CASTRO;-
19;Los Cambulos;Urbana;FUNDACION HOGAR INFANTIL MADRE DE DIOS;K 43 # 9C 74;FUTBOL SALA;;;Miercoles;;;;;15:00:00; 16:30:00;;187;Base;Deporvida;JUAN jose NUÃ±EZ CASTRO;-
19;Champagnat;Urbana;PARQUE INFANTIL CHAMPAGNAT;C 9C BIS # 26;TENIS DE MESA;Lunes;;;;;Sabado;;16:00:00; 17:30:00;;445;Irradiacion;Deporvida;JULIAN DAVID VELEZ QUIJANO;-
19;Miraflores;Urbana;COLEGIO MARIA AUXILIADORA;K 24C # 2 60;VOLEIBOL;Lunes;;Miercoles;;;;;17:00:00; 19:00:00;;319;Apropiacion;Deporvida;DENZEL Romario CARDENAS SUAREZ;-
19;Miraflores;Urbana;COLEGIO MARIA AUXILIADORA;K 24C # 2 60;VOLEIBOL;Lunes;;Miercoles;;;;;19:00:00; 21:00:00;;320;Apropiacion;Deporvida;DENZEL Romario CARDENAS SUAREZ;-
19;Miraflores;Urbana;COLEGIO MARIA AUXILIADORA;K 24C # 2 60;VOLEIBOL;;Martes;;Jueves;;;;17:00:00; 19:00:00;;427;Fundamentacion;Deporvida;DENZEL Romario CARDENAS SUAREZ;-
19;Los Cambulos;Urbana;FUNDACION HOGAR INFANTIL MADRE DE DIOS;K 43 # 9C 74;VOLEIBOL;;;Miercoles;;;;;10:30:00; 12:00:00;;431;Base;Deporvida;JUAN jose NUÃ±EZ CASTRO;-
19;Los Cambulos;Urbana;FUNDACION HOGAR INFANTIL MADRE DE DIOS;K 43 # 9C 74;VOLEIBOL;;Martes;;;;;;15:00:00; 16:30:00;;431;Base;Deporvida;JUAN jose NUÃ±EZ CASTRO;-
19;Barrio Eucaristico;Urbana;Unidad Deportiva  Jaime Aparicio  (Estadio de Atletismo Pedro Grajales);C 9 # 37A 02;ATLETISMO;;Martes;;Jueves;;;;17:00:00; 18:30:00;;181;Fundamentacion;Deporvida;KEVIN andres SALAZAR MENA;-
19;El Lido;Urbana;Unidad Deportiva Alberto Galindo Herrera  (Coliseo Ricardo Cobo. Bolera );null;BOLOS;Lunes;;Miercoles;;;;;17:00:00; 18:30:00;;167;Irradiacion;Deporvida;ALVARO ALVARO QUIROZ VALLEJO;-
19;El Lido;Urbana;Unidad Deportiva Alberto Galindo Herrera  (Coliseo Ricardo Cobo. Bolera );null;BOLOS;;Martes;;Jueves;;;;17:00:00; 18:30:00;;168;Irradiacion;Deporvida;ALVARO ALVARO QUIROZ VALLEJO;-
19;El Lido;Urbana;Unidad Deportiva Alberto Galindo Herrera  (Coliseo Ricardo Cobo. Bolera );null;BOLOS;;;;;Viernes;;;17:00:00; 18:30:00;;169;Irradiacion;Deporvida;ALVARO ALVARO QUIROZ VALLEJO;-
19;El Lido;Urbana;Unidad Deportiva Alberto Galindo Herrera  (Coliseo Ricardo Cobo. Bolera );null;BOLOS;;;;;;Sabado;;20:30:00; 22:00:00;;169;Irradiacion;Deporvida;ALVARO ALVARO QUIROZ VALLEJO;-
19;Cuarto de Legua   Guadalupe;Urbana;PARQUE RECREATIVO CUARTO DE LENGUA;C 2 # 59 00;FUTBOL SALA;;;Miercoles;;Viernes;;;15:00:00; 16:30:00;;165;Fundamentacion;Deporvida;NICOLAS  QUINTERO SALAZAR;-
19;Urbanizacion Tequendama;Urbana;UNIDAD RESIDENCIAL SANTIAGO DE CALI;K 45A # 5A 52;FUTBOL SALA;;Martes;;Jueves;;;;16:00:00; 17:30:00;;166;Fundamentacion;Deporvida;NICOLAS  QUINTERO SALAZAR;-
19;Cuarto de Legua   Guadalupe;Urbana;institucion educativa politecnico municipal de cali;K 62 # 2 28;RUGBY;;Martes;;Jueves;;;;14:30:00; 16:00:00;;244;Apropiacion;Deporvida;CARLOS ALBERTO LENIS BURBANO;-
19;El Lido;Urbana;Unidad Deportiva Alberto Galindo;K 52 # 3 - 00;PARKOUR;Lunes;;Miercoles;;;;;6:30.pm-6:30.pm;8:00.pm-8:00.pm;;;No aplica;Vertigo;KATERINE VALENCIA;VT- PARKOUR-C19-KATERINE VALENCIA-G01
19;El Lido;Urbana;Unidad Deportiva Alberto Galindo;K 52 # 3 - 00;BMX FREESTYLE;Lunes;;Miercoles;;;;;6:00.pm-6:00.pm;7:30.pm-7:30.pm;;;No aplica;Vertigo;JHONNY CERON;VT-BMX FREESTYLE- C19-JHONNY CERON - SKATEPARK CALIDA- G03
19;El Lido;Urbana;Unidad Deportiva Alberto Galindo;K 52 # 3 - 00;BMX FREESTYLE;Lunes;;Miercoles;;;;;7:30.pm-7:30.pm;9:00.pm-9:00.pm;;;No aplica;Vertigo;JHONNY CERON;VT-BMX FREESTYLE-C19-JHONNY CERON- SKATEPARK CALIDA-G01
19;San Fernando Nuevo;Urbana;Zona Sur Estadio Pascual Guerrero ;K 34  # 5A-00;LONGBOARDING;;Martes;Miercoles;;;;;7:00.pm-7:00.pm;8:30.pm-8:30.pm;;;No aplica;Vertigo;CRISTIAN VARGAS;VT-LONGBOARDING-C19-CRISTIAN VARGAS-G02
19;Barrio Eucarístico;Urbana;Unidad Jaime Aparicio (Arena Mundialista);Calle 9 # 36 - 00;MOTO STUNT;;;Miercoles;;Viernes;;;5:30.pm-4:30.pm;7:00.pm-6:30.pm;;;No aplica;Vertigo;EDER RAMIREZ;VT-MOTOSTUNT -C19- EDER RAMIREZ -G3.
19;El Lido;Urbana;Unidad Deportiva Alberto Galindo;K 52 # 3 - 00;PARKOUR;;Martes;;;Viernes;;;6:30.pm-6:30.pm;8:00.pm-8:00.pm;;;No aplica;Vertigo;JULIAN ERAZO;VT-PARKOUR-C19-JULIAN ERAZO-G01
19;El Lido;Urbana;UNIDAD DEPORTIVA  ALBERTO GALINDO HERRERA;Carrera 52 entre calle 2 y 3.;PARKOUR;;;;Jueves;;Sabado;;6:30.pm-2:00.pm;8:00.pm-3:30.pm;;;No aplica;Vertigo;JULIAN ERAZO;VT-PARKOUR-C19-JULIAN ERAZO-G02
19;Champagnat;Urbana;ESCENARIO DE DEPORTES VÉRTIGO;CLL 9 CRA 37-00;ROLLER FREESTYLE;;Martes;;Jueves;;;;5:00.pm-5:00.pm;6:30.pm-6:30.pm;;;No aplica;Vertigo;DALY JARAMILLO;VT-ROLLER FREESTYLE-C19-DALY JARAMILLO-G01
19;Barrio Eucarístico;Urbana;Unidad Deportiva Jaime Aparicio;C 9A #37-00;ROLLER FREESTYLE;;Martes;;Jueves;;;;6:30.pm-6:30.pm;8:00.pm-8:00.pm;;;No aplica;Vertigo;DALY JARAMILLO;VT-ROLLER FREESTYLE-C19-DALY JARAMILLO-G02
19;San Fernando Nuevo;Urbana;Zona Sur Estadio Pascual Guerrero ;K 34  # 5A-00;ROLLER FREESTYLE;Lunes;;Miercoles;;;;;7:00.pm-7:00.pm;8:30.pm-8:30.pm;;;No aplica;Vertigo;DIANA RAMOS;VT-ROLLER FREESTYLE-C19-DIANA RAMOS- ESTADIO G02
19;El Lido;Urbana;Unidad Deportiva Alberto Galindo;K 52 # 3 - 00;ROLLER FREESTYLE;Lunes;;Miercoles;;;;;5:00.pm-5:00.pm;6:30.pm-6:30.pm;;;No aplica;Vertigo;DIANA RAMOS;VT-ROLLER FREESTYLE-C19-DIANA RAMOS- SKATEPARK CALIDA G01
19;El Lido;Urbana;Unidad Deportiva Alberto Galindo;K 52 # 3 - 00;ROLLER FREESTYLE;Lunes;;Miercoles;;;;;3:30.pm-3:30.pm;5:00.pm-5:00.pm;;;No aplica;Vertigo;DIANA RAMOS;VT-ROLLER FREESTYLE-C19-DIANA RAMOS- SKATEPARK CALIDA G02
19;Barrio Eucarístico;Urbana;Unidad Deportiva Jaime Aparicio;C 9A #37-00;SKATEBOARDING;Lunes;;Miercoles;;;;;7:00.pm-7:00.pm;8:30.pm-8:30.pm;;;No aplica;Vertigo;ANDRES MEJIA;VT-SKATEBOARDING- C19-ANDRES MEJIA-ESCENARIO DEPORTER URBANOS G03
19;El Lido;Urbana;Unidad Deportiva Alberto Galindo;K 52 # 3 - 00;SKATEBOARDING;Lunes;;Miercoles;;;;;5:00.pm-3:30.pm;6:30.pm-5:00.pm;;;No aplica;Vertigo;CRISTIAN VARGAS;VT-SKATEBOARDING-C19-CAMILO VARGAS-G02
19;El Lido;Urbana;Unidad Deportiva Alberto Galindo;K 52 # 3 - 00;BMX FREESTYLE;;Martes;;;Viernes;;;7:30.pm-7:30.pm;9:00.pm-9:00.pm;;;No aplica;Vertigo;CRISTHIAN CARDENAS;VT-SKATEPARK -C19-CRISTHIAN CARDENAS-G01
19;Barrio Eucarístico;Urbana;Unidad Deportiva Jaime Aparicio;C 9A #37-00;STREET WORKOUT;Lunes;;Miercoles;;;;;7:15.pm-7:15.pm;8:45.pm-8:45.pm;;;No aplica;Vertigo;JUAN TAVERA;VT-STREET WORKOUT-C19-JUAN TAVERA-G02
20;Siloé;Urbana;Polideportivo La Horqueta;CLL 1 O # 48 - 05;FUNCIONAL;;;Miercoles;Jueves;;;;7:00.am-7:00.am;8:00.am-8:00.am;;;No aplica;ActivaMente;MARIA ECHEVERRY;ACT -C-20-ANGELICA.E-G3-ENCUENTRO DE PAZ- PAZ Y ALEGRÍA- ESTRELLAS DEL SUR
20;Brisas de Mayo;Urbana;Centro Cultural Brisas de Mayo;Carrera 54 oeste # 10 - 28;FUNCIONAL;Lunes;;;;Viernes;;;4:00.pm-4:00.pm;8:00.pm-8:00.pm;;;No aplica;ActivaMente;DIANA PATIÑO;ACT -C-20-DIANA-P-G1-ENCUENTROS SALUDABLES
20;Belén;Urbana;Cancha Multiple Belen;Calles 3 Oeste y 3A Oeste, Carreras 38C-1 y 39A;FUNCIONAL;Lunes;;;;;;;7:00.am;8:00.am;;;No aplica;ActivaMente;DIANA PATIÑO;ACT -C-20-DIANA-P-G2-NAZARETH DE BELEN
20;Siloé;Urbana;Polideportivo La Horqueta;CLL 1 O # 48 - 05;FUNCIONAL;;;;Jueves;;;;7:00.am;8:00.am;;;No aplica;ActivaMente;DIANA PATIÑO;ACT -C-20-DIANA-P-G3-SALUD Y VIDA
20;Venezuela   Urb. Cañaveralejo;Urbana;CANCHA EMBALSE;Diagonal 53 con calle 14;FUNCIONAL;;Martes;;;;;;7:00.am;8:00.am;;;No aplica;ActivaMente;DIANA PATIÑO;ACT -C-20-DIANA-P-G4-MANO AMIGA
20;La Sultana;Urbana;SEDE COMUNAL  LA SULTANA;Carrera 22 Oeste No. 47-31;FUNCIONAL;;;;;Viernes;;;7:00.am;8:00.am;;;No aplica;ActivaMente;ESPERANZA PERDOMO;ACT -C-20-ESPERANZA.G-G5-AÑOS FELICES
20;Lleras Camargo;Urbana;Estacion Tierra Blanca;Calle 6h # 49A;FUNCIONAL;Lunes;;;;Viernes;;;12:00.pm-12:00.pm;4:00.pm-4:00.pm;;;No aplica;ActivaMente;HAROLD COY;ACT -C-20-HAROLD-C-G1-TIERRA BLANCA 1
20;Lleras Camargo;Urbana;Estacion Tierra Blanca;Calle 6h # 49A;FUNCIONAL;Lunes;;;;Viernes;;;4:00.pm-4:00.pm;8:00.pm-8:00.pm;;;No aplica;ActivaMente;HAROLD COY;ACT -C-20-HAROLD-C-G1-TIERRA BLANCA 2
20;Venezuela   Urb. Cañaveralejo;Urbana;Canchas Del Venezuela;K 53 # 9 O - 00;FUNCIONAL;;Martes;;Jueves;;;;12:00.pm-12:00.pm;4:00.pm-4:00.pm;;;No aplica;ActivaMente;HAROLD COY;ACT -C-20-HAROLD-C-G5-VENEZUELA 1
20;Siloé;Urbana;Cancha venezuela;diag 53 59 oe00;FUNCIONAL;;Martes;;Jueves;;;;4:00.pm-4:00.pm;8:00.pm-8:00.pm;;;No aplica;ActivaMente;HAROLD COY;ACT -C-20-HAROLD-C-G5-VENEZUELA 2
20;Siloé;Urbana;CASETA COMUNAL LA ESTRELLA;Calle 8 Oeste # 42 - 02;FUNCIONAL;;;;;Viernes;;;7:00.am;8:00.am;;;No aplica;ActivaMente;JEFFERSON ZAPATA;ACT -C-20-JEFFERSON-Z-G4-ESTRELLA EXPERIENCIA
20;Siloé;Urbana;CASETA COMUNAL LUIS LOPEZ DE MESA;CALLE 3 OESTE # 42D-07;FUNCIONAL;;;Miercoles;Jueves;;;;7:00.am-7:00.am;8:00.am-8:00.am;;;No aplica;ActivaMente;ALEXANDER MURILLO;ACT-C-20-ALEXANDER.M-G5-NIÑO DIOS DE BELEN
20;Siloé;Urbana;Polideportivo La Horqueta;CLL 1 O # 48 - 05;FUNCIONAL;;Martes;;Jueves;Viernes;;;7:00.am-7:00.am-7:00.am;8:00.am-8:00.am-8:00.am;;;No aplica;ActivaMente;LINA CANIZALES;ACT-FUNCIONAL-C6-GYM NUEVA JUVENTUD-G02
20;Siloé;Urbana;PARQUE RECREATIVO LA HORQUETA;C 1AO  # 48-05;ACTIVIDAD FÍSICA Y RECREACIÓN ADAPTADA;Lunes;;Miercoles;;;;;4:00.pm-4:00.pm;5:00.pm-5:00.pm;;;No aplica;Cali Incluyente;LIBETH ARIAS;CI - ACTIVIDAD FISICA Y RECREACIÓN ADAPTADA - C20 - G01
20;Lleras Camargo;Urbana;ESTACION MIO CABLE TIERRA BLANCA;Calle 6H Oeste #49A-79;ACTIVIDAD FÍSICA Y RECREACIÓN ADAPTADA;;Martes;;Jueves;;;;3:00.pm-3:00.pm;4:00.pm-4:00.pm;;;No aplica;Cali Incluyente;JUAN CARDONA;CI - ACTIVIDAD FISICA Y RECREACIÓN ADAPTADA - C20 - G02
20;El Cortijo;Urbana;UTS cuna de campeones;Dg. 51 # 7 - 95;JUEGO EN ACCION PARA UNA INFANCIA MEJOR;;Martes;;;;;;9:00.am;10:00.am;;;No aplica;Cali juega;LAURA MATALLANA;CJ-PI-C20-UTSCDC-CYF
20;El Cortijo;Urbana;UTS cuna de campeones;Dg. 51 # 7 - 95;JUEGO EN ACCION PARA UNA INFANCIA MEJOR;;;Miercoles;;;;;10:00.am;11:00.am;;;No aplica;Cali juega;NICOLE MANZANO;CJ-PI-C20-UTSCDC-ISYJO
20;El Cortijo;Urbana;UTS cuna de campeones;Dg. 51 # 7 - 95;JUEGO EN ACCION PARA UNA INFANCIA MEJOR;;;;Jueves;;;;9:00.am;10:00.am;;;No aplica;Cali juega;NICOLE MANZANO;CJ-PI-C20-UTSCDC-LUYNI
20;El Cortijo;Urbana;UTS cuna de campeones;Dg. 51 # 7 - 95;JUEGO EN ACCION PARA UNA INFANCIA MEJOR;;Martes;;;;;;9:00.am;10:00.am;;;No aplica;Cali juega;LAURA MATALLANA;CJ-PI-C20-UTSCDC-OLG
20;El Cortijo;Urbana;UTS cuna de campeones;Dg. 51 # 7 - 95;JUEGO EN ACCION PARA UNA INFANCIA MEJOR;;;;Jueves;;;;10:00.am;11:00.am;;;No aplica;Cali juega;NICOLE MANZANO;CJ-PI-C20-UTSCDC-SANYFER
20;El Cortijo;Urbana;UTS cuna de campeones;Dg. 51 # 7 - 95;JUEGO EN ACCION PARA UNA INFANCIA MEJOR;;;Miercoles;;;;;9:00.am;10:00.am;;;No aplica;Cali juega;LAURA MATALLANA;CJ-PI-C20-UTSCDC-VYA
20;Siloé;Urbana;CYC- MIRADOR YO AMO SILOE;CRA 49 A ENTRE CALLE 6F OESTE Y CALLE 6D OESTE;acondicionamiento fisico;;;Miercoles;Jueves;;;;7:00.pm-7:00.pm;8:00.pm-8:00.pm;;;No aplica;Carreras y Caminatas;ESTEFANIA CABEZAS;CYC-ACONDICIONAMIENTO FISICO-C20-ESTEFANIA CABEZAS RESTREPO-G01
20;Siloé;Urbana;CANCHA LA AMISTAD;CRA 49A #14 OESTE -2 OESTE-104;acondicionamiento fisico;;Martes;;;Viernes;;;7:00.pm-7:00.pm;8:00.pm-8:00.pm;;;No aplica;Carreras y Caminatas;ESTEFANIA CABEZAS;CYC-ACONDICIONAMIENTO FISICO-C20-ESTEFANIA CABEZAS-G02
20;Pueblo Joven;Urbana;I.E MULTIPROPOSITO- LUIS ALBERTO ROSALES;1633;RECREO DEPORTIVO;;Martes;;;Viernes;;;9:30AM-9:30AM;11:00am-11:00am;;;No aplica;Deporte Escolar;JOSE CAMPOS;2054
20;Pueblo Joven;Urbana;I.E MULTIPROPOSITO- LUIS ALBERTO ROSALES;1634;RECREO DEPORTIVO;;;Miercoles;;;;;9:00AM;11:00am;;;No aplica;Deporte Escolar;JOSE CAMPOS;2055
20;Pueblo Joven;Urbana;I.E MULTIPROPOSITO- LUIS ALBERTO ROSALES;1635;RECREO DEPORTIVO;;;;Jueves;;;;9:30AM;11:00am;;;No aplica;Deporte Escolar;JOSE CAMPOS;2056
20;Pueblo Joven;Urbana;I.E MULTIPROPOSITO- LUIS ALBERTO ROSALES;1636;RECREO DEPORTIVO;;;;;Viernes;;;9:30AM;11:00am;;;No aplica;Deporte Escolar;JOSE CAMPOS;2057
20;Pueblo Joven;Urbana;I.E MULTIPROPOSITO- JORGE ELIESER GONZALES RUBIO;1637;RECREO DEPORTIVO;;Martes;;;;;;7:30AM;9:00am;;;No aplica;Deporte Escolar;JOSE CAMPOS;2058
20;Pueblo Joven;Urbana;I.E MULTIPROPOSITO- JORGE ELIESER GONZALES RUBIO;1638;RECREO DEPORTIVO;;;Miercoles;;;;;7:30AM;9:00am;;;No aplica;Deporte Escolar;JOSE CAMPOS;2059
20;Pueblo Joven;Urbana;I.E MULTIPROPOSITO- JORGE ELIESER GONZALES RUBIO;1639;RECREO DEPORTIVO;;;;Jueves;;;;7:30AM;9:00am;;;No aplica;Deporte Escolar;JOSE CAMPOS;2060
20;Pueblo Joven;Urbana;I.E MULTIPROPOSITO- JORGE ELIESER GONZALES RUBIO;1640;RECREO DEPORTIVO;;;;;Viernes;;;7:30AM;9:00am;;;No aplica;Deporte Escolar;JOSE CAMPOS;2061
20;Siloé;Urbana;casas semillas nasa siloe;DG 45 OESTE kR 54C - 23;SESIONES LUDICOPEDAGOGICAS;Lunes;;;;;;;7:46.am;9:46.am;;;No aplica;Poblacion y Etnias;LUZ ERLY - SIDERADMIN14 SIDER;PYE-SESIONESLUDICAS-C19-LEONARDO-G01
20;Siloe;Urbana;CDI CUNA DE CAMPEONES;D 51 # 7 90;LUCHA;Lunes;Martes;;;;;;17:30:00; 19:00:00;;170;Irradiacion;Deporvida;JUAN PABLO CAJICA BEDOYA;-
20;Siloe;Urbana;Polideportivo La Horqueta;CL 1 OE KR 48-05;FUTBOL SALA;;;;Jueves;;;;7:10:00; 08:40:00;;433;Fundamentacion;Deporvida;KEVIN andres SALAZAR MENA;-
20;Siloe;Urbana;Polideportivo La Horqueta;CL 1 OE KR 48-05;FUTBOL SALA;;;;;;Sabado;;8:00:00; 09:30:00;;433;Fundamentacion;Deporvida;KEVIN andres SALAZAR MENA;-
20;Siloe;Urbana;Polideportivo La Horqueta;CL 1 OE KR 48-05;FUTBOL SALA;;;;Jueves;;;;8:40:00; 10:50:00;;434;Fundamentacion;Deporvida;KEVIN andres SALAZAR MENA;-
20;Siloe;Urbana;Polideportivo La Horqueta;CL 1 OE KR 48-05;FUTBOL SALA;;;;;;Sabado;;9:30:00; 11:00:00;;434;Fundamentacion;Deporvida;KEVIN andres SALAZAR MENA;-
20;AHDI- Brisas De Mayo â€“ Mangos Parte Alta;Urbana;el morro;null;RUGBY;;;;;;Sabado;;15:00:00; 17:00:00;;329;Irradiacion;Deporvida;JOHN SEBASTIAN VALENCIA MORALES;-
20;AHDI- Brisas De Mayo â€“ Mangos Parte Alta;Urbana;el morro;null;RUGBY;;;Miercoles;;;;;16:30:00; 18:00:00;;329;Irradiacion;Deporvida;JOHN SEBASTIAN VALENCIA MORALES;-
20;Venezuela   Urb. CaÃ±averalejo;Urbana;CANCHA DE FUTBOL 11 CAÃ‘AVERALEJO;DG 53  CL 12 OE;FUTBOL;Lunes;;Miercoles;;;;;15:30:00; 17:00:00;;161;Apropiacion;Deporvida;ESCENOVER  VALENCIA TORRES;-
20;Venezuela   Urb. CaÃ±averalejo;Urbana;CANCHA DE FUTBOL 11 CAÃ‘AVERALEJO;DG 53  CL 12 OE;FUTBOL;Lunes;;Miercoles;;;;;17:00:00; 18:30:00;;162;Fundamentacion;Deporvida;ESCENOVER  VALENCIA TORRES;-
20;Venezuela   Urb. CaÃ±averalejo;Urbana;CANCHA DE FUTBOL 11 CAÃ‘AVERALEJO;DG 53  CL 12 OE;FUTBOL;;Martes;;Jueves;;;;15:30:00; 17:00:00;;163;Apropiacion;Deporvida;ESCENOVER  VALENCIA TORRES;-
20;Venezuela   Urb. CaÃ±averalejo;Urbana;CANCHA DE FUTBOL 11 CAÃ‘AVERALEJO;DG 53  CL 12 OE;FUTBOL;;Martes;;Jueves;;;;17:00:00; 18:30:00;;164;Fundamentacion;Deporvida;ESCENOVER  VALENCIA TORRES;-
20;Venezuela   Urb. CaÃ±averalejo;Urbana;CANCHA DE FUTBOL 11 CAÃ‘AVERALEJO;DG 53  CL 12 OE;FUTBOL;Lunes;;Miercoles;;;;;17:00:00; 18:30:00;;174;Irradiacion;Deporvida;ALEXANDER  BEDOYA PAZ;-
20;Venezuela   Urb. CaÃ±averalejo;Urbana;CANCHA DE FUTBOL 11 CAÃ‘AVERALEJO;DG 53  CL 12 OE;FUTBOL;;Martes;;Jueves;;;;16:30:00; 18:00:00;;175;Base;Deporvida;ALEXANDER  BEDOYA PAZ;-
20;Venezuela   Urb. CaÃ±averalejo;Urbana;CANCHA DE FUTBOL 11 CAÃ‘AVERALEJO;DG 53  CL 12 OE;FUTBOL;Lunes;;Miercoles;;;;;18:30:00; 20:00:00;;377;Fundamentacion;Deporvida;ALEXANDER  BEDOYA PAZ;-
20;Siloe;Urbana;CANCHA MULTIPLE LUIS LOPEZ DE MESA;C 2 Oeste # 42 00;FUTBOL SALA;;Martes;Miercoles;;;;;16:00:00; 17:30:00;;192;Base;Deporvida;EDISON  VILLANO BERMUDEZ;-
20;Siloe;Urbana;CANCHA MULTIPLE LUIS LOPEZ DE MESA;C 2 Oeste # 42 00;FUTBOL SALA;;Martes;Miercoles;;;;;17:30:00; 19:00:00;;193;Base;Deporvida;EDISON  VILLANO BERMUDEZ;-
20;Siloe;Urbana;CANCHA MULTIPLE LUIS LOPEZ DE MESA;C 2 Oeste # 42 00;FUTBOL SALA;;Martes;Miercoles;;;;;19:00:00; 20:30:00;;194;Base;Deporvida;EDISON  VILLANO BERMUDEZ;-
20;Venezuela   Urb. CaÃ±averalejo;Urbana;CANCHA DE FUTBOL 11 CAÃ‘AVERALEJO;DG 53  CL 12 OE;FUTBOL SALA;;;;Jueves;Viernes;;;8:30:00; 10:00:00;;315;Fundamentacion;Deporvida;DANIEL andres CUARTAS VALENCIA;-
20;Brisas de Mayo;Urbana;FUNDACION JOSE MARIA CORDOBA;K 53D Oeste # 12C 47;FUTBOL SALA;;Martes;;Jueves;;;;14:30:00; 16:00:00;;406;Irradiacion;Deporvida;ALEXANDER  BEDOYA PAZ;
20;Siloe;Urbana;Polideportivo La Horqueta;CL 1 OE KR 48-05;FUTBOL SALA;;Martes;Miercoles;;;;;7:10:00; 08:40:00;;422;Fundamentacion;Deporvida;DANIEL andres CUARTAS VALENCIA;-
20;Siloe;Urbana;Polideportivo La Horqueta;CL 1 OE KR 48-05;FUTBOL SALA;;Martes;Miercoles;;;;;8:40:00; 10:50:00;;423;Fundamentacion;Deporvida;DANIEL andres CUARTAS VALENCIA;-
20;Brisas de Mayo;Urbana;BIBLIOTECA PUBLICA COMUNITARIA BRISAS DE MAYO;K 54 Oeste # 10 20;JUDO;Lunes;;Miercoles;;;;;9:00:00; 11:00:00;;317;Irradiacion;Deporvida;FRANK SEBASTIAN OSPINA ALZATE;-
20;Brisas de Mayo;Urbana;BIBLIOTECA PUBLICA COMUNITARIA BRISAS DE MAYO;K 54 Oeste # 10 20;JUDO;Lunes;;Miercoles;;;;;14:30:00; 16:30:00;;318;Irradiacion;Deporvida;FRANK SEBASTIAN OSPINA ALZATE;-
20;Brisas de Mayo;Urbana;cancha brisas de mayo;K 52C # 9A Oeste 25;JUDO;;Martes;Miercoles;;;;;12:30:00; 14:30:00;;443;Irradiacion;Deporvida;FRANK SEBASTIAN OSPINA ALZATE;-
21;Pizamos III   Las Dalias;Urbana;CANCHA SOL DE ORIENTE;calle   123  #28D 10;FUNCIONAL;Lunes;Martes;;;;;;7:00.am-7:00.am;8:00.am-8:00.am;;;No aplica;ActivaMente;SAMUEL ASPRILLA;ACT-C-21-SAMUEL A -G01- GRUPO-PAZ Y ESPERANZA 1
21;Talanga;Urbana;Coliseo Cubierto Talanga 4;Cra 23 # 96-00;FUNCIONAL;;;Miercoles;;;;;8:00.am;9:00.am;;;No aplica;ActivaMente;SAMUEL ASPRILLA;ACT-C-21-SAMUEL A -G03- GRUPO-SALUD Y BIENESTAR
21;Valle Grande;Urbana;Cancha Multiple Vallegrande;K 24     C 78C;FUNCIONAL;;;;Jueves;Viernes;;;7:00.am-8:00.am;8:00.am-9:00.am;;;No aplica;ActivaMente;SAMUEL ASPRILLA;ACT-C-21-SAMUEL A -G04- GRUPO-MI HERMOSO VALLE GRANDE
21;Talanga;Urbana;Coliseo Cubierto Talanga 4;Cra 23 # 96-00;FUNCIONAL;;;;Jueves;;;;9:00.am;10:00.am;;;No aplica;ActivaMente;SAMUEL ASPRILLA;ACT-C-21-SAMUEL A -G05- GRUPO-SALUD Y BIENESTAR 2
21;Valle Grande;Urbana;CANCHA VALLE GRANDE;C 78C CON 23;FUNCIONAL;Lunes;Martes;;;;;;7:00.am-7:00.am;8:00.am-8:00.am;;;No aplica;ActivaMente;WALTER VALENCIA;ACT-C-21-WALTER.VALENCIA-G01-MI HERMOSO VALLE GRANDE
21;Valle Grande;Urbana;Cancha  Multiple Vallegrande;K 21 # 80C - 168;FUNCIONAL;;;Miercoles;;;;;7:00.am;8:00.am;;;No aplica;ActivaMente;WALTER VALENCIA;ACT-C-21-WALTER.VALENCIA-G02-ALAS DE LIBERTAD
21;El Remanso;Urbana;CANCHA MULTIPLE LA ERMITA;CRA 26J CALLE 123C;FUNCIONAL;Lunes;;;Jueves;;;;7:10.am-7:10.am;8:10.am-8:10.am;;;No aplica;ActivaMente;YULIET RIASCOS;ACT-C-21-YULIETH R-G02- GRUPO-CANITAS DE REMANSO
21;El Remanso;Urbana;CANCHA COMUNITARIA DECEPAZ;CALLE 123 ENTRE CRA 26A BIS Y 26C BIS;FUNCIONAL;;Martes;;Jueves;;;;7:15.pm-7:15.pm;8:15.pm-8:15.pm;;;No aplica;ActivaMente;YULIET RIASCOS;ACT-C-21-YULIETH R-G03- GRUPO-ROSAS DE OTOÑO
21;Talanga;Urbana;POLIDEPORTIVO TALANGA 1;CRA 24D # 85 - 00;FUNCIONAL;;;;;Viernes;;;7:15.pm;8:15.pm;;;No aplica;ActivaMente;YULIET RIASCOS;ACT-C-21-YULIETH R-G06- GRUPO-TERCER JUVENTUD
21;El Remanso;Urbana;CANCHA MULTIPLE LA ERMITA;CRA 26J CALLE 123C;FUNCIONAL;;Martes;;;;;;7:00.pm;8:00.pm;;;No aplica;ActivaMente;JORGE ACEVEDO;ACT-FUNCIONAL-C6-LA ERMITA-G05
21;Potrero Grande;Urbana;UTS POTRERO GRANDE;C 121B # 28B-05;FUNCIONAL;;Martes;;Jueves;;;;7:00.am-8:20.am;8:00.am-9:30.am;;;No aplica;ActivaMente;MIGUEL CARDENAS;ACT.FUN.C.21.MAYORES RENACIMIENTES.MIGUEL A CARDENAS
21;Desepaz Invicali;Urbana;I.E Técnica Desepaz- progresando juntos;1495;RECREO DEPORTIVO;;Martes;;;;;;7:00AM;8:00am;;;No aplica;Deporte Escolar;JUAN CAMPO;1916
21;Desepaz Invicali;Urbana;I.E Técnica Desepaz- progresando juntos;1496;RECREO DEPORTIVO;;Martes;;;;;;8:00AM;9:00pm;;;No aplica;Deporte Escolar;JUAN CAMPO;1917
21;Desepaz Invicali;Urbana;I.E Técnica Desepaz- progresando juntos;1497;RECREO DEPORTIVO;;Martes;;;;;;8:00AM;9:00am;;;No aplica;Deporte Escolar;JUAN CAMPO;1918
21;Desepaz Invicali;Urbana;I.E Técnica Desepaz- progresando juntos;1498;RECREO DEPORTIVO;;;Miercoles;;;;;7:00AM;8:00am;;;No aplica;Deporte Escolar;JUAN CAMPO;1919
21;Desepaz Invicali;Urbana;I.E Técnica Desepaz- progresando juntos;1499;RECREO DEPORTIVO;;;Miercoles;;;;;9:00AM;10:00am;;;No aplica;Deporte Escolar;JUAN CAMPO;1920
21;Desepaz Invicali;Urbana;I.E Técnica Desepaz- progresando juntos;1500;RECREO DEPORTIVO;;;Miercoles;;;;;10:00AM;11:00am;;;No aplica;Deporte Escolar;JUAN CAMPO;1921
21;Desepaz Invicali;Urbana;I.E Técnica Desepaz- progresando juntos;1501;RECREO DEPORTIVO;;;;Jueves;;;;7:00AM;8:04am;;;No aplica;Deporte Escolar;JUAN CAMPO;1922
21;Desepaz Invicali;Urbana;I.E Técnica Desepaz- progresando juntos;1502;RECREO DEPORTIVO;;;;Jueves;;;;8:00AM;9:00am;;;No aplica;Deporte Escolar;JUAN CAMPO;1923
21;Desepaz Invicali;Urbana;I.E Técnica Desepaz- Nuevo amanecer;1505;RECREO DEPORTIVO;;;;;Viernes;;;7:00PM;8:00am;;;No aplica;Deporte Escolar;JUAN CAMPO;1926
21;Desepaz Invicali;Urbana;I.E Técnica Desepaz- Nuevo amanecer;1506;RECREO DEPORTIVO;;;;;Viernes;;;8:00AM;9:00pm;;;No aplica;Deporte Escolar;JUAN CAMPO;1927
21;Talanga;Urbana;CANCHAS DE TEJO TALANGA 1;CALLE 94   # 23 -00;TEJO;;Martes;Miercoles;;Viernes;;;5:00.pm-5:00.pm-5:00.pm;7:00.pm-7:00.pm-7:00.pm;;;No aplica;Desafio Elite;ANDERSON CARMONA;CE - TEJO - C21 - ANDERSON CARMONA - G01
21;Potrero Grande;Urbana;Canchas Polideportivo de Sol de Oriente;K 28E # 123A - 00;SESIONES LUDICOPEDAGOGICAS;;Martes;;;;;;4:00.pm;5:30.pm;;;No aplica;Poblacion y Etnias;JOSE RESTREPO;PYE - VICTIMAS C21- PIZAMOS1 - ANTONIO RESTREPO-G01
21;El Remanso;Urbana;Cancha Multiple Remansos;CLL 124 CON CRA 26J;SESIONES LUDICOPEDAGOGICAS;;Martes;;;;;;8:05.am;9:35.am;;;No aplica;Poblacion y Etnias;ROGER MORENO;PYE-AFROS.SESIÓN LÚDICA ADULTO MAYOR - CANITAS
21;El Remanso;Urbana;PARQUE LOS LIDERES;Carrera 26i2 # 122;SESIONES LUDICOPEDAGOGICAS;;Martes;;;;;;6:30.am;8:00.am;;;No aplica;Poblacion y Etnias;ROGER MORENO;PYE-AFROS.SESIÓN LÚDICA ADULTO MAYOR - LOS LIDERES
21;Potrero Grande;Urbana;CASA PALENQUE NUESTRAS RAÍCES;CL 123 #28B;SESIONES LUDICOPEDAGOGICAS;;;;;Viernes;;;9:00.am;10:00.am;;;No aplica;Poblacion y Etnias;ROGER MORENO;PYE-AFROS.SESIÓN LÚDICA CASA PALENQUE NUESTRAS RAICES
21;Pizamos III   Las Dalias;Urbana;Casa palenque Raíces africanas.;Cra 28 F # 122 f bis - 21.;SESIONES LUDICOPEDAGOGICAS;;Martes;;;;;;9:00.am;10:00.am;;;No aplica;Poblacion y Etnias;EKENER VIVAS;PYE-AFROS.SESIÓN LÚDICA CASA PALENQUE RAICES AFRICANAS
21;Pízamos I;Urbana;CASA PALENQUESABERESANCESTRALES;CALLE 122 # 28 D 9 -14;SESIONES LUDICOPEDAGOGICAS;;Martes;;;;;;10:00.am;11:00.am;;;No aplica;Poblacion y Etnias;EKENER VIVAS;PYE-AFROS.SESIÓN LÚDICA CASA PALENQUE SABERES ANCESTRALES
21;Pizamos III   Las Dalias;Urbana;casas semilla nasa pizamos;Carrera 28 f3# 122B-47;SESIONES LUDICOPEDAGOGICAS;;;Miercoles;;;;;10:00.am;11:00.am;;;No aplica;Poblacion y Etnias;JHON YATACUE;PYE-INDÍGENA-C21- CASA SEMILLA PIZAMOS - JHON YATACUE-G03
21;Valle Grande;Urbana;Parque al lado del CDI progresemos juntos;Kr 25 entre Cl 80A y 80B, Cali, Valle del Cauca;SESIONES LUDICOPEDAGOGICAS;;;;;Viernes;;;4:00.pm;6:00.pm;;;No aplica;Poblacion y Etnias;RUBIELA POTES;PYE-VICTIMAS - C15- PARQUE CDI- RUBIELA POTES
21;Valle Grande;Urbana;Parque al lado del CDI progresemos juntos;Kr 25 entre Cl 80A y 80B, Cali, Valle del Cauca;SESIONES LUDICOPEDAGOGICAS;;;Miercoles;;;;;4:00.pm;6:00.pm;;;No aplica;Poblacion y Etnias;RUBIELA POTES;PYE-VICTIMAS- C15- PARQUE CDI- RUBIELA POTES
21;Pizamos III   Las Dalias;Urbana;Kiosko Pizamos 3;K 28D # 120B;SESIONES LUDICOPEDAGOGICAS;;;;;Viernes;;;6:00.am;7:30.am;;;No aplica;Poblacion y Etnias;JULIO VIVEROS;PYE-VICTIMAS-C14-PIZAMOS-JULIO VIVEROS
21;Potrero Grande;Urbana;PARQUE recreativo LA ARBOLEDA (POTRERO GRANDE);K 28A # 125 00;FUTBOL;;Martes;;Jueves;;;;14:00:00; 15:30:00;;146;Irradiacion;Deporvida;ARNOL JAVIER BANGUERO APONZA;-
21;El Remanso;Urbana;PARQUE LINEAL ALAMEDA REMANSOS;C 121 # 26J 3;FUTBOL;Lunes;;;Jueves;;;;14:00:00; 15:30:00;;468;Fundamentacion;Deporvida;VALENTINA , GOMEZ GOMEZ;-
21;Potrero Grande;Urbana;PARQUE LINEAL ALAMEDA POTRERO GRANDE;C 121 # 27;FUTBOL;;Martes;;Jueves;;;;9:00:00; 10:30:00;;77;Base;Deporvida;CARLOS ALBERTO MONTAÃ‘O ;-
21;Potrero Grande;Urbana;PARQUE LINEAL ALAMEDA POTRERO GRANDE;C 121 # 27;FUTBOL;;Martes;;Jueves;;;;14:30:00; 16:00:00;;80;Irradiacion;Deporvida;CARLOS ALBERTO MONTAÃ‘O ;-
21;Potrero Grande;Urbana;PARQUE LINEAL ALAMEDA POTRERO GRANDE;C 121 # 27;FUTBOL;;;Miercoles;;Viernes;;;14:30:00; 16:00:00;;81;Fundamentacion;Deporvida;CARLOS ALBERTO MONTAÃ‘O ;-
21;Potrero Grande;Urbana;PARQUE LINEAL ALAMEDA POTRERO GRANDE;C 121 # 27;FUTBOL;;;Miercoles;;Viernes;;;16:30:00; 18:00:00;;85;Apropiacion;Deporvida;CARLOS ALBERTO MONTAÃ‘O ;-
21;Pizamos I;Urbana;Polideportivo Sol De Oriente;KR 28E CL 123A;FUTBOL;;Martes;;Jueves;;;;16:00:00; 17:30:00;;94;Irradiacion;Deporvida;OMAR Fernando OROBIO JIMeNEZ;-
21;Pizamos I;Urbana;Polideportivo Sol De Oriente;KR 28E CL 123A;FUTBOL;Lunes;;Miercoles;;;;;16:00:00; 17:30:00;;96;Irradiacion;Deporvida;OMAR Fernando OROBIO JIMeNEZ;-
21;Pizamos I;Urbana;Polideportivo Sol De Oriente;KR 28E CL 123A;FUTBOL;;;Miercoles;;Viernes;;;17:30:00; 19:00:00;;98;Fundamentacion;Deporvida;OMAR Fernando OROBIO JIMeNEZ;-
21;Pizamos I;Urbana;Polideportivo Sol De Oriente;KR 28E CL 123A;FUTBOL;Lunes;;;Jueves;;;;17:30:00; 19:00:00;;100;Fundamentacion;Deporvida;OMAR Fernando OROBIO JIMeNEZ;-
21;Valle Grande;Urbana;Polideportivo Valle Grande;K 24F # 82B 00;FUTBOL SALA;;Martes;;Jueves;;;;16:00:00; 18:00:00;;73;Base;Deporvida;MILTON  MORENO MELENDEZ;-
21;Valle Grande;Urbana;Polideportivo Valle Grande;K 24F # 82B 00;FUTBOL SALA;;;Miercoles;;Viernes;;;9:30:00; 11:00:00;;75;Base;Deporvida;MILTON  MORENO MELENDEZ;-
21;Valle Grande;Urbana;Polideportivo Valle Grande;K 24F # 82B 00;FUTBOL SALA;;Martes;;Jueves;;;;14:00:00; 16:00:00;;79;Fundamentacion;Deporvida;MILTON  MORENO MELENDEZ;-
21;El Remanso;Urbana;SKATE PARK REMANSOS;K 26J # 121A - 00;BMX FREESTYLE;;Martes;;Jueves;;;;5:00.pm-5:00.pm;6:30.pm-6:30.pm;;;No aplica;Vertigo;CRISTHIAN CARDENAS;VT- BMX FREESTYLE. C21-CRISTIAN CARDENAS G1
21;El Remanso;Urbana;SKATE PARK REMANSOS;K 26J # 121A - 00;ROLLER FREESTYLE;;;Miercoles;;Viernes;;;4:30.pm-4:30.pm;6:00.pm-6:00.pm;;;No aplica;Vertigo;CARLOS FEIJOO;VT-ROLLER FREESTYLE SKATEPARK- C15-CARLOS FEJOO-REMANSOS-G02
21;El Remanso;Urbana;GLORIETA MANUELA BELTRAN;Calle 121 # 26j-00;STREET WORKOUT;Lunes;;Miercoles;;;;;5:00.pm-5:00.pm;6:30.pm-6:30.pm;;;No aplica;Vertigo;JUAN TAVERA;VT-STREET WORKOUT-C14-JUAN TAVERA-G03
21;El Remanso;Urbana;GLORIETA MANUELA BELTRAN;Calle 121 # 26j-00;STREET WORKOUT;;Martes;;Jueves;;;;5:00.pm-5:00.pm;7:00.pm-7:00.pm;;;No aplica;Vertigo;MIGUEL MENDOZA;VT-STREET WORKOUT-C14-MIGUEL MENDOZA-G02
21;Valle Grande;Urbana;PARQUE RECREATIVO LOS SAMANES;Carrera 25, entre la Calle 86 y Calle 85;STREET WORKOUT;;;Miercoles;;Viernes;;;8:00.pm-8:00.pm;10:00.pm-10:00.pm;;;No aplica;Vertigo;MIGUEL MENDOZA;VT-STREET WORKOUT-C17-MIGUEL MENDOZA-G01
21;El Remanso;Urbana;ALAMEDA DE REMANZOS DE COMFANDI;CALLE 121 CON 26 M 6;STREET WORKOUT;;;Miercoles;;Viernes;;;5:00.pm-5:00.pm;6:30.pm-6:30.pm;;;No aplica;Vertigo;MIGUEL MENDOZA;VT-STREET WORKOUT-C17-MIGUEL MENDOZA-G03
21;Calimio Desepaz;Urbana;UNIDAD RECREATIVA CALIMIO DESEPAZ;CRA 26M3 # 121-97;FUNCIONAL;;Martes;;;;;;8:00.am;9:00.am;;;No aplica;ActivaMente;SAMUEL ASPRILLA;ACT-C-21-SAMUEL A -G02- GRUPO-LAS GACELAS
21;Calimio Desepaz;Urbana;UNIDAD RECREATIVA CALIMIO DESEPAZ;CRA 26M3 # 121-97;FUNCIONAL;;;Miercoles;;;;;7:00.am;8:00.am;;;No aplica;ActivaMente;SAMUEL ASPRILLA;ACT-C-21-SAMUEL A -G06- GRUPO-LAS GACELAS 2
21;Calimio Desepaz;Urbana;kiosco múltiples los lideres;cra 26I # 122-36;FUNCIONAL;Lunes;;Miercoles;;;;;7:10.am-7:10.am;8:10.am-8:10.am;;;No aplica;ActivaMente;YULIET RIASCOS;ACT-C-21-YULIETH R-G01- GRUPO LIDERES
21;Compartir;Urbana;CANCHA MULTIPLE COMPARTIR;CLL 101B  CRA 24A;FUNCIONAL;;Martes;;;;;;8:30.am;9:30.am;;;No aplica;ActivaMente;YULIET RIASCOS;ACT-C-21-YULIETH R-G04- GRUPO-ALEGRIA DE COMPARTIR
21;Calimio Desepaz;Urbana;UNIDAD RECREATIVA CALIMIO DESEPAZ;CRA 26M3 # 121-97;FUNCIONAL;;;;;Viernes;;;7:00.am;8:00.am;;;No aplica;ActivaMente;LUIS ORTIZ;ACT-FUNCIONAL-C13-LAS GUERRERAS-LUIS ORTIZ-G7
21;Calimio Desepaz;Urbana;Sendero Alameda, frente al Polideportivo Calimio;Calle 121 cra 26M 5;acondicionamiento fisico;Lunes;;;;Viernes;;;7:10.am-7:10.am;8:10.am-8:10.am;;;No aplica;Carreras y Caminatas;LUIS GRUESO;CYC-ACONDICIONAMIENTO FISICO-C21- LUIS ANTONIO GRUESO-G01
21;Calimio Desepaz;Urbana;Sendero Alameda, frente al Polideportivo Calimio;Calle 121 cra 26M 5;acondicionamiento fisico;Lunes;;;;Viernes;;;6:30.pm-6:30.pm;7:30.pm-7:30.pm;;;No aplica;Carreras y Caminatas;LUIS GRUESO;CYC-ACONDICIONAMIENTO FISICO-C21-LUIS ANTONIO GRUESO-G02
21;Calimio Desepaz;Urbana;casa palenque de oro;calle 120a # 22-29;SESIONES LUDICOPEDAGOGICAS;;;;;Viernes;;;9:00.am;10:30.am;;;No aplica;Poblacion y Etnias;ROGER MORENO;PYE-AFROS.SESIÓN LÚDICA CASA PALENQUE DE ORO
21;Calimio Desepaz;Urbana;UNIDAD RECREATIVA CALIMIO DESEPAZ;K 26M3 # 121-97;SESIONES LUDICOPEDAGOGICAS;;;;;Viernes;;;7:00.am;8:00.am;;;No aplica;Poblacion y Etnias;JOHN OBANDO;PYE-AFROS.SESIÓN LÚDICA LAS GACELAS (ADULTO MAYOR)
22;Bochalema;Urbana;Parque Bochalema;C 46 # 111 - 59;FUNCIONAL;Lunes;;;;;;;7:30.am;8:30.am;;;No aplica;ActivaMente;DIANA QUIÑONES;ACT -C-22-DIANA-Q-G1-ACTIVIDAD FISICA MUSICALIZADA BOCHALEMA 1
22;Bochalema;Urbana;CANCHA AUTONOMA;CALLE 25 CON CARRERA 115;FUNCIONAL;;;Miercoles;;;;;7:15.am;8:15.am;;;No aplica;ActivaMente;DIANA QUIÑONES;ACT -C-22-DIANA-Q-G3-ACTIVIDAD FISICA MUSICALIZDA AUTONOMA
22;Ciudad Campestre;Urbana;CANCHA PARQUE CIUDAD PACÍFICA;Carrera 121a entre Calle 49 y 50;FUNCIONAL;;;Miercoles;;;;;8:30.am;9:30.am;;;No aplica;ActivaMente;DIANA QUIÑONES;ACT -C-22-DIANA-Q-G4-ACTIVIDAD FISICA MUSICALIZADA MIRASOL
22;Ciudad Campestre;Urbana;CANCHA PARQUE CIUDAD PACÍFICA;Carrera 121a entre Calle 49 y 50;FUNCIONAL;;Martes;;Jueves;;;;8:00.am-8:00.am;9:00.am-9:00.am;;;No aplica;ActivaMente;JEFFERSON ZAPATA;ACT -C-22-JEFFERSON-Z-G2-AÑOS DE SABIDURIA
22;Bochalema;Urbana;Parque Bochalema;C 46 # 111 - 59;FUNCIONAL;;;;;Viernes;;;7:00.am;8:00.am;;;No aplica;ActivaMente;JEFFERSON ZAPATA;ACT -C-22-JEFFERSON-Z-G3-SUEÑOS DORADOS
22;Urbanización Ciudad Jardín;Urbana;AVENTURA PLAZA -IPS COLSUBSIDIOS;CRA 100 # 15A-61;PAUSAS ACTIVAS;;;Miercoles;;;;;9:00.am;10:00.am;;;No aplica;ActivaMente;JEFFERSON ZAPATA;ACT -C-22-JEFFERSON-Z-G5-SECRETARIA DE MOVILIDAD -- AVENTURA PLAZA OFICIONAS
22;Urbanización Ciudad Jardín;Urbana;FUNDACOBA;Cra. 101 # 15-113;ACTIVIDAD FÍSICA Y RECREACIÓN ADAPTADA;;;;Jueves;Viernes;;;2:00.pm-10:30.am;3:00.pm-11:30.am;;;No aplica;Cali Incluyente;JUAN MALDONADO;CI - ACTIVIDAD FISICA Y RECREACIÓN ADAPTADA - C22 - G01
22;Parcelaciones Pance;Urbana;Poligono Bernardo Tobar Pance;Cra 168 # 20-100;TIRO DEPORTIVO;;;;;;Sabado;Domingo;10:00.am-10:00.am;12:00.pm-12:00.pm;;;No aplica;Desafio Elite;ALEJANDRA RIVEROS;CE-TIRO DEPORTIVO-C22-ALEJANDRA RIVEROS-G03
22;Ciudad Campestre;Urbana;CENTRO DE FORMACION VALLE DEL LILI CASA VOLUNTAD;k 108 # 48-91;SESIONES LUDICOPEDAGOGICAS;;;;Jueves;;;;2:00.pm;3:00.pm;;;No aplica;Poblacion y Etnias;YORK MOSQUERA;PYE-INTRAMURAL-C22- VALLE DEL LILI-YORK ENRIQUE MOSQUERA-G05
22;Ciudad Campestre;Urbana;CENTRO DE FORMACION VALLE DEL LILI CASA VOLUNTAD;k 108 # 48-91;SESIONES LUDICOPEDAGOGICAS;;;;Jueves;;;;3:00.pm;4:00.pm;;;No aplica;Poblacion y Etnias;YORK MOSQUERA;PYE-INTRAMURAL-C22- VALLE DEL LILI-YORK ENRIQUE MOSQUERA-G06
22;Urbanizacion Rio Lili;Urbana;Polideportivo Valle Del Lili;K 102 # 20 05;FUTBOL SALA;;Martes;;Jueves;;;;17:30:00; 19:00:00;;424;Irradiacion;Deporvida;VICTOR ALFONSO SANCHEZ SANCHEZ;-
22;Urbanizacion Rio Lili;Urbana;Polideportivo Valle Del Lili;K 102 # 20 05;FUTBOL SALA;;Martes;;Jueves;;;;19:00:00; 20:30:00;;432;Fundamentacion;Deporvida;VICTOR ALFONSO SANCHEZ SANCHEZ;-
22;Urbanización Río Lili;Urbana;Polideportivo Valle del Lili;CRA 102 CON CLL 19;PARKOUR;;Martes;;Jueves;;;;6:00.pm-6:00.pm;7:30.pm-7:30.pm;;;No aplica;Vertigo;ALEYK SINISTERRA;VT-PARKOUR-C15-ALEYK SINISTERRA-G01
50;La Buitrera;Rural;CASA MONTESSORI HOME & SCHOOL;null;FUTBOL SALA;;Martes;;Jueves;;;;8:00:00; 09:30:00;La Buitrera;La Buitrera (Cabecera);Fundamentacion;Deporvida;JHOAO Sebastian BURBANO GUERRERO;La Buitrera
50;La Buitrera;Rural;CASA MONTESSORI HOME & SCHOOL;null;FUTBOL SALA;;Martes;;Jueves;;;;10:00:00; 11:30:00;La Buitrera;La Buitrera (Cabecera);Fundamentacion;Deporvida;JHOAO Sebastian BURBANO GUERRERO;La Buitrera
50;Pichinde;Rural;CENTRO RECREACIONAL YANACONAS;null;FUTBOL SALA;Lunes;;;Jueves;;;;12:00:00; 14:00:00;Pichinde;Pichinde (Cabecera);Fundamentacion;Deporvida;LEONARD Zeyn TORRES JIMENEZ;Pichinde
50;Pichinde;Rural;CENTRO RECREACIONAL YANACONAS;null;FUTBOL SALA;Lunes;;;Jueves;;;;14:00:00; 16:00:00;Pichinde;Pichinde (Cabecera);Fundamentacion;Deporvida;LEONARD Zeyn TORRES JIMENEZ;Pichinde
50;Pichinde;Rural;CENTRO RECREACIONAL YANACONAS;null;FUTBOL SALA;Lunes;;;Jueves;;;;16:00:00; 18:00:00;Pichinde;Pichinde (Cabecera);Fundamentacion;Deporvida;LEONARD Zeyn TORRES JIMENEZ;Pichinde
50;Pichinde;Rural;cancha multiple pichende;null;FUTBOL SALA;;Martes;;Jueves;;;;19:00:00; 21:00:00;Pichinde;Pichinde (Cabecera);Apropiacion;Deporvida;SANTIAGO  MOSQUERA HENAO;Pichinde
50;El Saladito;Rural;Escuela Luis Fernando Lloreda;null;ATLETISMO;Lunes;;;;;;;7:00:00; 08:00:00;El Saladito;El Saladito (Cabecera);Irradiacion;Deporvida;NATALIA  BRAVO FERNANDEZ;El Saladito
50;El Saladito;Rural;Escuela Luis Fernando Lloreda;null;ATLETISMO;;;Miercoles;;;;;9:00:00; 10:15:00;El Saladito;El Saladito (Cabecera);Irradiacion;Deporvida;NATALIA  BRAVO FERNANDEZ;El Saladito
50;El Saladito;Rural;Escuela Luis Fernando Lloreda;null;ATLETISMO;;;Miercoles;;;;;7:00:00; 08:00:00;El Saladito;El Saladito (Cabecera);Fundamentacion;Deporvida;NATALIA  BRAVO FERNANDEZ;El Saladito
50;El Saladito;Rural;Escuela Luis Fernando Lloreda;null;ATLETISMO;;Martes;;;;;;8:00:00; 09:00:00;El Saladito;El Saladito (Cabecera);Fundamentacion;Deporvida;NATALIA  BRAVO FERNANDEZ;El Saladito
50;El Saladito;Rural;Colegio Francisco Jose Lloreda;null;ATLETISMO;;;;;Viernes;;;9:00:00; 10:00:00;El Saladito;El Saladito (Cabecera);Fundamentacion;Deporvida;NATALIA  BRAVO FERNANDEZ;El Saladito
50;Golondrinas;Rural;Polideportivo Filo Laguna  Corregimiento Golondrinas;null;FUTBOL;Lunes;;Miercoles;;Viernes;;;17:00:00; 18:30:00;Golondrinas;El Filo;Irradiacion;Deporvida;LUIS ERNESTO PALOMEQUE PALOMEQUE;Golondrinas
50;Golondrinas;Rural;Polideportivo Filo Laguna  Corregimiento Golondrinas;null;FUTBOL;Lunes;;Miercoles;;Viernes;;;18:30:00; 20:00:00;Golondrinas;El Filo;Irradiacion;Deporvida;LUIS ERNESTO PALOMEQUE PALOMEQUE;Golondrinas
50;El Hormiguero;Rural;Vivero Parque Residencial;Calle 60 B # 108-41;FUNCIONAL;;Martes;;Jueves;;;;6:00.am-6:00.am;7:00.am-7:00.am;El Hormiguero;;No aplica;ActivaMente;JEFFERSON ZAPATA;ACT -C-22-JEFFERSON-Z-G1-SALUD Y VIDA
50;Los Andes;Rural;CANCHA MULTIPLE DEL RIO CALI;3.4488338548100037, -76.56541854767173;FUNCIONAL;;;;Jueves;Viernes;;;8:00.am-7:00.am;9:00.am-8:00.am;Los Andes;;No aplica;ActivaMente;SAMUEL ASPRILLA;ACT-C-14-SAMUEL A -G07- GRUPO-HERMANDAD POR EL MUNDO
50;El Saladito;Rural;COLEGIO EL SALADITO;ANTIGUA ESCUELA SALADITO;FUNCIONAL;Lunes;;;;;;;7:00.pm;9:00.pm;El Saladito;El Saladito (Cabecera);No aplica;ActivaMente;MAYRA GIRALDO;ACT-C-EL SALADITO-HULDER .E-G2-VIDA ACTIVA SALADITO
50;Felidia;Rural;salon Comunal Felidia;3.467915995676206, -76.63004909409908;FUNCIONAL;Lunes;;;;;;;3:00.pm;5:00.pm;Felidia;Felidia (Cabecera);No aplica;ActivaMente;HULDER ESCOBAR;ACT-C-FELIDIA-HULDER.E-G01-SIMEPRE JOVENES
50;Golondrinas;Rural;CASETA COMUNAL GOLONDRINAS;PEDREGAL;FUNCIONAL;;;Miercoles;;;;;2:00.pm;4:00.pm;Golondrinas;Golondrinas (Cabecera);No aplica;ActivaMente;CARLOS VELEZ;ACT-C-GOLONDRINAS-CARLOS.V-G02-AÑOS DORADOS
50;Golondrinas;Rural;Caseta comunal V/ Altos de normandia.;CACETA COMINAL SECTOR LAS MINAS ALTOS DE NORMANDIA;FUNCIONAL;;;;;Viernes;;;2:30.pm;4:30.pm;Golondrinas;Normandia-La Ermita;No aplica;ActivaMente;MARIA NIEVA;ACT-C-GOLONDRINAS-MARIA.N-G05-CREANDO SONRISAS
50;Navarro;Rural;CANCHA DE FUTBOL CASCAJAL;NAVARRO;FUNCIONAL;Lunes;;;;;;;8:00.am;10:00.am;Navarro;Navarro;No aplica;ActivaMente;JEFERSON RIOS;ACT-C-HORMIGUERO-JEFERSON.R-G01-REVIVIR
50;El Hormiguero;Rural;POLIDEPORTIVO EL HORMIGUERO;CUENCA SUR;FUNCIONAL;;Martes;;;;;;7:00.am;9:00.am;El Hormiguero;El Hormiguero (Cabecera);No aplica;ActivaMente;JEFERSON RIOS;ACT-C-HORMIGUERO-JEFERSON.R-G02-DIOS ES AMOR
50;Felidia;Rural;salon Comunal Felidia;3.467915995676206, -76.63004909409908;FUNCIONAL;;;Miercoles;;;;;7:00.pm;9:00.pm;Felidia;Felidia (Cabecera);No aplica;ActivaMente;HULDER ESCOBAR;ACT-C-HULDER.E-G04-RUMBA FITNESS
50;La Leonera;Rural;CENTRO CULTURAL LA LEONERA;CENTRO CULTURAL;FUNCIONAL;;;;Jueves;;;;6:30.pm;8:30.pm;La Leonera;La Leonera (Cabecera);No aplica;ActivaMente;HULDER ESCOBAR;ACT-C-HULDER.E-G05-RUMBA LEONERA
50;La Buitrera;Rural;Caseta Comunal La Sirena;Vía La Sirena;FUNCIONAL;;;;;Viernes;;;2:00.pm;4:00.pm;La Buitrera;La Sirena;No aplica;ActivaMente;CARLOS VELEZ;ACT-C-LA BUITRERA-CARLOS.V-G05-ATARDECER DE LA SIRENA
50;La Buitrera;Rural;CANCHA DE FUTBOL LA BUITRERA;LA BUITRERA;FUNCIONAL;;;Miercoles;;;;;8:00.am;10:00.am;La Buitrera;La Buitrera (Cabecera);No aplica;ActivaMente;JEFERSON RIOS;ACT-C-LA BUITRERA-JEFERSON.R-G04-CHAMALU
50;La Buitrera;Rural;CANCHA DE FUTBOL LA BUITRERA;LA BUITRERA;FUNCIONAL;;;;;Viernes;;;8:00.am;10:00.am;La Buitrera;La Buitrera (Cabecera);No aplica;ActivaMente;JEFERSON RIOS;ACT-C-LA BUITRERA-JEFERSON.R-G05-ALCANZAR UNA ESTRELLA
50;La Castilla;Rural;CASETA COMUNAL LA CASTILLA;3.4965224111180393, -76.57689801076711;FUNCIONAL;;Martes;;;;;;2:00.pm;4:00.pm;La Castilla;La Castilla (Cabecera;No aplica;ActivaMente;CARLOS VELEZ;ACT-C-LA CASTILLA-CARLOS.V-G01-EL BUEN VIVIR
50;La Elvira;Rural;Gimnasio del Corregimiento La Elvira;La Elvira Km 12 / Vìa Cali - Buenaventura;FUNCIONAL;Lunes;;;;;;;1:30.pm;3:30.pm;La Elvira;La Elvira (Cabecera);No aplica;ActivaMente;MARIA NIEVA;ACT-C-LA ELVIRA-MARIA.N-G01-COMENZAR A VIVIR
50;La Leonera;Rural;CASETA COMUNAL PAJUI;3.4572093381382114, -76.62871372750386;FUNCIONAL;;Martes;;;;;;7:00.pm;9:00.pm;La Leonera;;No aplica;ActivaMente;HULDER ESCOBAR;ACT-C-LA LEONERA-HULDER.E-G03-DEPORTE PAJUI
50;La Leonera;Rural;CENTRO CULTURAL LA LEONERA;CENTRO CULTURAL;FUNCIONAL;;;Miercoles;;;;;2:30.pm;4:30.pm;La Leonera;La Leonera (Cabecera);No aplica;ActivaMente;MARIA NIEVA;ACT-C-LA LEONERA-MARIA.N-G03-LOS CISNES
50;La Paz;Rural;CASETA COMUNAL LA PAZ;LA PAZ;FUNCIONAL;;;;Jueves;;;;1:00.pm;3:00.pm;La Paz;La Paz (Cabecera);No aplica;ActivaMente;CARLOS VELEZ;ACT-C-LA PAZ-CARLOS.V-G03-ALEGRE DESPERTAR
50;La Paz;Rural;CENTRO CULTURAL VILLA DEL ROSARIO /CORREGIMIENTO LA PAZ;3.5086883934698174, -76.56632567199136;FUNCIONAL;;;;Jueves;;;;3:15.pm;5:15.pm;La Paz;Sector Villa del Rosario;No aplica;ActivaMente;CARLOS VELEZ;ACT-C-LA PAZ-CARLOS.V-G04-CABELLOS BLANCOS
50;Los Andes;Rural;CANCHA MULTIPLE DEL RIO CALI;3.4488338548100037, -76.56541854767173;FUNCIONAL;;Martes;;;;;;8:00.am;10:00.am;Los Andes;;No aplica;ActivaMente;JOAN ROJAS;ACT-C-LOS ANDES-JOAN.R-G01-MI PARAISO
50;Los Andes;Rural;CANCHA LOS ANDES;CANCHA LOS ANDES;FUNCIONAL;;;;Jueves;;;;2:00.pm;4:00.pm;Los Andes;Los Andes (Cabecera);No aplica;ActivaMente;JOAN ROJAS;ACT-C-LOS ANDES-JOAN.R-G03-AIRES DEL CAMPO
50;Montebello;Rural;Biblioteca Rumenigue Perea Padilla;3.4845694043620075, -76.55231940905591;FUNCIONAL;;;;Jueves;;;;7:00.am;9:00.am;Montebello;Montebello(Cabecera);No aplica;ActivaMente;JOAN ROJAS;ACT-C-MONTEBELLO-JOAN.R-G02-CAMINOS DE LUZ
50;Montebello;Rural;Biblioteca Rumenigue Perea Padilla;3.4845694043620075, -76.55231940905591;FUNCIONAL;;;Miercoles;;;;;7:00.am;9:00.am;Montebello;Montebello(Cabecera);No aplica;ActivaMente;MARIA NIEVA;ACT-C-MONTEBELLO-MARIA.N-G02-NUEVAS ILUSIONES
50;Montebello;Rural;SEDE ADULTO MAYOR;SEDE ADULTO MAYO CAMPO ALEGRE;FUNCIONAL;;;;Jueves;;;;8:30.am;10:30.am;Montebello;Campoalegre;No aplica;ActivaMente;MARIA NIEVA;ACT-C-MONTEBELLO-MARIA.N-G04-VIDA NUEVA
50;Navarro;Rural;Biblioteca Pública Navarro;3.391872810759879, -76.46539778634043;FUNCIONAL;;Martes;;;;;;2:00.pm;4:00.pm;Navarro;Navarro;No aplica;ActivaMente;JEFERSON RIOS;ACT-C-NAVARRO-JEFERSON.R-G03-ALEGRES DE ANIVERSARIO
50;Pichindé;Rural;Caseta Comunal Pichinde;CASETA COMUNAL PICHINDE;FUNCIONAL;Lunes;;;;;;;6:30.pm;8:30.pm;Pichindé;Pichindé (Cabecera);No aplica;ActivaMente;HULDER ESCOBAR;ACT-C-PICHINDE-HULDER.E-G02-RITMO ACTIVO PICHINDE
50;Pichindé;Rural;Caseta Comunal Pichinde;CASETA COMUNAL PICHINDE;FUNCIONAL;;;;;;Sabado;;2:00.pm;4:00.pm;Pichindé;Pichindé (Cabecera);No aplica;ActivaMente;JOAN ROJAS;ACT-C-PICHINDE-JOAN.R-G04-RENACER PICHINDE
50;La Buitrera;Rural;FUNDACION PROGRESAR - LA SIRENA;Kilómetro 3 Via la Sirena;ACTIVIDAD FÍSICA Y RECREACIÓN ADAPTADA;Lunes;;Miercoles;;;;;9:00.am-9:00.am;12:00.pm-12:00.pm;La Buitrera;La Sirena;No aplica;Cali Incluyente;JUAN MALDONADO;CI - ACTIVIDAD FISICA Y RECREACIÓN ADAPTADA - BUITRERA - G01
50;La Castilla;Rural;CANCHA MULTIPLE LAS PALMAS;CODIGO 6202 VEREDA O SECTOR;acondicionamiento fisico;Lunes;;Miercoles;;;;;7:00.am-7:00.am;8:00.am-8:00.am;La Castilla;Las Palmas;No aplica;Carreras y Caminatas;FARDY RAMIREZ;CYC-ACONDICIONAMIENTO FISICO-CORREGIMIENTO-FARDY RAMIREZ GOMEZ-G03
50;Navarro;Rural;I.E NAVARRO- JUAN BAUTISTA DE LA SALLE;1470;RECREO DEPORTIVO;;Martes;;;;;;7:00AM;8:20am;Navarro;;No aplica;Deporte Escolar;MARTIN RIVERA;1891
50;Navarro;Rural;I.E NAVARRO- JUAN BAUTISTA DE LA SALLE;1471;RECREO DEPORTIVO;;;Miercoles;;;;;7:00AM;8:20am;Navarro;;No aplica;Deporte Escolar;MARTIN RIVERA;1892
50;Navarro;Rural;I.E NAVARRO- JUAN BAUTISTA DE LA SALLE;1472;RECREO DEPORTIVO;;;;Jueves;;;;7:00AM;8:20am;Navarro;;No aplica;Deporte Escolar;MARTIN RIVERA;1893
50;Navarro;Rural;I.E NAVARRO- JUAN BAUTISTA DE LA SALLE;1473;RECREO DEPORTIVO;;;;;Viernes;;;7:00AM;8:20am;Navarro;;No aplica;Deporte Escolar;MARTIN RIVERA;1894
50;Navarro;Rural;I.E NAVARRO- JUAN BAUTISTA DE LA SALLE;1474;RECREO DEPORTIVO;;Martes;;;;;;8:20AM;9:30am;Navarro;;No aplica;Deporte Escolar;MARTIN RIVERA;1895
50;Navarro;Rural;I.E NAVARRO- JUAN BAUTISTA DE LA SALLE;1475;RECREO DEPORTIVO;;Martes;;;;;;8:20AM;9:30am;Navarro;;No aplica;Deporte Escolar;MARTIN RIVERA;1896
50;Navarro;Rural;I.E NAVARRO- JUAN BAUTISTA DE LA SALLE;1476;RECREO DEPORTIVO;;;Miercoles;;;;;8:20AM;9:30am;Navarro;;No aplica;Deporte Escolar;MARTIN RIVERA;1897
50;Navarro;Rural;I.E NAVARRO- JUAN BAUTISTA DE LA SALLE;1477;RECREO DEPORTIVO;;;;Jueves;;;;8:20AM;9:31am;Navarro;;No aplica;Deporte Escolar;MARTIN RIVERA;1898
50;Navarro;Rural;I.E NAVARRO- JUAN BAUTISTA DE LA SALLE;1478;RECREO DEPORTIVO;;Martes;;;;;;10:00AM;11:30am;Navarro;;No aplica;Deporte Escolar;MARTIN RIVERA;1899
50;Navarro;Rural;I.E NAVARRO- JUAN BAUTISTA DE LA SALLE;1479;RECREO DEPORTIVO;;;Miercoles;;;;;10:00AM;11:30am;Navarro;;No aplica;Deporte Escolar;MARTIN RIVERA;1900
50;Navarro;Rural;I.E NAVARRO- JUAN BAUTISTA DE LA SALLE;1480;RECREO DEPORTIVO;;;;Jueves;;;;10:00AM;11:30am;Navarro;;No aplica;Deporte Escolar;MARTIN RIVERA;1901
50;Navarro;Rural;I.E NAVARRO- JUAN BAUTISTA DE LA SALLE;1481;RECREO DEPORTIVO;;;;;Viernes;;;10:00AM;11:30am;Navarro;;No aplica;Deporte Escolar;MARTIN RIVERA;1902
50;El Saladito;Rural;I. E FRANCISCO JOSE LLOREDA MERA- LUIS FERNANDO LLOREDA ZAMORANO;1684;RECREO DEPORTIVO;;;;Jueves;;;;8:30AM;9:30am;El Saladito;;No aplica;Deporte Escolar;ARBEY PEREZ;2105
50;El Saladito;Rural;I. E FRANCISCO JOSE LLOREDA MERA- LUIS FERNANDO LLOREDA ZAMORANO;1685;RECREO DEPORTIVO;;;;Jueves;;;;9:30AM;11:00am;El Saladito;;No aplica;Deporte Escolar;ARBEY PEREZ;2106
50;El Saladito;Rural;I. E FRANCISCO JOSE LLOREDA MERA- LUIS FERNANDO LLOREDA ZAMORANO;1686;RECREO DEPORTIVO;;;;;Viernes;;;8:00AM;10:00am;El Saladito;;No aplica;Deporte Escolar;ARBEY PEREZ;2107
50;El Saladito;Rural;I. E FRANCISCO JOSE LLOREDA MERA- LUIS FERNANDO LLOREDA ZAMORANO;1687;RECREO DEPORTIVO;;Martes;;;Viernes;;;8:00AM-10:00AM;9:00am-11:00am;El Saladito;;No aplica;Deporte Escolar;ARBEY PEREZ;2108
50;El Saladito;Rural;I. E FRANCISCO JOSE LLOREDA MERA- LUIS FERNANDO LLOREDA ZAMORANO;1688;RECREO DEPORTIVO;;;Miercoles;;;;;8:00AM;10:00am;El Saladito;;No aplica;Deporte Escolar;ARBEY PEREZ;2109
50;El Saladito;Rural;I. E FRANCISCO JOSE LLOREDA MERA- LUIS FERNANDO LLOREDA ZAMORANO;1689;RECREO DEPORTIVO;;Martes;Miercoles;;;;;10:00AM-10:00AM;11:00am-11:00am;El Saladito;;No aplica;Deporte Escolar;ARBEY PEREZ;2110
50;Los Andes;Rural;I.E LOS ANDES - TIERRA DE HOMBRES- PRINCIPAL;1690;RECREO DEPORTIVO;;;Miercoles;;;;;7:30AM;8:15am;Los Andes;;No aplica;Deporte Escolar;ANA CASTRO;2111
50;Los Andes;Rural;I.E LOS ANDES - TIERRA DE HOMBRES- PRINCIPAL;1691;RECREO DEPORTIVO;;;Miercoles;;;;;7:30AM;8:15am;Los Andes;;No aplica;Deporte Escolar;ANA CASTRO;2112
50;Los Andes;Rural;I.E LOS ANDES - TIERRA DE HOMBRES- PRINCIPAL;1692;RECREO DEPORTIVO;;;Miercoles;;;;;8:30AM;9:30am;Los Andes;;No aplica;Deporte Escolar;ANA CASTRO;2113
50;Los Andes;Rural;I.E LOS ANDES - TIERRA DE HOMBRES- PRINCIPAL;1693;RECREO DEPORTIVO;;;Miercoles;;;;;9:30AM;10:20am;Los Andes;;No aplica;Deporte Escolar;ANA CASTRO;2114
50;Los Andes;Rural;I.E LOS ANDES - TIERRA DE HOMBRES- PRINCIPAL;1694;RECREO DEPORTIVO;;Martes;;;;;;7:30AM;9:00am;Los Andes;;No aplica;Deporte Escolar;ANA CASTRO;2115
50;Los Andes;Rural;I.E LOS ANDES - TIERRA DE HOMBRES- PRINCIPAL;1695;RECREO DEPORTIVO;;Martes;;;;;;9:00AM;10:15am;Los Andes;;No aplica;Deporte Escolar;ANA CASTRO;2116
50;Los Andes;Rural;I.E LOS ANDES - TIERRA DE HOMBRES- FRANCISCO JOSÉ DE CALDAS;1696;RECREO DEPORTIVO;;;;Jueves;;;;7:30AM;8:40am;Los Andes;;No aplica;Deporte Escolar;ANA CASTRO;2117
50;Los Andes;Rural;I.E LOS ANDES - TIERRA DE HOMBRES- FRANCISCO JOSÉ DE CALDAS;1697;RECREO DEPORTIVO;;;;Jueves;;;;7:30AM;8:40am;Los Andes;;No aplica;Deporte Escolar;ANA CASTRO;2118
50;Los Andes;Rural;I.E LOS ANDES - TIERRA DE HOMBRES- FRANCISCO JOSÉ DE CALDAS;1698;RECREO DEPORTIVO;;;;Jueves;;;;9:00AM;10:15am;Los Andes;;No aplica;Deporte Escolar;ANA CASTRO;2119
50;Los Andes;Rural;I.E LOS ANDES - TIERRA DE HOMBRES- FRANCISCO JOSÉ DE CALDAS;1699;RECREO DEPORTIVO;;;;Jueves;;;;9:00AM;10:15am;Los Andes;;No aplica;Deporte Escolar;ANA CASTRO;2120
50;Los Andes;Rural;I.E LOS ANDES - TIERRA DE HOMBRES- FRANCISCO JOSÉ DE CALDAS;1700;RECREO DEPORTIVO;;;;Jueves;;;;9:00AM;10:15am;Los Andes;;No aplica;Deporte Escolar;ANA CASTRO;2121
50;Los Andes;Rural;I.E LOS ANDES - TIERRA DE HOMBRES- JUAN PABLO I;1702;RECREO DEPORTIVO;;;;;Viernes;;;7:30AM;8:30am;Los Andes;;No aplica;Deporte Escolar;ANA CASTRO;2123
50;Los Andes;Rural;I.E LOS ANDES - TIERRA DE HOMBRES- JUAN PABLO I;1703;RECREO DEPORTIVO;;;;;Viernes;;;8:30AM;10:00am;Los Andes;;No aplica;Deporte Escolar;ANA CASTRO;2124
50;Los Andes;Rural;I.E LOS ANDES - TIERRA DE HOMBRES- JUAN PABLO I;1704;RECREO DEPORTIVO;;;;;Viernes;;;10:00AM;11:15am;Los Andes;;No aplica;Deporte Escolar;ANA CASTRO;2125
50;Los Andes;Rural;I.E LOS ANDES - TIERRA DE HOMBRES- JUAN PABLO I;1705;RECREO DEPORTIVO;;;;;Viernes;;;10:00AM;11:15am;Los Andes;;No aplica;Deporte Escolar;ANA CASTRO;2126
50;Montebello;Rural;I.E MONTEBELLO - ANTONIO RICAURTE- ANDRES JOAQUIN LENNIS;1707;RECREO DEPORTIVO;;;Miercoles;;;;;11:10AM;12:50pm;Montebello;;No aplica;Deporte Escolar;DAVID HOLGUIN;2128
50;Montebello;Rural;I.E MONTEBELLO - ANTONIO RICAURTE- ANDRES JOAQUIN LENNIS;1708;RECREO DEPORTIVO;;;;;Viernes;;;11:10AM;12:50pm;Montebello;;No aplica;Deporte Escolar;DAVID HOLGUIN;2129
50;Montebello;Rural;I.E MONTEBELLO - ANTONIO RICAURTE- ANDRES JOAQUIN LENNIS;1709;RECREO DEPORTIVO;;;;;Viernes;;;8:50AM;11:10am;Montebello;;No aplica;Deporte Escolar;DAVID HOLGUIN;2130
50;Montebello;Rural;I.E MONTEBELLO - ANTONIO RICAURTE- ANDRES JOAQUIN LENNIS;1710;RECREO DEPORTIVO;;;Miercoles;;;;;8:50AM;11:10am;Montebello;;No aplica;Deporte Escolar;DAVID HOLGUIN;2131
50;Montebello;Rural;I.E MONTEBELLO - ANTONIO RICAURTE- ANDRES JOAQUIN LENNIS;1711;RECREO DEPORTIVO;;;Miercoles;;;;;7:45AM;8:50am;Montebello;;No aplica;Deporte Escolar;DAVID HOLGUIN;2132
50;Montebello;Rural;I.E MONTEBELLO - ANTONIO RICAURTE- ANDRES JOAQUIN LENNIS;1712;RECREO DEPORTIVO;;;;;Viernes;;;7:45AM;8:50am;Montebello;;No aplica;Deporte Escolar;DAVID HOLGUIN;2133
50;Montebello;Rural;I.E MONTEBELLO - ANTONIO RICAURTE- SAN PEDRO APOSTOL;1713;RECREO DEPORTIVO;;;;Jueves;;;;7:00AM;7:50am;Montebello;;No aplica;Deporte Escolar;DEIBY RODRIGUEZ;2134
50;Montebello;Rural;I.E MONTEBELLO - ANTONIO RICAURTE- SAN PEDRO APOSTOL;1714;RECREO DEPORTIVO;;;;Jueves;;;;7:55AM;8:45am;Montebello;;No aplica;Deporte Escolar;DEIBY RODRIGUEZ;2135
50;Montebello;Rural;I.E MONTEBELLO - ANTONIO RICAURTE- SAN PEDRO APOSTOL;1715;RECREO DEPORTIVO;;;;Jueves;;;;8:50AM;9:45am;Montebello;;No aplica;Deporte Escolar;DEIBY RODRIGUEZ;2136
50;Montebello;Rural;I.E MONTEBELLO - ANTONIO RICAURTE- SAN PEDRO APOSTOL;1716;RECREO DEPORTIVO;;;Miercoles;;;;;7:00AM;8:00am;Montebello;;No aplica;Deporte Escolar;DEIBY RODRIGUEZ;2137
50;Montebello;Rural;I.E MONTEBELLO - ANTONIO RICAURTE- SAN PEDRO APOSTOL;1717;RECREO DEPORTIVO;;;Miercoles;;;;;8:05AM;9:05am;Montebello;;No aplica;Deporte Escolar;DEIBY RODRIGUEZ;2138
50;Montebello;Rural;I.E MONTEBELLO - ANTONIO RICAURTE- SAN PEDRO APOSTOL;1718;RECREO DEPORTIVO;;Martes;;;;;;7:00AM;7:50am;Montebello;;No aplica;Deporte Escolar;DEIBY RODRIGUEZ;2139
50;Montebello;Rural;I.E MONTEBELLO - ANTONIO RICAURTE- SAN PEDRO APOSTOL;1719;RECREO DEPORTIVO;;Martes;;;;;;7:55AM;8:45am;Montebello;;No aplica;Deporte Escolar;DEIBY RODRIGUEZ;2140
50;Montebello;Rural;I.E MONTEBELLO - ANTONIO RICAURTE- SAN PEDRO APOSTOL;1720;RECREO DEPORTIVO;;Martes;;;;;;8:50AM;9:45am;Montebello;;No aplica;Deporte Escolar;DEIBY RODRIGUEZ;2141
50;Montebello;Rural;I.E MONTEBELLO - ANTONIO RICAURTE- SAN PEDRO APOSTOL;1721;RECREO DEPORTIVO;;Martes;;;;;;10:15AM;11:05am;Montebello;;No aplica;Deporte Escolar;DEIBY RODRIGUEZ;2142
50;Navarro;Rural;I.E  TECNICA DE BALLET CLASICO INCOLBALLET- I.E  TECNICA DE BALLET CLASICO INCOLBALLET;1787;RECREO DEPORTIVO;Lunes;;;;;;;7:00PM;8:00am;Navarro;;No aplica;Deporte Escolar;CARLOS PACHECO;2208
50;Navarro;Rural;I.E  TECNICA DE BALLET CLASICO INCOLBALLET- I.E  TECNICA DE BALLET CLASICO INCOLBALLET;1788;RECREO DEPORTIVO;Lunes;;;;;;;8:00AM;9:00am;Navarro;;No aplica;Deporte Escolar;CARLOS PACHECO;2209
50;Navarro;Rural;I.E  TECNICA DE BALLET CLASICO INCOLBALLET- I.E  TECNICA DE BALLET CLASICO INCOLBALLET;1789;RECREO DEPORTIVO;Lunes;;;;;;;9:00AM;10:00am;Navarro;;No aplica;Deporte Escolar;CARLOS PACHECO;2210
50;Navarro;Rural;I.E  TECNICA DE BALLET CLASICO INCOLBALLET- I.E  TECNICA DE BALLET CLASICO INCOLBALLET;1790;RECREO DEPORTIVO;Lunes;;;;;;;10:00AM;11:00am;Navarro;;No aplica;Deporte Escolar;CARLOS PACHECO;2211
50;Navarro;Rural;I.E  TECNICA DE BALLET CLASICO INCOLBALLET- I.E  TECNICA DE BALLET CLASICO INCOLBALLET;1791;RECREO DEPORTIVO;Lunes;;;;;;;11:00AM;12:00pm;Navarro;;No aplica;Deporte Escolar;CARLOS PACHECO;2212
50;Navarro;Rural;I.E  TECNICA DE BALLET CLASICO INCOLBALLET- I.E  TECNICA DE BALLET CLASICO INCOLBALLET;1792;RECREO DEPORTIVO;Lunes;;;;;;;1:00PM;2:00pm;Navarro;;No aplica;Deporte Escolar;CARLOS PACHECO;2213
50;Navarro;Rural;I.E  TECNICA DE BALLET CLASICO INCOLBALLET- I.E  TECNICA DE BALLET CLASICO INCOLBALLET;1793;RECREO DEPORTIVO;;;Miercoles;;;;;10:00AM;12:00pm;Navarro;;No aplica;Deporte Escolar;CARLOS PACHECO;2214
50;Navarro;Rural;I.E  TECNICA DE BALLET CLASICO INCOLBALLET- I.E  TECNICA DE BALLET CLASICO INCOLBALLET;1794;RECREO DEPORTIVO;;;;;Viernes;;;10:00AM;12:00am;Navarro;;No aplica;Deporte Escolar;CARLOS PACHECO;2215
50;El Hormiguero;Rural;I.E EL HORMIGUERO- ANTONIO VILLAVICENCIO;1795;RECREO DEPORTIVO;;Martes;;;;;;10:00AM;11:00am;El Hormiguero;;No aplica;Deporte Escolar;JUAN MARTINEZ;2216
50;El Hormiguero;Rural;I.E EL HORMIGUERO- ANTONIO VILLAVICENCIO;1796;RECREO DEPORTIVO;;Martes;;;;;;11:00AM;12:00pm;El Hormiguero;;No aplica;Deporte Escolar;JUAN MARTINEZ;2217
50;El Hormiguero;Rural;I.E EL HORMIGUERO- ANTONIO VILLAVICENCIO;1797;RECREO DEPORTIVO;;;Miercoles;;;;;10:00AM;11:00am;El Hormiguero;;No aplica;Deporte Escolar;JUAN MARTINEZ;2218
50;El Hormiguero;Rural;I.E EL HORMIGUERO- ANTONIO VILLAVICENCIO;1798;RECREO DEPORTIVO;;;Miercoles;;;;;11:00AM;12:00pm;El Hormiguero;;No aplica;Deporte Escolar;JUAN MARTINEZ;2219
50;El Hormiguero;Rural;I.E EL HORMIGUERO- ANTONIO VILLAVICENCIO;1799;RECREO DEPORTIVO;;;;Jueves;;;;9:00AM;10:00am;El Hormiguero;;No aplica;Deporte Escolar;JUAN MARTINEZ;2220
50;El Hormiguero;Rural;I.E EL HORMIGUERO- ANTONIO VILLAVICENCIO;1800;RECREO DEPORTIVO;;;;Jueves;;;;10:00AM;11:00am;El Hormiguero;;No aplica;Deporte Escolar;JUAN MARTINEZ;2221
50;El Hormiguero;Rural;I.E EL HORMIGUERO- ANTONIO VILLAVICENCIO;1801;RECREO DEPORTIVO;;;;Jueves;;;;11:00AM;12:00pm;El Hormiguero;;No aplica;Deporte Escolar;JUAN MARTINEZ;2222
50;Villacarmelo;Rural;I.E VILLACARMELO - CACIQUE CALARCA- NUESTRA SEÑORA DEL CARMEN;1815;RECREO DEPORTIVO;;Martes;;;;;;7:45AM;8:45am;Villacarmelo;;No aplica;Deporte Escolar;ALEXANDER VELASCO;2236
50;Villacarmelo;Rural;I.E VILLACARMELO - CACIQUE CALARCA- NUESTRA SEÑORA DEL CARMEN;1816;RECREO DEPORTIVO;;Martes;;;;;;9:45AM;10:45am;Villacarmelo;;No aplica;Deporte Escolar;ALEXANDER VELASCO;2237
50;Villacarmelo;Rural;I.E VILLACARMELO - CACIQUE CALARCA- NUESTRA SEÑORA DEL CARMEN;1817;RECREO DEPORTIVO;;Martes;;;;;;9:45AM;10:45am;Villacarmelo;;No aplica;Deporte Escolar;ALEXANDER VELASCO;2238
50;Villacarmelo;Rural;I.E VILLACARMELO - CACIQUE CALARCA- NUESTRA SEÑORA DEL CARMEN;1818;RECREO DEPORTIVO;;Martes;;;;;;10:45AM;11:45am;Villacarmelo;;No aplica;Deporte Escolar;ALEXANDER VELASCO;2239
50;Villacarmelo;Rural;I.E VILLACARMELO - CACIQUE CALARCA- NUESTRA SEÑORA DEL CARMEN;1819;RECREO DEPORTIVO;;Martes;;;;;;11:45AM;12:35am;Villacarmelo;;No aplica;Deporte Escolar;ALEXANDER VELASCO;2240
50;Villacarmelo;Rural;I.E VILLACARMELO - CACIQUE CALARCA- NUESTRA SEÑORA DEL CARMEN;1820;RECREO DEPORTIVO;;;;Jueves;;;;8:00AM;9:00am;Villacarmelo;;No aplica;Deporte Escolar;ALEXANDER VELASCO;2241
50;Villacarmelo;Rural;I.E VILLACARMELO - CACIQUE CALARCA- NUESTRA SEÑORA DEL CARMEN;1821;RECREO DEPORTIVO;;;;Jueves;;;;9:00AM;10:00am;Villacarmelo;;No aplica;Deporte Escolar;ALEXANDER VELASCO;2242
50;Villacarmelo;Rural;I.E VILLACARMELO - CACIQUE CALARCA- NUESTRA SEÑORA DEL CARMEN;1822;RECREO DEPORTIVO;;;;Jueves;;;;10:00AM;11:00am;Villacarmelo;;No aplica;Deporte Escolar;ALEXANDER VELASCO;2243
50;Villacarmelo;Rural;I.E VILLACARMELO - CACIQUE CALARCA- NUESTRA SEÑORA DEL CARMEN;1823;RECREO DEPORTIVO;;;;Jueves;;;;11:00AM;12:00pm;Villacarmelo;;No aplica;Deporte Escolar;ALEXANDER VELASCO;2244
50;Montebello;Rural;CANCHA MONTEBELLO;VIA GUACAS;SESIONES LUDICOPEDAGOGICAS;;;;;;Sabado;;5:00.pm;6:00.pm;Montebello;Montebello(Cabecera);No aplica;Poblacion y Etnias;liset lopez;PYE-INDIGENA- CTOMONTEBELLO- RESGUARDO KOFAN MONTEBELLO -LICET CORDOBA-G01
50;Villacarmelo;Rural;Resguardo Kofan;Vereda la Fonda;SESIONES LUDICOPEDAGOGICAS;Lunes;;;;;;;9:00.am;11:00.am;Villacarmelo;Villacarmelo (Cabecera);No aplica;Poblacion y Etnias;liset lopez;PYE-INDIGENA- CTOVILLACARMELO- RESGUARDO KOFAN  -LICET CORDOBA-G03
50;Pance;Rural;CASA FAMILIA CAMPO;Corregimiento  pance;SESIONES LUDICOPEDAGOGICAS;;;;Jueves;;;;5:30.pm;7:30.pm;Pance;La Vorágine;No aplica;Poblacion y Etnias;ELSY FLOR;PYE-INDIGENA-CTOPANCE- CASA FAMILIA CAMPO - ELSY FLOR-G04
50;Los Andes;Rural;CASA FAMILIA REALPE;VEREDA QUEBRADA HONDA - SECTOR PARAISO;SESIONES LUDICOPEDAGOGICAS;;;;;Viernes;;;4:00.pm;6:00.pm;Los Andes;;No aplica;Poblacion y Etnias;ELSY FLOR;PYE-INDIGENA-CTOPANCE- CASA FAMILIA REALPE - ELSY FLOR-G05
50;Pance;Rural;IE SANTO DOMINGO;PUEBLO PANCE CABECERA;SESIONES LUDICOPEDAGOGICAS;;Martes;;;;;;7:00.am;9:00.am;Pance;Pance (Cabecera);No aplica;Poblacion y Etnias;ELSY FLOR;PYE-INDÍGENA-CTOPANCE- SEDE SANTO DOMINGO - ELSY FLOR-G01
50;Pance;Rural;IE SANTO DOMINGO;PUEBLO PANCE CABECERA;SESIONES LUDICOPEDAGOGICAS;;Martes;;;;;;10:45.am;12:45.pm;Pance;Pance (Cabecera);No aplica;Poblacion y Etnias;ELSY FLOR;PYE-INDÍGENA-CTOPANCE- SEDE SANTO DOMINGO - ELSY FLOR-G02
50;Pance;Rural;IE SANTO DOMINGO;PUEBLO PANCE CABECERA;SESIONES LUDICOPEDAGOGICAS;;;Miercoles;;;;;7:00.am;9:00.am;Pance;Pance (Cabecera);No aplica;Poblacion y Etnias;ELSY FLOR;PYE-INDÍGENA-CTOPANCE- SEDE SANTO DOMINGO - ELSY FLOR-G03
50;Villacarmelo;Rural;Resguardo Kofan;Vereda la Fonda;SESIONES LUDICOPEDAGOGICAS;;;;;;;Domingo;5:00.pm;6:00.pm;Villacarmelo;Villacarmelo (Cabecera);No aplica;Poblacion y Etnias;liset lopez;PYE-INDIGENA-CTOVILLACARMELO- RESGUARDO KOFAN TEJIDO-LICET CORDOBA-G02
50;La Buitrera;Rural;hogares claret- la buitrera;Kilometro 3;SESIONES LUDICOPEDAGOGICAS;;;;;;Sabado;;9:00.am;10:00.am;La Buitrera;La Buitrera (Cabecera);No aplica;Poblacion y Etnias;SEBASTIAN MUÑOZ;PYE-T.D.E-HOGAR-SOCIOSANITARIO-LA-BUITRERA-SEBASTIAN MUÑOZ-G03
50;Montebello;Rural;CALI BIKE PARK PISTA RAICES;VIA MONTEBELLO;DOWNHILL MOUNTAIN BIKE;;;;;;Sabado;;8:00.am;11:00.am;;;No aplica;Vertigo;Golondrinas;VT- BIKE PARK-GOLONDRINAS-CARLOS LARGO-G02
50;Montebello;Rural;CALI BIKE PARK PISTA RAICES;VIA MONTEBELLO;DOWNHILL MOUNTAIN BIKE;;Martes;;;Viernes;;;3:30.pm-3:30.pm;5:00.pm-5:00.pm;;;No aplica;Vertigo;Golondrinas;VT-BIKE PARK-GOLONDRINAS-CARLOS LARGO-G01
18;Los Pinos;Rural;CIDES Parque los Pinos;K  96. 2B Oeste - 25;FUNCIONAL;;;Miercoles;;;;;7:00.am;8:00.am;;;No aplica;ActivaMente;JORGE PEREZ;ACT -C-18 - JORGE.P-G6-UN NUEVO AMANECER
14;Villa San Marcos;Rural;Cancha Multiple Polideportivo Villa San Marcos;Cra 26G2 # 96 - 99;FUNCIONAL;Lunes;Martes;;;;;;7:00.am-7:00.am;8:00.am-8:00.am;;;No aplica;ActivaMente;CARMEN GAMBOA;ACT-C-14-CARMEN G-G1-GRUPO LAS DINAMICAS
16;La Alborada;Rural;UNIDAD ALBORADA 1;DIAGONAL 58 #25-56;FUNCIONAL;;;;Jueves;;;;6:30.am;7:30.am;;;No aplica;ActivaMente;GUILLERMO SAAC;ACT-C-16-GUILLERMO S-G07- DESPETAR DE LA ALBORADA
14;Villa San Marcos;Rural;Cancha Multiple Polideportivo Villa San Marcos;Cra 26G2 # 96 - 99;FUNCIONAL;Lunes;;;;;;;6:50.am;7:50.am;;;No aplica;ActivaMente;CLARA PEDROZA;ACT-FUN-C14-CLARA P-G1-ESTRELLA DE SAN MARCOS
;;;;;;;;;;;;;;;;;;;;
;;;;;;;;;;;;;;;;;;;;
;;;;;;;;;;;;;;;;;;;;
;;;;;;;;;;;;;;;;;;;;
;;;;;;;;;;;;;;;;;;;;
;;;;;;;;;;;;;;;;;;;;
;;;;;;;;;;;;;;;;;;;;
;;;;;;;;;;;;;;;;;;;;
;;;;;;;;;;;;;;;;;;;;
;;;;;;;;;;;;;;;;;;;;
;;;;;;;;;;;;;;;;;;;;
;;;;;;;;;;;;;;;;;;;;
;;;;;;;;;;;;;;;;;;;;
;;;;;;;;;;;;;;;;;;;;
;;;;;;;;;;;;;;;;;;;;
;;;;;;;;;;;;;;;;;;;;
;;;;;;;;;;;;;;;;;;;;
;;;;;;;;;;;;;;;;;;;;
;;;;;;;;;;;;;;;;;;;;
;;;;;;;;;;;;;;;;;;;;
;;;;;;;;;;;;;;;;;;;;
;;;;;;;;;;;;;;;;;;;;
;;;;;;;;;;;;;;;;;;;;
;;;;;;;;;;;;;;;;;;;;
;;;;;;;;;;;;;;;;;;;;
;;;;;;;;;;;;;;;;;;;;
;;;;;;;;;;;;;;;;;;;;
;;;;;;;;;;;;;;;;;;;;
;;;;;;;;;;;;;;;;;;;;
;;;;;;;;;;;;;;;;;;;;
;;;;;;;;;;;;;;;;;;;;
;;;;;;;;;;;;;;;;;;;;
;;;;;;;;;;;;;;;;;;;;
;;;;;;;;;;;;;;;;;;;;
;;;;;;;;;;;;;;;;;;;;
;;;;;;;;;;;;;;;;;;;;
;;;;;;;;;;;;;;;;;;;;
;;;;;;;;;;;;;;;;;;;;
;;;;;;;;;;;;;;;;;;;;
;;;;;;;;;;;;;;;;;;;;
;;;;;;;;;;;;;;;;;;;;
;;;;;;;;;;;;;;;;;;;;
;;;;;;;;;;;;;;;;;;;;
;;;;;;;;;;;;;;;;;;;;
;;;;;;;;;;;;;;;;;;;;
;;;;;;;;;;;;;;;;;;;;
;;;;;;;;;;;;;;;;;;;;
;;;;;;;;;;;;;;;;;;;;
;;;;;;;;;;;;;;;;;;;;
;;;;;;;;;;;;;;;;;;;;
;;;;;;;;;;;;;;;;;;;;
;;;;;;;;;;;;;;;;;;;;
;;;;;;;;;;;;;;;;;;;;
;;;;;;;;;;;;;;;;;;;;
;;;;;;;;;;;;;;;;;;;;
;;;;;;;;;;;;;;;;;;;;
;;;;;;;;;;;;;;;;;;;;
;;;;;;;;;;;;;;;;;;;;
;;;;;;;;;;;;;;;;;;;;
;;;;;;;;;;;;;;;;;;;;
;;;;;;;;;;;;;;;;;;;;
;;;;;;;;;;;;;;;;;;;;
;;;;;;;;;;;;;;;;;;;;
;;;;;;;;;;;;;;;;;;;;
;;;;;;;;;;;;;;;;;;;;
;;;;;;;;;;;;;;;;;;;;
;;;;;;;;;;;;;;;;;;;;
;;;;;;;;;;;;;;;;;;;;
;;;;;;;;;;;;;;;;;;;;
;;;;;;;;;;;;;;;;;;;;
;;;;;;;;;;;;;;;;;;;;
;;;;;;;;;;;;;;;;;;;;
;;;;;;;;;;;;;;;;;;;;
;;;;;;;;;;;;;;;;;;;;
;;;;;;;;;;;;;;;;;;;;
;;;;;;;;;;;;;;;;;;;;
;;;;;;;;;;;;;;;;;;;;
;;;;;;;;;;;;;;;;;;;;
;;;;;;;;;;;;;;;;;;;;
;;;;;;;;;;;;;;;;;;;;
;;;;;;;;;;;;;;;;;;;;
;;;;;;;;;;;;;;;;;;;;
;;;;;;;;;;;;;;;;;;;;
;;;;;;;;;;;;;;;;;;;;
;;;;;;;;;;;;;;;;;;;;
;;;;;;;;;;;;;;;;;;;;
;;;;;;;;;;;;;;;;;;;;
;;;;;;;;;;;;;;;;;;;;
;;;;;;;;;;;;;;;;;;;;
;;;;;;;;;;;;;;;;;;;;
;;;;;;;;;;;;;;;;;;;;
;;;;;;;;;;;;;;;;;;;;
;;;;;;;;;;;;;;;;;;;;
;;;;;;;;;;;;;;;;;;;;
;;;;;;;;;;;;;;;;;;;;
;;;;;;;;;;;;;;;;;;;;
;;;;;;;;;;;;;;;;;;;;
;;;;;;;;;;;;;;;;;;;;
;;;;;;;;;;;;;;;;;;;;
;;;;;;;;;;;;;;;;;;;;
;;;;;;;;;;;;;;;;;;;;
;;;;;;;;;;;;;;;;;;;;
;;;;;;;;;;;;;;;;;;;;
;;;;;;;;;;;;;;;;;;;;
;;;;;;;;;;;;;;;;;;;;
;;;;;;;;;;;;;;;;;;;;
;;;;;;;;;;;;;;;;;;;;
;;;;;;;;;;;;;;;;;;;;
;;;;;;;;;;;;;;;;;;;;
;;;;;;;;;;;;;;;;;;;;
;;;;;;;;;;;;;;;;;;;;
;;;;;;;;;;;;;;;;;;;;
;;;;;;;;;;;;;;;;;;;;
;;;;;;;;;;;;;;;;;;;;
;;;;;;;;;;;;;;;;;;;;
;;;;;;;;;;;;;;;;;;;;
;;;;;;;;;;;;;;;;;;;;
;;;;;;;;;;;;;;;;;;;;
;;;;;;;;;;;;;;;;;;;;
;;;;;;;;;;;;;;;;;;;;
;;;;;;;;;;;;;;;;;;;;
;;;;;;;;;;;;;;;;;;;;
;;;;;;;;;;;;;;;;;;;;
;;;;;;;;;;;;;;;;;;;;
;;;;;;;;;;;;;;;;;;;;
;;;;;;;;;;;;;;;;;;;;
;;;;;;;;;;;;;;;;;;;;
;;;;;;;;;;;;;;;;;;;;
;;;;;;;;;;;;;;;;;;;;
;;;;;;;;;;;;;;;;;;;;
;;;;;;;;;;;;;;;;;;;;
;;;;;;;;;;;;;;;;;;;;
;;;;;;;;;;;;;;;;;;;;
;;;;;;;;;;;;;;;;;;;;
;;;;;;;;;;;;;;;;;;;;
;;;;;;;;;;;;;;;;;;;;
;;;;;;;;;;;;;;;;;;;;
;;;;;;;;;;;;;;;;;;;;
;;;;;;;;;;;;;;;;;;;;
;;;;;;;;;;;;;;;;;;;;
;;;;;;;;;;;;;;;;;;;;
;;;;;;;;;;;;;;;;;;;;
;;;;;;;;;;;;;;;;;;;;
;;;;;;;;;;;;;;;;;;;;
;;;;;;;;;;;;;;;;;;;;
;;;;;;;;;;;;;;;;;;;;
;;;;;;;;;;;;;;;;;;;;
;;;;;;;;;;;;;;;;;;;;
;;;;;;;;;;;;;;;;;;;;
;;;;;;;;;;;;;;;;;;;;
;;;;;;;;;;;;;;;;;;;;
;;;;;;;;;;;;;;;;;;;;
;;;;;;;;;;;;;;;;;;;;
;;;;;;;;;;;;;;;;;;;;
;;;;;;;;;;;;;;;;;;;;
;;;;;;;;;;;;;;;;;;;;
;;;;;;;;;;;;;;;;;;;;
;;;;;;;;;;;;;;;;;;;;
;;;;;;;;;;;;;;;;;;;;
;;;;;;;;;;;;;;;;;;;;
;;;;;;;;;;;;;;;;;;;;
;;;;;;;;;;;;;;;;;;;;
;;;;;;;;;;;;;;;;;;;;
;;;;;;;;;;;;;;;;;;;;
;;;;;;;;;;;;;;;;;;;;
;;;;;;;;;;;;;;;;;;;;
;;;;;;;;;;;;;;;;;;;;
;;;;;;;;;;;;;;;;;;;;
;;;;;;;;;;;;;;;;;;;;
;;;;;;;;;;;;;;;;;;;;
;;;;;;;;;;;;;;;;;;;;
;;;;;;;;;;;;;;;;;;;;
;;;;;;;;;;;;;;;;;;;;
;;;;;;;;;;;;;;;;;;;;
;;;;;;;;;;;;;;;;;;;;
;;;;;;;;;;;;;;;;;;;;
;;;;;;;;;;;;;;;;;;;;
;;;;;;;;;;;;;;;;;;;;
;;;;;;;;;;;;;;;;;;;;
;;;;;;;;;;;;;;;;;;;;
;;;;;;;;;;;;;;;;;;;;
;;;;;;;;;;;;;;;;;;;;
;;;;;;;;;;;;;;;;;;;;
;;;;;;;;;;;;;;;;;;;;
;;;;;;;;;;;;;;;;;;;;
;;;;;;;;;;;;;;;;;;;;
;;;;;;;;;;;;;;;;;;;;
;;;;;;;;;;;;;;;;;;;;
;;;;;;;;;;;;;;;;;;;;
;;;;;;;;;;;;;;;;;;;;
;;;;;;;;;;;;;;;;;;;;
;;;;;;;;;;;;;;;;;;;;
;;;;;;;;;;;;;;;;;;;;
;;;;;;;;;;;;;;;;;;;;
;;;;;;;;;;;;;;;;;;;;
;;;;;;;;;;;;;;;;;;;;
;;;;;;;;;;;;;;;;;;;;
;;;;;;;;;;;;;;;;;;;;
;;;;;;;;;;;;;;;;;;;;
;;;;;;;;;;;;;;;;;;; ;
;;;;;;;;;;;;;;;;;;; ;
;;;;;;;;;;;;;;;;;;; ;
;;;;;;;;;;;;;;;;;;; ;
;;;;;;;;;;;;;;;;;;; ;
;;;;;;;;;;;;;;;;;;; ;
;;;;;;;;;;;;;;;;;;; ;
;;;;;;;;;;;;;;;;;;; ;
;;;;;;;;;;;;;;;;;;; ;
;;;;;;;;;;;;;;;;;;; ;
;;;;;;;;;;;;;;;;;;; ;
;;;;;;;;;;;;;;;;;;; ;
;;;;;;;;;;;;;;;;;;; ;
;;;;;;;;;;;;;;;;;;; ;
;;;;;;;;;;;;;;;;;;; ;
;;;;;;;;;;;;;;;;;;; ;
;;;;;;;;;;;;;;;;;;; ;
;;;;;;;;;;;;;;;;;;; ;
;;;;;;;;;;;;;;;;;;; ;
;;;;;;;;;;;;;;;;;;; ;
;;;;;;;;;;;;;;;;;;; ;
;;;;;;;;;;;;;;;;;;; ;
;;;;;;;;;;;;;;;;;;; ;
;;;;;;;;;;;;;;;;;;; ;
;;;;;;;;;;;;;;;;;;; ;
;;;;;;;;;;;;;;;;;;; ;
;;;;;;;;;;;;;;;;;;; ;
;;;;;;;;;;;;;;;;;;; ;
;;;;;;;;;;;;;;;;;;; ;
;;;;;;;;;;;;;;;;;;; ;
;;;;;;;;;;;;;;;;;;; ;
;;;;;;;;;;;;;;;;;;; ;
;;;;;;;;;;;;;;;;;;; ;
;;;;;;;;;;;;;;;;;;; ;
;;;;;;;;;;;;;;;;;;; ;
;;;;;;;;;;;;;;;;;;; ;
;;;;;;;;;;;;;;;;;;; ;
;;;;;;;;;;;;;;;;;;; ;
;;;;;;;;;;;;;;;;;;; ;
;;;;;;;;;;;;;;;;;;; ;
;;;;;;;;;;;;;;;;;;; ;
;;;;;;;;;;;;;;;;;;; ;
;;;;;;;;;;;;;;;;;;; ;
;;;;;;;;;;;;;;;;;;; ;
;;;;;;;;;;;;;;;;;;; ;
;;;;;;;;;;;;;;;;;;; ;
;;;;;;;;;;;;;;;;;;; ;
;;;;;;;;;;;;;;;;;;; ;
;;;;;;;;;;;;;;;;;;; ;
;;;;;;;;;;;;;;;;;;; ;
;;;;;;;;;;;;;;;;;;; ;
;;;;;;;;;;;;;;;;;;; ;
;;;;;;;;;;;;;;;;;;; ;
;;;;;;;;;;;;;;;;;;; ;
;;;;;;;;;;;;;;;;;;; ;
;;;;;;;;;;;;;;;;;;; ;
;;;;;;;;;;;;;;;;;;; ;
;;;;;;;;;;;;;;;;;;; ;
;;;;;;;;;;;;;;;;;;; ;
;;;;;;;;;;;;;;;;;;; ;
;;;;;;;;;;;;;;;;;;; ;
;;;;;;;;;;;;;;;;;;; ;
;;;;;;;;;;;;;;;;;;; ;
;;;;;;;;;;;;;;;;;;; ;
;;;;;;;;;;;;;;;;;;; ;
;;;;;;;;;;;;;;;;;;; ;
;;;;;;;;;;;;;;;;;;; ;
;;;;;;;;;;;;;;;;;;; ;
;;;;;;;;;;;;;;;;;;; ;
;;;;;;;;;;;;;;;;;;; ;
;;;;;;;;;;;;;;;;;;; ;
;;;;;;;;;;;;;;;;;;; ;
;;;;;;;;;;;;;;;;;;; ;
;;;;;;;;;;;;;;;;;;; ;
;;;;;;;;;;;;;;;;;;; ;
;;;;;;;;;;;;;;;;;;; ;
;;;;;;;;;;;;;;;;;;; ;
;;;;;;;;;;;;;;;;;;; ;
;;;;;;;;;;;;;;;;;;; ;
;;;;;;;;;;;;;;;;;;; ;
;;;;;;;;;;;;;;;;;;; ;
;;;;;;;;;;;;;;;;;;; ;
;;;;;;;;;;;;;;;;;;; ;
;;;;;;;;;;;;;;;;;;; ;
;;;;;;;;;;;;;;;;;;; ;
;;;;;;;;;;;;;;;;;;; ;
;;;;;;;;;;;;;;;;;;; ;
;;;;;;;;;;;;;;;;;;; ;
;;;;;;;;;;;;;;;;;;; ;
;;;;;;;;;;;;;;;;;;; ;
;;;;;;;;;;;;;;;;;;; ;
;;;;;;;;;;;;;;;;;;; ;
;;;;;;;;;;;;;;;;;;; ;
;;;;;;;;;;;;;;;;;;; ;
;;;;;;;;;;;;;;;;;;; ;
;;;;;;;;;;;;;;;;;;; ;
;;;;;;;;;;;;;;;;;;; ;
;;;;;;;;;;;;;;;;;;; ;
;;;;;;;;;;;;;;;;;;; ;
;;;;;;;;;;;;;;;;;;; ;
;;;;;;;;;;;;;;;;;;; ;
;;;;;;;;;;;;;;;;;;; ;
;;;;;;;;;;;;;;;;;;; ;
;;;;;;;;;;;;;;;;;;; ;
;;;;;;;;;;;;;;;;;;; ;
;;;;;;;;;;;;;;;;;;; ;
;;;;;;;;;;;;;;;;;;; ;
;;;;;;;;;;;;;;;;;;; ;
;;;;;;;;;;;;;;;;;;; ;
;;;;;;;;;;;;;;;;;;; ;
;;;;;;;;;;;;;;;;;;; ;
;;;;;;;;;;;;;;;;;;; ;
;;;;;;;;;;;;;;;;;;; ;
;;;;;;;;;;;;;;;;;;; ;
;;;;;;;;;;;;;;;;;;; ;
;;;;;;;;;;;;;;;;;;; ;
;;;;;;;;;;;;;;;;;;; ;
;;;;;;;;;;;;;;;;;;; ;
;;;;;;;;;;;;;;;;;;; ;
;;;;;;;;;;;;;;;;;;; ;
;;;;;;;;;;;;;;;;;;; ;
;;;;;;;;;;;;;;;;;;; ;
;;;;;;;;;;;;;;;;;;; ;
;;;;;;;;;;;;;;;;;;; ;
;;;;;;;;;;;;;;;;;;; ;
;;;;;;;;;;;;;;;;;;; ;
;;;;;;;;;;;;;;;;;;; ;
;;;;;;;;;;;;;;;;;;; ;
;;;;;;;;;;;;;;;;;;; ;
;;;;;;;;;;;;;;;;;;; ;
;;;;;;;;;;;;;;;;;;; ;
;;;;;;;;;;;;;;;;;;; ;
;;;;;;;;;;;;;;;;;;; ;
;;;;;;;;;;;;;;;;;;; ;
;;;;;;;;;;;;;;;;;;; ;
;;;;;;;;;;;;;;;;;;; ;
;;;;;;;;;;;;;;;;;;; ;
;;;;;;;;;;;;;;;;;;; ;
;;;;;;;;;;;;;;;;;;; ;
;;;;;;;;;;;;;;;;;;; ;
;;;;;;;;;;;;;;;;;;; ;
;;;;;;;;;;;;;;;;;;; ;
;;;;;;;;;;;;;;;;;;; ;
;;;;;;;;;;;;;;;;;;; ;
;;;;;;;;;;;;;;;;;;; ;
;;;;;;;;;;;;;;;;;;; ;
;;;;;;;;;;;;;;;;;;; ;
;;;;;;;;;;;;;;;;;;; ;
;;;;;;;;;;;;;;;;;;; ;
;;;;;;;;;;;;;;;;;;; ;
;;;;;;;;;;;;;;;;;;; ;
;;;;;;;;;;;;;;;;;;; ;
;;;;;;;;;;;;;;;;;;; ;
;;;;;;;;;;;;;;;;;;; ;
;;;;;;;;;;;;;;;;;;; ;
;;;;;;;;;;;;;;;;;;; ;
;;;;;;;;;;;;;;;;;;; ;
;;;;;;;;;;;;;;;;;;; ;
;;;;;;;;;;;;;;;;;;; ;
;;;;;;;;;;;;;;;;;;; ;
;;;;;;;;;;;;;;;;;;; ;
;;;;;;;;;;;;;;;;;;; ;
;;;;;;;;;;;;;;;;;;; ;
;;;;;;;;;;;;;;;;;;; ;
;;;;;;;;;;;;;;;;;;; ;
;;;;;;;;;;;;;;;;;;; ;
;;;;;;;;;;;;;;;;;;; ;
;;;;;;;;;;;;;;;;;;; ;
;;;;;;;;;;;;;;;;;;; ;
;;;;;;;;;;;;;;;;;;; ;
;;;;;;;;;;;;;;;;;;; ;
;;;;;;;;;;;;;;;;;;; ;
;;;;;;;;;;;;;;;;;;; ;
;;;;;;;;;;;;;;;;;;; ;
;;;;;;;;;;;;;;;;;;; ;
;;;;;;;;;;;;;;;;;;; ;
;;;;;;;;;;;;;;;;;;; ;
;;;;;;;;;;;;;;;;;;; ;
;;;;;;;;;;;;;;;;;;; ;
;;;;;;;;;;;;;;;;;;; ;
;;;;;;;;;;;;;;;;;;; ;
;;;;;;;;;;;;;;;;;;; ;
;;;;;;;;;;;;;;;;;;; ;
;;;;;;;;;;;;;;;;;;; ;
;;;;;;;;;;;;;;;;;;; ;
;;;;;;;;;;;;;;;;;;; ;
;;;;;;;;;;;;;;;;;;; ;
;;;;;;;;;;;;;;;;;;; ;
;;;;;;;;;;;;;;;;;;; ;
;;;;;;;;;;;;;;;;;;; ;
;;;;;;;;;;;;;;;;;;; ;
;;;;;;;;;;;;;;;;;;; ;
;;;;;;;;;;;;;;;;;;; ;
;;;;;;;;;;;;;;;;;;; ;
;;;;;;;;;;;;;;;;;;; ;
;;;;;;;;;;;;;;;;;;; ;
;;;;;;;;;;;;;;;;;;; ;
;;;;;;;;;;;;;;;;;;; ;
;;;;;;;;;;;;;;;;;;; ;
;;;;;;;;;;;;;;;;;;; ;
;;;;;;;;;;;;;;;;;;; ;
;;;;;;;;;;;;;;;;;;; ;
;;;;;;;;;;;;;;;;;;; ;
;;;;;;;;;;;;;;;;;;; ;
;;;;;;;;;;;;;;;;;;; ;
;;;;;;;;;;;;;;;;;;; ;
;;;;;;;;;;;;;;;;;;; ;
;;;;;;;;;;;;;;;;;;; ;
;;;;;;;;;;;;;;;;;;; ;
;;;;;;;;;;;;;;;;;;; ;
;;;;;;;;;;;;;;;;;;; ;
;;;;;;;;;;;;;;;;;;; ;
;;;;;;;;;;;;;;;;;;; ;
;;;;;;;;;;;;;;;;;;; ;
;;;;;;;;;;;;;;;;;;; ;
;;;;;;;;;;;;;;;;;;; ;
;;;;;;;;;;;;;;;;;;; ;
;;;;;;;;;;;;;;;;;;; ;
;;;;;;;;;;;;;;;;;;; ;
;;;;;;;;;;;;;;;;;;; ;
;;;;;;;;;;;;;;;;;;; ;
;;;;;;;;;;;;;;;;;;; ;
;;;;;;;;;;;;;;;;;;; ;
;;;;;;;;;;;;;;;;;;; ;
;;;;;;;;;;;;;;;;;;; ;
;;;;;;;;;;;;;;;;;;; ;
;;;;;;;;;;;;;;;;;;; ;
;;;;;;;;;;;;;;;;;;; ;
;;;;;;;;;;;;;;;;;;; ;
;;;;;;;;;;;;;;;;;;; ;
;;;;;;;;;;;;;;;;;;; ;
;;;;;;;;;;;;;;;;;;; ;
;;;;;;;;;;;;;;;;;;; ;
;;;;;;;;;;;;;;;;;;; ;
;;;;;;;;;;;;;;;;;;; ;
;;;;;;;;;;;;;;;;;;; ;
;;;;;;;;;;;;;;;;;;; ;
;;;;;;;;;;;;;;;;;;; ;
;;;;;;;;;;;;;;;;;;; ;
;;;;;;;;;;;;;;;;;;; ;
;;;;;;;;;;;;;;;;;;; ;
;;;;;;;;;;;;;;;;;;; ;
;;;;;;;;;;;;;;;;;;; ;
;;;;;;;;;;;;;;;;;;; ;
;;;;;;;;;;;;;;;;;;; ;
;;;;;;;;;;;;;;;;;;; ;
;;;;;;;;;;;;;;;;;;; ;
;;;;;;;;;;;;;;;;;;; ;
;;;;;;;;;;;;;;;;;;; ;
;;;;;;;;;;;;;;;;;;; ;
;;;;;;;;;;;;;;;;;;; ;
;;;;;;;;;;;;;;;;;;; ;
;;;;;;;;;;;;;;;;;;; ;
;;;;;;;;;;;;;;;;;;; ;
;;;;;;;;;;;;;;;;;;; ;
;;;;;;;;;;;;;;;;;;; ;
;;;;;;;;;;;;;;;;;;; ;
;;;;;;;;;;;;;;;;;;; ;
;;;;;;;;;;;;;;;;;;; ;
;;;;;;;;;;;;;;;;;;; ;
;;;;;;;;;;;;;;;;;;; ;
;;;;;;;;;;;;;;;;;;; ;
;;;;;;;;;;;;;;;;;;; ;
;;;;;;;;;;;;;;;;;;; ;
;;;;;;;;;;;;;;;;;;; ;
;;;;;;;;;;;;;;;;;;; ;
;;;;;;;;;;;;;;;;;;; ;
;;;;;;;;;;;;;;;;;;; ;
;;;;;;;;;;;;;;;;;;; ;
;;;;;;;;;;;;;;;;;;; ;
;;;;;;;;;;;;;;;;;;; ;
;;;;;;;;;;;;;;;;;;; ;
;;;;;;;;;;;;;;;;;;; ;
;;;;;;;;;;;;;;;;;;; ;
;;;;;;;;;;;;;;;;;;; ;
;;;;;;;;;;;;;;;;;;; ;
;;;;;;;;;;;;;;;;;;; ;
;;;;;;;;;;;;;;;;;;; ;
;;;;;;;;;;;;;;;;;;; ;
;;;;;;;;;;;;;;;;;;; ;
;;;;;;;;;;;;;;;;;;; ;
;;;;;;;;;;;;;;;;;;; ;
;;;;;;;;;;;;;;;;;;; ;
;;;;;;;;;;;;;;;;;;; ;
;;;;;;;;;;;;;;;;;;; ;
;;;;;;;;;;;;;;;;;;; ;
;;;;;;;;;;;;;;;;;;; ;
